0.036218779 -0.061440862 0.997452997 -0.018695376 -0.998432348 -0.044850366 0.033491618 0.038568615 0.042678383 -0.997102722 -0.062968944 0.340343114
0.034700221 -0.050729647 0.998109906 -0.021572429 -0.997923039 -0.055990663 0.031848003 -0.031004636 0.054269184 -0.997141970 -0.052567182 0.312971156
0.036618771 -0.053318519 0.997906022 -0.026984892 -0.997992424 -0.053593888 0.033758375 -0.036769509 0.051681777 -0.997138033 -0.055173981 0.319226321
0.035338236 -0.043953225 0.998408825 -0.028602742 -0.998249022 -0.048981314 0.033176256 -0.033371039 0.047445198 -0.997832616 -0.045607155 0.306956276
0.033611507 -0.053746118 0.997988467 -0.030880737 -0.997979022 -0.055679950 0.030612571 -0.035036093 0.053922625 -0.997000642 -0.055509019 0.319353288
0.038912499 -0.050797549 0.997950161 -0.023116334 -0.998005619 -0.051656110 0.036285233 -0.036393281 0.049707046 -0.997372648 -0.052706192 0.307643253
0.042219420 -0.047207719 0.997992468 -0.026373287 -0.998038798 -0.048202887 0.039941238 -0.036803189 0.046220674 -0.997721033 -0.049150232 0.310549151
0.044308438 -0.044152903 0.998041929 -0.024279651 -0.997888039 -0.049453986 0.042113803 -0.037607027 0.047497652 -0.997800028 -0.046250900 0.309829021
0.051247866 -0.046800060 0.997588828 -0.026076004 -0.997771406 -0.045139459 0.049139651 -0.046346692 0.042730921 -0.997883583 -0.049009077 0.311712506
0.047971421 -0.042683497 0.997936426 0.016701941 -0.997642616 -0.051128012 0.045770468 -0.042152313 0.049068807 -0.997779106 -0.045035588 0.311571333
0.063901027 -0.043643503 0.997001439 0.293556361 -0.996849424 -0.049820938 0.061710380 -0.043152283 0.046978313 -0.997803852 -0.046689641 0.299415036
0.075515770 -0.029772286 0.996700047 0.538654223 -0.995990621 -0.050317227 0.073959005 -0.052976357 0.047949264 -0.998289470 -0.033452667 0.280472352
0.084952690 -0.045255748 0.995356483 0.773993017 -0.995150227 -0.053576710 0.082499057 -0.064480152 0.049594431 -0.997537382 -0.049587743 0.274621200
0.080116238 -0.055765896 0.995224339 0.940098601 -0.995258692 -0.059712988 0.076773008 -0.056056726 0.055146512 -0.996656781 -0.060285410 0.281789754
0.079892691 -0.053375664 0.995373480 1.174738100 -0.995472025 -0.055862360 0.076905079 -0.049731089 0.051499000 -0.997011010 -0.057596970 0.263867024
0.081722504 -0.041752730 0.995780358 1.400737504 -0.995105535 -0.059107050 0.079188895 -0.055441999 0.055551244 -0.997377932 -0.046378774 0.241494042
0.073629975 -0.046860339 0.996184300 1.576694574 -0.996004673 -0.054058852 0.071073866 -0.060903322 0.050521941 -0.997437863 -0.050653478 0.245188196
-0.061833291 -0.050704548 0.996797236 1.647415890 -0.996404397 -0.054823132 -0.064597597 -0.071907917 0.057922883 -0.997207904 -0.047132254 0.249415655
-0.205668410 -0.046731146 0.977505704 1.721646616 -0.976503888 -0.055883514 -0.208129424 -0.123103156 0.064352591 -0.997343007 -0.034139680 0.236235089
-0.383458393 -0.048852501 0.922265610 1.785847170 -0.921169512 -0.051540558 -0.385732146 -0.142112676 0.066378098 -0.997475562 -0.025237852 0.239682439
-0.530789611 -0.051985773 0.845908048 1.854070409 -0.844921800 -0.045392834 -0.532960178 -0.187064168 0.066104422 -0.997615592 -0.019829888 0.242897040
-0.657617518 -0.049703015 0.751710483 1.886287166 -0.750282973 -0.046759981 -0.659460716 -0.284325577 0.067927120 -0.997668459 -0.006541152 0.248740304
-0.765616203 -0.049948495 0.641354796 1.947784150 -0.639904574 -0.043127986 -0.767243204 -0.328410645 0.065983004 -0.997820069 0.001057229 0.251708045
-0.862009457 -0.044182990 0.504963428 1.956450346 -0.503398577 -0.042152277 -0.863025300 -0.412228268 0.059416374 -0.998134043 0.014093987 0.248180686
-0.929077059 -0.048322390 0.366716599 1.978655542 -0.365387777 -0.034253566 -0.930224507 -0.494501063 0.057512049 -0.998244023 0.014167755 0.263854322
-0.953013486 -0.044992217 0.299569856 2.018137234 -0.297837258 -0.041394511 -0.953718915 -0.607788079 0.055310494 -0.998129141 0.026049154 0.258678085
-0.949836284 -0.048121124 0.309022468 2.058597135 -0.307634636 -0.034149782 -0.950891158 -0.774658031 0.056310974 -0.998257991 0.017632938 0.272128428
-0.958389965 -0.050751104 0.280912554 2.118049182 -0.279178243 -0.038671985 -0.959460494 -0.909271265 0.059557086 -0.997962473 0.022894263 0.264828712
-0.959904897 -0.044142967 0.276827824 2.124490723 -0.275518891 -0.033518005 -0.960710820 -1.029344238 0.051687341 -0.998462837 0.020011873 0.277885269
-0.976935498 -0.048766787 0.207892923 2.179419307 -0.206401533 -0.033902803 -0.977879665 -1.130270279 0.054736312 -0.998234158 0.023055296 0.293040857
-0.980984653 -0.042718101 0.189327454 2.178684324 -0.187555597 -0.042290167 -0.981343123 -1.276847742 0.049927850 -0.998191591 0.033474027 0.285346659
-0.989705380 -0.044888628 0.135898605 2.197714133 -0.134096008 -0.041010375 -0.990119888 -1.380751760 0.050018364 -0.998150255 0.034568828 0.287505012
-0.994041745 -0.041665881 0.100724887 2.208056157 -0.099383283 -0.033112113 -0.994498576 -1.500730813 0.044771850 -0.998583227 0.028773918 0.308189138
-0.996404690 -0.043427753 0.072747116 2.225664660 -0.070948733 -0.041609262 -0.996612164 -1.603799511 0.046307553 -0.998190059 0.038378516 0.304149765
-0.999081079 -0.042716056 -0.003489476 2.204363073 0.004705727 -0.028404015 -0.999585311 -1.701319704 0.042599241 -0.998683110 0.028578932 0.325636024
-0.987104544 -0.042325908 -0.154379753 2.181574382 0.155927943 -0.036079348 -0.987109793 -1.755065620 0.036210374 -0.998452137 0.042213875 0.305891917
-0.956158559 -0.036433180 -0.290573424 2.142678944 0.291881650 -0.037985110 -0.955700215 -1.821963718 0.023781706 -0.998613712 0.046953978 0.306586134
-0.957229305 -0.039378049 -0.286639461 2.088503831 0.287911752 -0.031619345 -0.957134368 -1.924757566 0.028626769 -0.998723777 0.041604360 0.327783487
-0.949341595 -0.040226402 -0.311661196 2.060903529 0.313255721 -0.042415532 -0.948721028 -2.069848263 0.024944355 -0.998289722 0.052867949 0.315928983
-0.951352913 -0.039197308 -0.305600398 2.026157286 0.306710924 -0.026262439 -0.951440191 -2.161760965 0.029268092 -0.998886157 0.037007069 0.338781855
-0.957110043 -0.037141373 -0.287332851 1.983357868 0.288319711 -0.024613182 -0.957217232 -2.272580839 0.028480211 -0.999006788 0.034266132 0.349814596
-0.959818932 -0.030477728 -0.278959364 1.940352250 0.279968332 -0.036310136 -0.959322745 -2.352537162 0.019108882 -0.998875961 0.043383956 0.344988878
-0.957179759 -0.036644939 -0.287166601 1.916026604 0.288207649 -0.027171882 -0.957182762 -2.467897266 0.027273049 -0.998958790 0.036569741 0.352280178
-0.952845004 -0.034521576 -0.301487812 1.882456573 0.302677840 -0.036911262 -0.952378352 -2.557355507 0.021749298 -0.998721642 0.045619638 0.346867083
-0.960177925 -0.033048513 -0.277429458 1.841530616 0.278637244 -0.040403066 -0.959545704 -2.660070070 0.020502621 -0.998636334 0.048002684 0.355406910
-0.959164141 -0.038456671 -0.280224001 1.808523406 0.281446843 -0.031179473 -0.959070296 -2.768811671 0.028145405 -0.998773858 0.040729729 0.365075965
-0.960324631 -0.030635112 -0.277197517 1.784673024 0.278415371 -0.047602264 -0.959280395 -2.852463974 0.016192448 -0.998396514 0.054242843 0.366418806
-0.969224786 -0.032361183 -0.244040443 1.776181561 0.245207624 -0.039027813 -0.968685239 -2.922456888 0.021823407 -0.998714089 0.045761944 0.369797461
-0.987233969 -0.038805466 -0.154474606 1.775483902 0.155919580 -0.037456700 -0.987059188 -2.993672012 0.032517154 -0.998544906 0.043029051 0.368176846
-0.999191271 -0.037123645 0.015468219 1.757761415 -0.013356065 -0.056483300 -0.998313950 -3.049807262 0.037934784 -0.997712699 0.055941824 0.375586752
-0.988133454 -0.039170085 0.148520541 1.805924732 -0.147372013 -0.030756254 -0.988602992 -3.109672103 0.043291610 -0.998759022 0.024618714 0.372794648
-0.954672515 -0.039820554 0.294981126 1.824642930 -0.293195304 -0.045144220 -0.954986690 -3.164035512 0.051344747 -0.998186831 0.031422761 0.375628997
-0.897711524 -0.042251147 0.438552970 1.858044852 -0.437827469 -0.025623103 -0.898693800 -3.214646670 0.049207935 -0.998778832 0.004503450 0.383978854
-0.810656259 -0.040501844 0.584120320 1.893055196 -0.583108322 -0.034658009 -0.811655022 -3.260145960 0.053117996 -0.998577734 0.004478767 0.373961029
-0.718377425 -0.042405182 0.694359775 1.940414863 -0.693705719 -0.030985006 -0.719591942 -3.312581689 0.052029181 -0.998620316 -0.007157763 0.374413457
-0.597802226 -0.048284123 0.800188183 1.994761930 -0.799075764 -0.043942267 -0.599622367 -3.331222048 0.064114239 -0.997866831 -0.012313878 0.378399871
-0.477008197 -0.050202312 0.877463956 2.051358771 -0.876945721 -0.039325475 -0.478976576 -3.349402885 0.058552399 -0.997964741 -0.025266191 0.379874331
-0.327051916 -0.052352002 0.943555109 2.106667390 -0.942660523 -0.052244205 -0.329639982 -3.356566553 0.066552629 -0.997260677 -0.032263583 0.381316481
-0.186461195 -0.056077206 0.980860118 2.171219337 -0.980779635 -0.047774718 -0.189177425 -3.362526874 0.057468782 -0.997282964 -0.046091285 0.388131080
-0.037372791 -0.054061147 0.997838392 2.235074564 -0.997796770 -0.052760529 -0.040229670 -3.357160703 0.054821361 -0.997143070 -0.051970261 0.375766464
0.123117701 -0.055122240 0.990860372 2.291703254 -0.991604382 -0.046605176 0.120617567 -3.357088734 0.039530456 -0.997391456 -0.060397414 0.382618770
0.262906844 -0.046802834 0.963685841 2.352481204 -0.964287784 -0.045964964 0.260838683 -3.312360376 0.032087838 -0.997846344 -0.057215892 0.368110170
0.413946621 -0.060154575 0.908311579 2.398415763 -0.910167100 -0.044479643 0.411846888 -3.299258676 0.015626889 -0.997197581 -0.073162988 0.376746903
0.550209751 -0.047272127 0.833686884 2.440805032 -0.834925943 -0.046630332 0.548382995 -3.233649292 0.012951844 -0.997793364 -0.065125174 0.368329771
0.669412321 -0.058976251 0.740546996 2.494813782 -0.742878787 -0.047400155 0.667745522 -3.221173402 -0.004279117 -0.997133119 -0.075542452 0.368881915
0.767828003 -0.057616143 0.638059518 2.516041731 -0.640592823 -0.055114336 0.765900000 -3.153563893 -0.008961953 -0.996816784 -0.079226757 0.371207722
0.863912503 -0.046034000 0.501532954 2.553257242 -0.503423056 -0.049616649 0.862614287 -3.097303024 -0.014825175 -0.997707075 -0.066039042 0.355671696
0.935603076 -0.041480792 0.350606825 2.566321721 -0.352450091 -0.051732401 0.934400059 -3.033870789 -0.020621872 -0.997798871 -0.063020950 0.353712614
0.985546025 -0.038556422 0.164963301 2.580961902 -0.166993565 -0.057273634 0.984292911 -2.949207965 -0.028502805 -0.997613991 -0.062884453 0.354266815
0.998834917 -0.044821176 -0.017871221 2.567227509 0.015293108 -0.057218946 0.998244581 -2.868804210 -0.045765076 -0.997354617 -0.056466885 0.358259938
0.988241769 -0.037139099 -0.148318235 2.548315688 0.145889214 -0.061287210 0.987400483 -2.783157618 -0.045761212 -0.997428946 -0.055148430 0.354032832
0.981598939 -0.037943437 -0.187148905 2.550772899 0.184850825 -0.057043309 0.981109421 -2.611833628 -0.047902261 -0.997650679 -0.048979705 0.344045947
0.948326549 -0.035174584 -0.315339258 2.533273319 0.313520031 -0.048967452 0.948318057 -2.538998776 -0.048798018 -0.998181083 -0.035409146 0.333360175
0.895624407 -0.033431969 -0.443553533 2.484418736 0.441888281 -0.047248850 0.895824741 -2.471446134 -0.050906520 -0.998323991 -0.027543941 0.330979028
0.887564515 -0.035658972 -0.459302251 2.388460665 0.457176188 -0.054628471 0.887696968 -2.284341498 -0.056745362 -0.997869335 -0.032183805 0.327131499
0.902997390 -0.036276832 -0.428111462 2.303076614 0.426582898 -0.043078231 0.903421931 -2.143609944 -0.051215603 -0.998412469 -0.023424460 0.322642659
0.959453905 -0.030419444 -0.280218678 2.307186476 0.278046563 -0.060954940 0.958631894 -2.060295641 -0.046241770 -0.997676873 -0.050025451 0.326001083
0.990985461 -0.036069284 -0.129023207 2.316732409 0.126390152 -0.067641640 0.989671978 -1.977996850 -0.044424099 -0.997057451 -0.062473136 0.341020304
0.998014427 -0.038268596 -0.050022225 2.344399363 0.047712253 -0.059062190 0.997113297 -1.844346811 -0.041112555 -0.997520323 -0.057119086 0.325471412
0.998087925 -0.040190625 -0.046969225 2.346451725 0.044136856 -0.068675223 0.996662210 -1.696323795 -0.043282105 -0.996829421 -0.066770033 0.328880358
0.997542617 -0.038773166 -0.058348416 2.333859446 0.055922769 -0.060947056 0.996573462 -1.544710817 -0.042196454 -0.997387362 -0.058629022 0.305457429
0.995811855 -0.040256900 -0.082088753 2.348416298 0.079570330 -0.060612687 0.994984499 -1.392041001 -0.045030625 -0.997349329 -0.057155527 0.291189932
0.993414571 -0.043065266 -0.106177594 2.339578549 0.102819817 -0.073857164 0.991954176 -1.243579273 -0.050560758 -0.996338488 -0.068942763 0.298637548
0.994449578 -0.037568901 -0.098283043 2.328889368 0.095545866 -0.068782215 0.993045667 -1.105273235 -0.044067779 -0.996924083 -0.064810893 0.289818627
0.994357885 -0.039171834 -0.098583981 2.341334379 0.095898753 -0.065358042 0.993243337 -0.947916703 -0.045350429 -0.997092406 -0.061232781 0.276624927
0.992721411 -0.036062105 -0.114903642 2.354396699 0.112587164 -0.060770228 0.991781606 -0.795187127 -0.042748420 -0.997500422 -0.056267867 0.253907342
0.989602015 -0.042059844 -0.137545529 2.348774305 0.134748544 -0.063348464 0.988852439 -0.650148265 -0.050304277 -0.997104852 -0.057022219 0.246555163
0.991546955 -0.040215939 -0.123356364 2.335569092 0.120722277 -0.062414333 0.990722636 -0.500851341 -0.047542015 -0.997239819 -0.057031860 0.248511066
0.989970515 -0.036620441 -0.136448848 2.347182514 0.133962926 -0.063417886 0.988955327 -0.360545593 -0.044869279 -0.997315241 -0.057876019 0.230451965
0.991394429 -0.038255300 -0.125191095 2.330386864 0.122633263 -0.063160932 0.990439860 -0.222206369 -0.045796743 -0.997269992 -0.057925988 0.219140478
0.988964757 -0.036296445 -0.143635641 2.319890385 0.141146110 -0.063767181 0.987932957 -0.098634513 -0.045017723 -0.997304538 -0.057940361 0.211785346
0.989873985 -0.042640828 -0.135391712 2.326621658 0.132488758 -0.064813693 0.989063625 0.021306286 -0.050949680 -0.996986257 -0.058508009 0.205924755
0.987650387 -0.035315706 -0.152641636 2.327731108 0.149995986 -0.068276787 0.986326821 0.138893159 -0.045254705 -0.997041081 -0.062136382 0.199029163
0.964969109 -0.035990507 -0.259882232 2.327944698 0.257671938 -0.056441710 0.964582799 0.151380354 -0.049383941 -0.997757258 -0.045190816 0.186917339
0.912330503 -0.037944793 -0.407693361 2.310252581 0.405607456 -0.052433226 0.912542514 0.175973832 -0.056002902 -0.997903628 -0.032445702 0.190080243
0.843200945 -0.032444659 -0.536618526 2.276497435 0.534225097 -0.061088345 0.843132077 0.149960281 -0.060136261 -0.997605377 -0.034177046 0.208973400
0.746766791 -0.034944300 -0.664166463 2.280946693 0.661641336 -0.062463397 0.747214292 0.139412619 -0.067596969 -0.997435439 -0.023524996 0.200882525
0.711261350 -0.032541979 -0.702174429 2.180992366 0.700027575 -0.057852426 0.711768326 0.235217097 -0.063784894 -0.997794163 -0.018367899 0.194338928
0.640813206 -0.037144858 -0.766797621 2.099290764 0.764866281 -0.054806629 0.641853200 0.324591605 -0.065867161 -0.997805992 -0.006709966 0.197042566
0.499198272 -0.025086861 -0.866124573 2.019901884 0.864135480 -0.059193098 0.499765916 0.327350175 -0.063806189 -0.997931117 -0.007870582 0.217286644
0.341390318 -0.020400251 -0.939699983 1.940844752 0.937841057 -0.059087869 0.341998344 0.341003711 -0.062501667 -0.998044213 -0.001039889 0.221500438
0.218738673 -0.036647840 -0.975094711 1.850160543 0.974278009 -0.047293963 0.220332202 0.358968020 -0.054190862 -0.998208850 0.025360137 0.205447783
0.263350578 -0.025986479 -0.964349868 1.721929190 0.962814830 -0.055379957 0.264423855 0.378525978 -0.060277060 -0.998127574 0.010435778 0.218335994
0.206067582 -0.026140937 -0.978188415 1.583738163 0.976175672 -0.063927700 0.207351696 0.413231954 -0.067953750 -0.997611923 0.012344708 0.208268350
0.055296547 -0.028564763 -0.998060860 1.523061668 0.996694398 -0.058014782 0.056881186 0.413207845 -0.059527165 -0.997906763 0.025262252 0.204455543
-0.079865049 -0.030504905 -0.996338890 1.489261193 0.995235362 -0.058521349 -0.077984884 0.403531464 -0.055928107 -0.997819698 0.035033388 0.208312890
-0.175506833 -0.029950367 -0.984022438 1.423932377 0.983506461 -0.049734107 -0.173901465 0.381441111 -0.043731062 -0.998313140 0.038185068 0.213495891
-0.189265691 -0.017202081 -0.981775145 1.266484291 0.980793924 -0.051318241 -0.188176737 0.367115620 -0.047145903 -0.998534254 0.026584499 0.229658229
-0.198308231 -0.037637475 -0.979416499 1.119229607 0.979265159 -0.049817694 -0.196362938 0.334032237 -0.041401685 -0.998049177 0.046736289 0.223214713
-0.227338878 -0.028033299 -0.973411883 1.020675538 0.972694089 -0.054495500 -0.225601665 0.343393567 -0.046722234 -0.998120501 0.039656767 0.225888275
-0.228416657 -0.021540726 -0.973325271 0.882706878 0.972297124 -0.056023116 -0.226935579 0.315874066 -0.049640288 -0.998196785 0.033740685 0.242839279
-0.209574613 -0.018739798 -0.977612696 0.740939615 0.976549470 -0.054405715 -0.208303468 0.293663379 -0.049284108 -0.998342836 0.029702426 0.252750061
-0.071106603 -0.028470883 -0.997062652 0.655538033 0.996519701 -0.045616697 -0.069765383 0.311224413 -0.043496379 -0.998552945 0.031615475 0.244921198
0.037372416 -0.031583820 -0.998802589 0.576198399 0.998117880 -0.047460062 0.038847531 0.337554101 -0.048630201 -0.998373820 0.029750669 0.233794224
0.027927108 -0.022461688 -0.999357903 0.435837415 0.997636068 -0.062169046 0.029276326 0.356048495 -0.062786726 -0.997812984 0.020672345 0.257074418
0.014031247 -0.026582079 -0.999548088 0.310876354 0.998392977 -0.054523957 0.015465132 0.377824289 -0.054910440 -0.998158962 0.025774220 0.251375194
-0.072720082 -0.027777369 -0.996965698 0.181369480 0.995813928 -0.057515279 -0.071033613 0.372190677 -0.055367637 -0.997957623 0.031843649 0.250277988
-0.199697824 -0.029375432 -0.979417498 0.130223434 0.978978244 -0.048320965 -0.198159438 0.336455477 -0.041505380 -0.998399819 0.038407526 0.250209278
-0.358856265 -0.034567932 -0.932752413 0.074213652 0.932660323 -0.052857860 -0.356862215 0.334868887 -0.036967266 -0.998004042 0.051208495 0.254804088
-0.476601555 -0.028269819 -0.878665372 0.038915396 0.878603636 -0.049562869 -0.474973018 0.281783573 -0.030121734 -0.998370676 0.048459691 0.259467045
-0.580901589 -0.023927174 -0.813622145 -0.008484717 0.813562156 -0.048860691 -0.579421568 0.257607791 -0.025890232 -0.998518570 0.047849519 0.266959124
-0.705906660 -0.030307314 -0.707656202 -0.035473241 0.708170208 -0.049672450 -0.704292500 0.219701370 -0.013805739 -0.998305473 0.056526853 0.264088221
-0.792249513 -0.027469380 -0.609578006 -0.064400154 0.610168430 -0.045308359 -0.790974907 0.155211337 -0.005891434 -0.998594914 0.052656527 0.287173947
-0.868928480 -0.046950008 -0.492706254 -0.089181016 0.494443962 -0.037882900 -0.868383464 0.097212835 0.022105493 -0.998178555 0.056131688 0.287321962
-0.931692504 -0.032288346 -0.361809974 -0.085002164 0.362885267 -0.038234326 -0.931049008 0.066689339 0.016228472 -0.998746981 0.047339607 0.302575012
-0.974786303 -0.042136463 -0.219128363 -0.079637850 0.220881081 -0.042742853 -0.974363758 0.000451259 0.031690069 -0.998197462 0.050972277 0.292362818
-0.998136502 -0.033351960 -0.051092682 -0.088764616 0.052273807 -0.035559005 -0.997999269 -0.061857269 0.031468422 -0.998811067 0.037236170 0.320286516
-0.995037954 -0.036736073 0.092465749 -0.063638801 -0.090961435 -0.040707017 -0.995021874 -0.101406922 0.040317194 -0.998496003 0.037163445 0.307676571
-0.968860983 -0.039774379 0.244389312 -0.057434603 -0.243084548 -0.034954098 -0.969375670 -0.118076908 0.047098719 -0.998597128 0.024197163 0.324971612
-0.925808189 -0.040447710 0.375823601 -0.018335954 -0.373979027 -0.046513715 -0.926270240 -0.121546932 0.054946474 -0.998098539 0.027936230 0.314909623
-0.850737983 -0.043553263 0.523782208 -0.007941758 -0.522211234 -0.042773090 -0.851742994 -0.199879941 0.059499989 -0.998135428 0.013644721 0.323884447
-0.741615352 -0.045425331 0.669285321 0.060862609 -0.667981282 -0.041763656 -0.743005278 -0.232744245 0.061703050 -0.998093923 0.000629311 0.324970101
-0.613980843 -0.051171315 0.787660662 0.118232356 -0.786864793 -0.038985199 -0.615892749 -0.275732543 0.062223176 -0.997928517 -0.016328771 0.332147636
-0.501155242 -0.043757261 0.864250159 0.185258342 -0.862494238 -0.055916730 -0.502968366 -0.288676053 0.070334520 -0.997476472 -0.009717400 0.316517292
-0.356778900 -0.054326451 0.932608076 0.231677518 -0.931840452 -0.050047921 -0.359400765 -0.316277639 0.066200110 -0.997267837 -0.032767554 0.322121574
-0.203049490 -0.045761167 0.978098916 0.291578267 -0.977003768 -0.056922510 -0.205485889 -0.324940249 0.065079058 -0.997329126 -0.033150720 0.308892940
-0.041908523 -0.049678535 0.997885703 0.345414712 -0.997317278 -0.057919115 -0.044768031 -0.324496339 0.060020665 -0.997084018 -0.047117889 0.318743768
0.093623051 -0.053068727 0.994191957 0.403787026 -0.994345078 -0.055266491 0.090687330 -0.318288665 0.050132873 -0.997060601 -0.057942715 0.315611135
0.189303421 -0.043666958 0.980947523 0.507340729 -0.980647719 -0.059218301 0.186608897 -0.289970377 0.049941373 -0.997289346 -0.054032070 0.305255004
0.172271411 -0.045639385 0.983991876 0.676083909 -0.983751086 -0.059233395 0.169482797 -0.265949051 0.050550076 -0.997200580 -0.055102090 0.293647543
0.169393725 -0.056187904 0.983945054 0.886943228 -0.984124090 -0.063310108 0.165808309 -0.248604984 0.052977325 -0.996410716 -0.066020174 0.293938221
0.165223780 -0.056595028 0.984631384 1.083869614 -0.984934064 -0.061137445 0.161760489 -0.235275209 0.051042888 -0.996523999 -0.065843695 0.294651369
0.168621600 -0.057297716 0.984013825 1.278378584 -0.984201476 -0.064462351 0.164900005 -0.194369995 0.053983434 -0.996273834 -0.067262314 0.277732346
0.160435535 -0.053256887 0.985608190 1.463374955 -0.985460762 -0.065215687 0.156888101 -0.164512587 0.055921823 -0.996449259 -0.062945492 0.268053949
0.174171040 -0.041395713 0.983844873 1.649098431 -0.983403128 -0.058871251 0.171616625 -0.152515509 0.050816000 -0.997407027 -0.050962384 0.240492718
0.181431174 -0.048112665 0.982226252 1.842363513 -0.982006960 -0.062079937 0.178350406 -0.138067630 0.052395693 -0.996910997 -0.058510313 0.232120689
0.170614133 -0.044257315 0.984343272 2.039113844 -0.984147988 -0.056729627 0.168029715 -0.095588934 0.048404956 -0.997408639 -0.053234572 0.218759253
0.181803794 -0.049124280 0.982107125 2.223466164 -0.982292086 -0.055047215 0.179084695 -0.078923736 0.045264855 -0.997274136 -0.058262273 0.209370518
0.191554019 -0.046343267 0.980387770 2.458884904 -0.980211168 -0.059854262 0.188690563 -0.058056685 0.049935788 -0.997131045 -0.056891528 0.196307871
0.188120585 -0.046439255 0.981047279 2.654805974 -0.980729849 -0.062508291 0.185100466 -0.029059791 0.052727670 -0.996963307 -0.057303415 0.180826102
0.184267572 -0.051564461 0.981522043 2.822048593 -0.981695605 -0.058575405 0.181223699 -0.018565064 0.048148433 -0.996950231 -0.061414236 0.175099604
0.196925273 -0.047505998 0.979267057 3.035582574 -0.979428311 -0.054407295 0.194319161 0.017166085 0.044047999 -0.997388181 -0.057242921 0.167984754
0.201614108 -0.038211097 0.978719261 3.196619352 -0.978208944 -0.058452913 0.199226920 0.027637624 0.049596352 -0.997558817 -0.049163340 0.143384278
0.195170541 -0.051018221 0.979441519 3.342852900 -0.979861598 -0.053108890 0.192487700 0.052932506 0.042196703 -0.997284217 -0.060356010 0.154657475
0.192290749 -0.044835416 0.980312855 3.472415469 -0.980298590 -0.054743010 0.189783361 0.077695047 0.045156308 -0.997493491 -0.054478649 0.138161657
0.202347328 -0.047140239 0.978178717 3.711534849 -0.978597182 -0.047932044 0.200124530 0.107619538 0.037452180 -0.997737185 -0.055830270 0.124025204
0.109045605 -0.047556020 0.992898491 3.879471456 -0.992875931 -0.053460391 0.106482681 0.109561585 0.048016812 -0.997437259 -0.053046883 0.116951388
-0.030940793 -0.048879361 0.998325245 3.946414476 -0.997654198 -0.059507974 -0.033833581 0.103879332 0.061062051 -0.997030201 -0.046923491 0.115000211
-0.213775692 -0.047106330 0.975746208 4.015313995 -0.975312225 -0.046325042 -0.215916864 0.047700707 0.055372529 -0.997815358 -0.036040214 0.108845320
-0.348968999 -0.044673949 0.936069169 4.059297907 -0.935192909 -0.047660622 -0.350917189 -0.011924540 0.060290531 -0.997863921 -0.025146681 0.111002915
-0.481314560 -0.044686592 0.875408000 4.107479752 -0.873938963 -0.052529190 -0.483187934 -0.111184165 0.067576485 -0.997619280 -0.013770298 0.119148696
-0.500862022 -0.049785500 0.864094183 4.278529338 -0.862546968 -0.054071662 -0.503080015 -0.241847216 0.071769169 -0.997294789 -0.015859860 0.118527504
-0.473681122 -0.045367314 0.879526686 4.396295241 -0.878639196 -0.043882871 -0.475466207 -0.325139143 0.060166885 -0.998006054 -0.019074959 0.114905510
-0.327050496 -0.048195000 0.943777045 4.489000845 -0.942957674 -0.049095291 -0.329272997 -0.366757700 0.062204332 -0.997631090 -0.029389184 0.107856609
-0.269473883 -0.050459136 0.961684714 4.622140516 -0.961348976 -0.044485257 -0.271713675 -0.414880908 0.056491184 -0.997734608 -0.036521312 0.120542017
-0.288289543 -0.055215610 0.955949662 4.776038447 -0.955496634 -0.048657851 -0.290963143 -0.474297506 0.062580169 -0.997287900 -0.038730696 0.106583938
-0.283384660 -0.053760821 0.957498415 4.972796062 -0.957291552 -0.043832572 -0.285784542 -0.519215860 0.057333707 -0.997591213 -0.039043267 0.106734069
-0.148531147 -0.046181787 0.987828454 5.057286614 -0.987209695 -0.051587055 -0.150849676 -0.542313161 0.057925731 -0.997600040 -0.037928820 0.087491513
-0.008366540 -0.033122632 0.999416408 5.124394949 -0.998710263 -0.049780447 -0.010010441 -0.527088030 0.050083034 -0.998210637 -0.032663423 0.080668732
0.145013025 -0.039422846 0.988643720 5.172075438 -0.988592494 -0.046875623 0.143135562 -0.498507437 0.040700459 -0.998122194 -0.045770672 0.085801348
0.277249293 -0.045683762 0.959711134 5.216907984 -0.960247551 -0.046993679 0.275167037 -0.449346790 0.032529731 -0.997849491 -0.056896716 0.095263241
0.399093314 -0.041675121 0.915962586 5.274854362 -0.916270078 -0.055447409 0.396704081 -0.386911402 0.034255015 -0.997591806 -0.060314299 0.083645125
0.401560732 -0.038326587 0.915030354 5.422818755 -0.915264230 -0.051981600 0.399486036 -0.306340777 0.032253727 -0.997912359 -0.055952714 0.063519083
0.374336432 -0.058181231 0.925466236 5.550255297 -0.926923377 -0.051638517 0.371679753 -0.262741963 0.026164882 -0.996969277 -0.073259778 0.079838373
0.368243001 -0.047815626 0.928499290 5.694508433 -0.929331042 -0.048154561 0.366093907 -0.196603933 0.027206501 -0.997694357 -0.062169255 0.058896494
0.359533442 -0.041799574 0.932195933 5.854824133 -0.932625431 -0.049009649 0.357501594 -0.144683993 0.030743218 -0.997922919 -0.056603999 0.051839643
0.391503874 -0.042948383 0.919173248 5.994135005 -0.919472441 -0.057332825 0.388952374 -0.083198281 0.035993925 -0.997430494 -0.061935889 0.050933239
0.487174788 -0.036208279 0.872554166 6.053405936 -0.872755269 -0.055619799 0.484979280 -0.025566892 0.030971050 -0.997794978 -0.058697611 0.029807194
0.588932865 -0.039135775 0.807234426 6.113640885 -0.807980054 -0.050844127 0.587011642 0.013481087 0.018069916 -0.997939497 -0.061564727 0.034834466
0.673761461 -0.027969770 0.738420279 6.161600460 -0.738189326 -0.070790301 0.670868961 0.071035415 0.033508912 -0.997098711 -0.068342770 0.024203566
0.789155148 -0.028668063 0.613524504 6.219997211 -0.614056228 -0.057971375 0.787130556 0.155282381 0.013001361 -0.997906197 -0.063352166 0.008578867
0.860615113 -0.033125845 0.508177473 6.189241512 -0.509255285 -0.056712212 0.858744564 0.188621383 0.000373170 -0.997841000 -0.065676863 0.025675203
0.921016811 -0.028931361 0.388447448 6.176585111 -0.389522733 -0.070560513 0.918309815 0.191891829 0.000841155 -0.997088309 -0.076256800 0.022745558
0.953949379 -0.034660994 0.297958683 6.168822949 -0.299518813 -0.055713862 0.952462137 0.197134482 -0.016412900 -0.997845042 -0.063529778 0.017555569
0.981561500 -0.026949671 0.189235881 6.147726204 -0.190644136 -0.066355073 0.979413769 0.209368622 -0.013838108 -0.997432166 -0.070269376 0.027136700
0.993560523 -0.043116362 0.104775684 6.146129691 -0.106716853 -0.045502975 0.993247509 0.205192327 -0.038057619 -0.998033685 -0.049811234 0.026647534
0.999359089 -0.031003424 0.017916509 6.130923665 -0.019755129 -0.060052953 0.998000130 0.189177855 -0.029865500 -0.997713164 -0.060626924 0.026317311
0.994954436 -0.043336754 -0.090481156 6.130238981 0.088142409 -0.053141090 0.994689265 0.203266309 -0.047914852 -0.997646425 -0.049053180 0.024798013
0.972350774 -0.043481645 -0.229441444 6.110917731 0.226596429 -0.061877869 0.972021127 0.200930488 -0.056462392 -0.997136172 -0.050314132 0.029353655
0.922016978 -0.044973350 -0.384529100 6.101215279 0.381703848 -0.060422080 0.922307277 0.156238054 -0.064713313 -0.997159350 -0.038543587 0.030854104
0.870816117 -0.041329348 -0.489868895 6.113146087 0.486889340 -0.065231098 0.871024182 0.151768610 -0.067953480 -0.997014087 -0.036681460 0.029610177
0.796255793 -0.035579482 -0.603912375 6.111787218 0.600874018 -0.069305812 0.796333829 0.153264578 -0.070187835 -0.996960408 -0.033806417 0.046248701
0.701953727 -0.037381742 -0.711240653 6.079371403 0.708973945 -0.058604191 0.702796177 0.168635697 -0.067953472 -0.997580674 -0.014634715 0.047311779
0.606339805 -0.038854030 -0.794255407 6.061309212 0.792875709 -0.046861386 0.607578970 0.174594357 -0.060826883 -0.998145353 0.002392446 0.027462071
0.501185020 -0.036473431 -0.864571048 6.048803643 0.862197525 -0.064019468 0.502510048 0.119171899 -0.073677678 -0.997281791 -0.000638347 0.046963737
0.351261826 -0.034091534 -0.935656160 6.052013283 0.934367455 -0.051034730 0.352637449 0.122620921 -0.059772901 -0.998114951 0.013927513 0.041769732
0.206553080 -0.037171596 -0.977729246 6.027428229 0.977244089 -0.041459742 0.208026393 0.109353972 -0.048269086 -0.998448557 0.027762104 0.033048874
0.099043527 -0.037565399 -0.994373895 5.967771146 0.993939465 -0.044169069 0.100668948 0.113865508 -0.047702231 -0.998317765 0.032963051 0.049024043
0.126769612 -0.034023769 -0.991348791 5.680406844 0.990596942 -0.047488312 0.128303179 0.141843473 -0.051442777 -0.998291827 0.027683811 0.043598710
-0.002618038 -0.034674431 -0.999395229 5.534238418 0.998691818 -0.051133058 -0.000842135 0.106850607 -0.051072984 -0.998089595 0.034762930 0.058192938
-0.093736836 -0.031465375 -0.995099475 5.413148749 0.994699516 -0.045383024 -0.092264143 0.114404662 -0.042257478 -0.998474097 0.035552645 0.084761875
-0.074596696 -0.033880221 -0.996638177 5.153542201 0.996092842 -0.049913747 -0.072859120 0.088215183 -0.047277501 -0.998178509 0.037471248 0.089434361
-0.060888949 -0.026509779 -0.997792462 4.901960400 0.996986620 -0.049743581 -0.059518163 0.080423302 -0.048055977 -0.998410098 0.029458688 0.113980844
-0.039116404 -0.043336140 -0.998294003 4.581125025 0.998405410 -0.042388008 -0.037280660 0.096182126 -0.040700161 -0.998160905 0.044925092 0.114635387
-0.026915728 -0.035072745 -0.999022458 4.319604921 0.998409406 -0.050468704 -0.025127416 0.066405216 -0.049538161 -0.998109433 0.036375377 0.128589264
-0.030565188 -0.029923417 -0.999084875 3.928808779 0.998675571 -0.042311640 -0.029285383 0.041331804 -0.041396586 -0.998656156 0.031177043 0.151792748
-0.036142687 -0.027277187 -0.998974203 3.428873138 0.998228866 -0.048253633 -0.034798131 0.027799240 -0.047254966 -0.998462999 0.028972918 0.171242499
-0.008314540 -0.028688815 -0.999553356 3.008229662 0.998759593 -0.049306955 -0.006892684 0.012972283 -0.049087166 -0.998371795 0.029063169 0.178130299
0.008893082 -0.033720698 -0.999391997 2.564735180 0.998529631 -0.053152817 0.010678867 0.022130013 -0.053480662 -0.998017029 0.033198415 0.197332099
0.109524817 -0.026093138 -0.993641448 2.348144415 0.992143326 -0.057931641 0.110880800 0.030924870 -0.060456510 -0.997979687 0.019543164 0.212703149
0.248494691 -0.030548629 -0.968150942 2.196627216 0.966117549 -0.064170698 0.249997002 0.092588872 -0.069764133 -0.997471070 0.013567525 0.219510001
0.292596270 -0.029088914 -0.955793251 1.886820695 0.953684273 -0.064103058 0.293901113 0.185393055 -0.069818524 -0.997518904 0.008985304 0.222192120
0.288869112 -0.027651182 -0.956968817 1.586131822 0.954650455 -0.066957535 0.290103377 0.258707583 -0.072097991 -0.997372315 0.007055262 0.223274187
0.270041830 -0.039364524 -0.962043281 1.269081573 0.960298352 -0.061656155 0.272074856 0.333671792 -0.070026029 -0.997321332 0.021151944 0.225451884
0.166066660 -0.019750182 -0.985916455 1.054072914 0.983946882 -0.062931214 0.166995067 0.357395057 -0.065343188 -0.997822259 0.008982315 0.240861403
0.024995932 -0.028953606 -0.999267746 0.891263650 0.997512025 -0.065185130 0.026840743 0.340753062 -0.065914619 -0.997452784 0.027252249 0.236325705
-0.104847529 -0.038899873 -0.993727002 0.742533073 0.993200339 -0.054936714 -0.102641399 0.337059417 -0.050599343 -0.997731897 0.044395326 0.241095405
-0.258455747 -0.029742162 -0.965565339 0.631828166 0.964842278 -0.057349309 -0.256495588 0.303595963 -0.047745721 -0.997910922 0.043518757 0.254724110
-0.371548625 -0.029276334 -0.927951655 0.510871033 0.927426893 -0.057768738 -0.369515201 0.246945217 -0.042788542 -0.997900409 0.048615529 0.260844752
-0.514244150 -0.030911077 -0.857087178 0.403788964 0.857250563 -0.048794700 -0.512582677 0.183751654 -0.025976777 -0.998330230 0.051590923 0.265309781
-0.625169345 -0.024021244 -0.780119665 0.297205974 0.780195255 -0.046658720 -0.623793411 0.141457467 -0.021415081 -0.998621699 0.047910919 0.283303706
-0.716639314 -0.022507618 -0.697080501 0.207055224 0.697327324 -0.041388835 -0.715556105 0.036759566 -0.012745897 -0.998889261 0.045356064 0.297045632
-0.797703070 -0.028252729 -0.602387869 0.134070020 0.603046868 -0.040790293 -0.796662653 -0.074354741 -0.002063715 -0.998768051 0.049576281 0.303211821
-0.877463263 -0.026617248 -0.478904782 0.148380241 0.479634300 -0.042487264 -0.876439613 -0.137587178 0.002981016 -0.998742728 0.050047573 0.307162125
-0.939912429 -0.030255103 -0.340072046 0.176255141 0.341159955 -0.044754207 -0.938938896 -0.147151886 0.013188054 -0.998540180 0.052386819 0.306691414
-0.980063469 -0.037547807 -0.195106459 0.195580188 0.196735307 -0.046101128 -0.979371979 -0.139278319 0.027778652 -0.998231271 0.052569005 0.305774133
-0.997909810 -0.033531328 -0.055234081 0.211619125 0.056545879 -0.039522937 -0.997617025 -0.137310095 0.031268418 -0.998655769 0.041336391 0.314865493
-0.996899093 -0.040630809 0.067383494 0.249148999 -0.065655969 -0.042451062 -0.996939270 -0.144598080 0.043366916 -0.998272163 0.039651831 0.312860928
-0.975627070 -0.041545536 0.215468547 0.270677211 -0.213992357 -0.037234289 -0.976125607 -0.171431390 0.048576466 -0.998442370 0.027436327 0.310718296
-0.934286895 -0.043846645 0.353814124 0.334760394 -0.352492322 -0.035156975 -0.935154308 -0.283099544 0.053442383 -0.998419283 0.017391115 0.331071286
-0.883768959 -0.043730058 0.465874799 0.400641897 -0.464831444 -0.032211006 -0.884813510 -0.411491376 0.053699223 -0.998523955 0.008140016 0.329772106
-0.797508591 -0.047111004 0.601466099 0.491298394 -0.600114722 -0.040495118 -0.798888660 -0.522513646 0.061992839 -0.998068732 0.004023197 0.325413644
-0.700789142 -0.050135086 0.711604350 0.593396717 -0.710224229 -0.044514317 -0.702566516 -0.623972127 0.066899803 -0.997750060 -0.004411984 0.321758795
-0.582439694 -0.050456807 0.811306589 0.711786314 -0.810215621 -0.044616359 -0.584431279 -0.713950756 0.065686067 -0.997729547 -0.014894578 0.315408919
-0.498693548 -0.049020841 0.865391274 0.946452710 -0.863976557 -0.052099433 -0.500829847 -0.886345077 0.069637481 -0.997438438 -0.016371221 0.321563155
-0.523550182 -0.046926795 0.850701626 1.215115338 -0.849207397 -0.051959408 -0.525497367 -1.085966398 0.068861806 -0.997545810 -0.012647201 0.308256676
-0.629270886 -0.057527208 0.775054031 1.391001850 -0.774071070 -0.042802884 -0.631649896 -1.256142430 0.069511586 -0.997425994 -0.017595552 0.321598590
-0.730685544 -0.053727031 0.680597396 1.479659136 -0.679164876 -0.044316359 -0.732646064 -1.382789684 0.069524479 -0.997572189 -0.004108281 0.313904427
-0.824797724 -0.047762658 0.563406695 1.562519717 -0.562473596 -0.032413492 -0.826179456 -1.548703082 0.057722510 -0.998332617 -0.000130660 0.328555225
-0.902740867 -0.043908571 0.427938834 1.609432721 -0.426762041 -0.033844497 -0.903730188 -1.685730457 0.054164894 -0.998462453 0.011814282 0.334268243
-0.955245540 -0.045191099 0.292342419 1.652846748 -0.291077445 -0.032549771 -0.956145130 -1.837186940 0.052724951 -0.998447467 0.017938888 0.337430794
-0.990906774 -0.044739595 0.126896053 1.676951545 -0.125234611 -0.038175481 -0.991392375 -1.994846283 0.049198838 -0.998268670 0.032225393 0.335625057
-0.998921596 -0.044889465 0.011876205 1.675161486 -0.010238127 -0.036546576 -0.999279523 -2.127535367 0.045291148 -0.998323503 0.036047560 0.331870597
-0.992765242 -0.040798102 -0.112925978 1.637078538 0.114518619 -0.039068882 -0.992652202 -2.213158472 0.036086453 -0.998402833 0.043458380 0.344001832
-0.968940591 -0.037303116 -0.244462769 1.610785133 0.245948024 -0.042425503 -0.968353908 -2.296318829 0.025751164 -0.998402968 0.050282435 0.349075118
-0.929714031 -0.036949624 -0.366423050 1.560571906 0.367755027 -0.039983691 -0.929062468 -2.385024776 0.019677565 -0.998516748 0.050761844 0.347558390
-0.879684249 -0.047851988 -0.473145309 1.521778371 0.474667883 -0.027492291 -0.879735864 -2.444350808 0.029089244 -0.998475911 0.046898366 0.362459552
-0.861955091 -0.036369248 -0.505678742 1.420072981 0.506877974 -0.041285015 -0.861028887 -2.539161653 0.010437993 -0.998485706 0.054020547 0.359082615
-0.914325437 -0.039867290 -0.403013842 1.382850403 0.404480266 -0.040403124 -0.913653672 -2.628230994 0.020141881 -0.998388127 0.053067075 0.360944471
-0.965730602 -0.036726028 -0.256936084 1.379144423 0.258397269 -0.042960589 -0.965082658 -2.731072100 0.024405575 -0.998401051 0.050978233 0.367133660
-0.974501184 -0.039668956 -0.220849025 1.348539277 0.222757338 -0.052734073 -0.973446685 -2.875946869 0.026969337 -0.997820301 0.060225929 0.372297436
-0.971693760 -0.050749320 -0.230729016 1.258401176 0.232568448 -0.033862686 -0.971990389 -3.037689775 0.041514825 -0.998136741 0.044706861 0.383073992
-0.974805744 -0.043047810 -0.218862267 1.255272603 0.220187020 -0.028862605 -0.975030730 -3.174660932 0.035655999 -0.998655939 0.037614029 0.402959469
-0.954037238 -0.040278117 -0.296968203 1.192748530 0.298071997 -0.024797076 -0.954221073 -3.323063452 0.031070289 -0.998880263 0.035663144 0.395049297
-0.915321988 -0.045104789 -0.400188573 1.139532948 0.401932239 -0.040095392 -0.914790885 -3.375192964 0.025215742 -0.998176964 0.054829229 0.384616469
-0.861818596 -0.045126218 -0.505205583 1.107225336 0.506760451 -0.034353611 -0.861402331 -3.436354981 0.021516191 -0.998390865 0.052474738 0.403768944
-0.792723755 -0.034064268 -0.608628185 1.044396777 0.609536880 -0.032348144 -0.792096862 -3.514999132 0.007294213 -0.998896493 0.046406545 0.402696519
-0.706247772 -0.047456502 -0.706372099 0.955852674 0.707837641 -0.028450001 -0.705802313 -3.547240347 0.013398599 -0.998467709 0.053684287 0.413021380
-0.605849442 -0.035886892 -0.794769167 0.869644039 0.795576711 -0.029605234 -0.605128543 -3.602203375 -0.001813142 -0.998917732 0.046487076 0.425101643
-0.487055471 -0.053178162 -0.871750314 0.766423737 0.873289567 -0.043280311 -0.485276093 -3.641331196 -0.011923571 -0.997646943 0.067519873 0.418985161
-0.377884786 -0.029944538 -0.925367742 0.690313746 0.925224224 -0.049026671 -0.376239940 -3.656743788 -0.034101472 -0.998348762 0.046231853 0.437406193
-0.220953662 -0.035373231 -0.974642743 0.596039936 0.974589427 -0.045720320 -0.219282160 -3.657034056 -0.036804242 -0.998327308 0.044576477 0.440807819
-0.163899860 -0.032518614 -0.985941241 0.440306157 0.985764781 -0.043365782 -0.162440279 -3.673112631 -0.037473760 -0.998529771 0.039163361 0.445971027
-0.144844123 -0.046242774 -0.988372986 0.276772949 0.988906731 -0.039991348 -0.143051959 -3.704690208 -0.032911264 -0.998129820 0.051522305 0.445123249
-0.132247510 -0.032684006 -0.990677665 0.107015466 0.990512818 -0.042025628 -0.130838927 -3.688073379 -0.037357509 -0.998581883 0.037931687 0.456586744
-0.131129774 -0.028300999 -0.990961352 -0.105876484 0.990694006 -0.040523567 -0.129937126 -3.717583390 -0.036479961 -0.998777652 0.033351483 0.467816565
-0.129026276 -0.038503992 -0.990893313 -0.253406865 0.991171041 -0.035781107 -0.127672025 -3.713088219 -0.030539386 -0.998617439 0.042780741 0.454794309
-0.120388255 -0.048325470 -0.991549888 -0.327318098 0.992295685 -0.035304758 -0.118758080 -3.734771528 -0.029267399 -0.998207641 0.052203380 0.460098718
-0.055379881 -0.051772948 -0.997121758 -0.324537255 0.997577100 -0.044978410 -0.053069754 -3.738722210 -0.042101415 -0.997645838 0.054138307 0.465384660
0.055669213 -0.023027806 -0.998183967 -0.310756291 0.997659255 -0.038468298 0.056527438 -3.734991059 -0.039700103 -0.998994860 0.020832391 0.484717491
0.159656343 -0.031396833 -0.986673368 -0.301711313 0.985751341 -0.048536912 0.161051959 -3.697783790 -0.052946578 -0.998327859 0.023200260 0.483293146
0.283512030 -0.027623865 -0.958570608 -0.301990165 0.957355801 -0.049790291 0.284588165 -3.688315459 -0.055588952 -0.998377118 0.012329679 0.468391774
0.406118861 -0.022049179 -0.913553767 -0.341056286 0.912918267 -0.034614568 0.406672518 -3.712439397 -0.040589079 -0.999157148 0.006071490 0.476215068
0.529057119 -0.025276522 -0.848209850 -0.334019066 0.846958848 -0.046140380 0.529652242 -3.685514878 -0.052524478 -0.998615226 -0.003002723 0.475281613
0.630861480 -0.014434980 -0.775761798 -0.276471717 0.774473740 -0.048797486 0.630721885 -3.680566237 -0.046959728 -0.998704594 -0.019604931 0.480517606
0.721672521 -0.018864568 -0.691977579 -0.273669360 0.690503917 -0.051028488 0.721526565 -3.671830220 -0.048921877 -0.998519026 -0.023799804 0.486892832
0.825673585 -0.019458018 -0.563811466 -0.271129259 0.562218418 -0.054206740 0.825210190 -3.651768122 -0.046619372 -0.998339745 -0.033817459 0.489750406
0.890099408 -0.029552394 -0.454807092 -0.238972924 0.452972743 -0.052946615 0.889950370 -3.632972553 -0.050380675 -0.998159597 -0.033741364 0.486482459
0.944797256 -0.022184764 -0.326904126 -0.219303344 0.325501531 -0.050675047 0.944182866 -3.653279741 -0.037512392 -0.998468583 -0.040656500 0.486338729
0.983757576 -0.023399846 -0.177969292 -0.188700402 0.176317573 -0.059906162 0.982509108 -3.640597986 -0.033651928 -0.997929882 -0.054807371 0.503984753
0.998783600 -0.019523362 -0.045268680 -0.186457225 0.043904807 -0.065391087 0.996893563 -3.659463219 -0.022422814 -0.997668978 -0.064454422 0.506588537
0.994978242 -0.030052044 0.095475474 -0.186647596 -0.097043882 -0.055979057 0.993704893 -3.641120522 -0.024518200 -0.997979498 -0.058614304 0.496710000
0.972291759 -0.035302186 0.231089320 -0.173270869 -0.232779422 -0.055309106 0.970956010 -3.636475107 -0.021495507 -0.997845395 -0.061994299 0.476377797
0.928675080 -0.031837711 0.369525674 -0.161184749 -0.370795217 -0.056652333 0.926984930 -3.639673661 -0.008578634 -0.997886045 -0.064416824 0.480349284
0.874731553 -0.037024133 0.483190806 -0.161827815 -0.484597811 -0.060417904 0.872647888 -3.648315337 -0.003115602 -0.997485870 -0.070791240 0.484260791
0.789007290 -0.044786489 0.612748843 -0.147180139 -0.614377210 -0.061778444 0.786589546 -3.663130729 0.002626115 -0.997084516 -0.076259535 0.506672282
0.684999066 -0.046723384 0.727044078 -0.140488918 -0.728490379 -0.056012380 0.682762345 -3.674099748 0.008822497 -0.997336222 -0.072406007 0.500024940
0.582176733 -0.048292170 0.811627638 -0.123866212 -0.812973640 -0.049372263 0.580204331 -3.670843064 0.012052548 -0.997612611 -0.068003544 0.504224590
0.548864409 -0.045849433 0.834653208 0.056900548 -0.835623676 -0.056276108 0.546411680 -3.571469517 0.021918270 -0.997362230 -0.069200806 0.489261686
0.436975329 -0.050753688 0.898040785 0.195769157 -0.898993121 -0.057261613 0.434202416 -3.527871503 0.029385860 -0.997067797 -0.070649122 0.479003567
0.357355541 -0.040549048 0.933087832 0.351820066 -0.933390315 -0.050638779 0.355271164 -3.465791477 0.032844580 -0.997893062 -0.055944187 0.446936309
0.332663763 -0.052983802 0.941556168 0.549307414 -0.942635425 -0.048121322 0.330337392 -3.414338862 0.027806406 -0.997435103 -0.065952565 0.462590271
0.211938105 -0.056013284 0.975676772 0.655180723 -0.976515069 -0.051718035 0.209150924 -3.408230248 0.038744809 -0.997089544 -0.065658920 0.454390065
0.131549522 -0.061925722 0.989373667 0.835503156 -0.990517764 -0.048092994 0.128691527 -3.398570392 0.039612635 -0.996921544 -0.067665119 0.455999005
0.125428311 -0.047826381 0.990949503 1.107883295 -0.990963843 -0.053890783 0.122829194 -3.377672485 0.047528553 -0.997401309 -0.054153646 0.421262904
0.136476306 -0.059528783 0.988853134 1.313347960 -0.990105123 -0.041083151 0.134176904 -3.368898665 0.032637844 -0.997380996 -0.064546606 0.428935978
0.149261738 -0.049032942 0.987580888 1.579961112 -0.988002349 -0.047455595 0.146968957 -3.346875689 0.039659892 -0.997669017 -0.055528014 0.401347599
0.165503813 -0.050506709 0.984915192 1.772618703 -0.985595066 -0.043710920 0.163376475 -3.337726140 0.034799912 -0.997766304 -0.057013452 0.396614929
0.185718960 -0.055746592 0.981020281 2.017456914 -0.982132883 -0.041419264 0.183576117 -3.321301435 0.030399413 -0.997585785 -0.062442816 0.375479644
0.167047297 -0.049416924 0.984709118 2.244915770 -0.985311269 -0.044282648 0.164927224 -3.305749841 0.035455387 -0.997795810 -0.056088370 0.367500509
0.030725005 -0.053002141 0.998121129 2.374055532 -0.998331029 -0.050489681 0.028050315 -3.319724272 0.048908119 -0.997317413 -0.054464921 0.363231691
0.035531065 -0.059092541 0.997620188 2.632237445 -0.998508290 -0.043515855 0.032985100 -3.343582276 0.041463105 -0.997303649 -0.060550543 0.356340815
-0.061254375 -0.059543009 0.996344606 2.802212174 -0.996919252 -0.045353709 -0.064000044 -3.387473054 0.048998743 -0.997195266 -0.056581375 0.339490459
-0.096589970 -0.061949253 0.993394491 3.036295234 -0.994164442 -0.042165427 -0.099294031 -3.420716499 0.048038135 -0.997188300 -0.057514995 0.348429339
-0.202625049 -0.043612098 0.978284335 3.142902596 -0.977468954 -0.051333265 -0.204743943 -3.474418502 0.059147907 -0.997729164 -0.032228033 0.321300107
-0.177472242 -0.058014524 0.982413895 3.396100032 -0.982574636 -0.045580619 -0.180192923 -3.551546413 0.055232849 -0.997274451 -0.048914304 0.322688636
-0.164297809 -0.057486800 0.984733955 3.619548087 -0.985439878 -0.034723175 -0.166441890 -3.578416158 0.043761340 -0.997742262 -0.050944792 0.303371090
-0.146535621 -0.047723635 0.988053512 3.873747764 -0.987836848 -0.045462705 -0.148699378 -3.652936511 0.052016042 -0.997825094 -0.040481244 0.297222469
-0.131024929 -0.052010746 0.990014184 4.121892033 -0.989931553 -0.047081282 -0.133488006 -3.711717628 0.053553931 -0.997536183 -0.045318277 0.289284256
-0.118594565 -0.056136747 0.991354426 4.408373928 -0.992038902 -0.035880451 -0.120708671 -3.756044557 0.042346405 -0.997778191 -0.051434622 0.277626539
-0.121078337 -0.053826545 0.991182553 4.619974874 -0.991091625 -0.049253930 -0.123741630 -3.801646153 0.055480237 -0.997335065 -0.047383453 0.286776641
-0.109020257 -0.039476574 0.993254893 4.831261346 -0.992891614 -0.043674602 -0.110716256 -3.861744990 0.047750743 -0.998265482 -0.034434530 0.249378418
-0.115490556 -0.066483215 0.991080712 4.967744209 -0.991655740 -0.049818600 -0.118900096 -3.866562265 0.057279190 -0.996542835 -0.060174865 0.248149664
-0.070181070 -0.039819234 0.996738870 5.102145388 -0.996179897 -0.049260751 -0.072110206 -3.899965272 0.051971468 -0.997991549 -0.036209898 0.243065276
-0.095526165 -0.059521262 0.993646327 5.205857297 -0.993785014 -0.051609664 -0.098631025 -3.893261893 0.057152375 -0.996892018 -0.054221307 0.267715730
-0.056553338 -0.038080331 0.997672963 5.357997675 -0.997033865 -0.050097059 -0.058429282 -3.930480494 0.052205516 -0.998018431 -0.035134202 0.239718118
-0.065145244 -0.048233249 0.996709589 5.466434610 -0.996380541 -0.051521275 -0.067616899 -3.946447994 0.054613106 -0.997506813 -0.044702255 0.239781455
-0.045722966 -0.063515853 0.996932868 5.604108596 -0.997757513 -0.045919225 -0.048686387 -3.958057930 0.048870792 -0.996923634 -0.061273904 0.242654818
-0.038386070 -0.059562607 0.997486595 5.788728909 -0.997793079 -0.051839930 -0.041493375 -4.006179694 0.054181080 -0.996877147 -0.057441226 0.226578591
-0.021020609 -0.053505853 0.998346069 5.910737003 -0.999205637 -0.032676762 -0.022789960 -3.990186339 0.033842104 -0.998033026 -0.052776540 0.207334262
0.000373108 -0.044116023 0.999026376 6.091125424 -0.999475792 -0.032362309 -0.001055806 -4.033440247 0.032377373 -0.998502436 -0.044104950 0.195360360
-0.003643464 -0.058219732 0.998297370 6.228599349 -0.999182994 -0.039971440 -0.005977789 -4.038124530 0.040251403 -0.997503174 -0.058026531 0.205990393
0.079943013 -0.053005177 0.995389541 6.277107295 -0.996544979 -0.026825749 0.078607340 -4.051478238 0.022535467 -0.998234263 -0.054966552 0.192060792
0.194768761 -0.056281694 0.979233057 6.270353830 -0.980592589 -0.033995589 0.193085214 -4.029788680 0.022422415 -0.997836304 -0.061810631 0.174037952
0.289518374 -0.030966449 0.956671708 6.280336373 -0.956992418 -0.028717224 0.288686905 -4.004095123 0.018533351 -0.999107573 -0.037948890 0.181405217
0.329184122 -0.036636229 0.943554727 6.401633586 -0.943982496 -0.037228563 0.327887504 -3.982936799 0.023114610 -0.998634907 -0.046839008 0.188649746
0.380897813 -0.044784372 0.923531831 6.466171006 -0.924305064 -0.044399319 0.379063174 -3.970646650 0.024028076 -0.998009957 -0.058305942 0.182024763
0.486102453 -0.043385546 0.872824373 6.452145735 -0.873869511 -0.032692436 0.485059799 -3.943037435 0.007490166 -0.998522871 -0.053805224 0.172139595
0.598854496 -0.031041972 0.800255680 6.454516582 -0.800837692 -0.030300709 0.598114507 -3.927599532 0.005681678 -0.999058592 -0.043005295 0.165640380
0.689350634 -0.034797393 0.723591941 6.455463115 -0.724421923 -0.037038326 0.688360769 -3.913105418 0.002847453 -0.998708097 -0.050740399 0.176443001
0.706405984 -0.034431445 0.706968824 6.553107014 -0.707791696 -0.040931033 0.705234829 -3.813207465 0.004654731 -0.998568855 -0.053284207 0.174141713
0.741710018 -0.048928074 0.668933435 6.615464991 -0.670699028 -0.046125297 0.740293552 -3.753625385 -0.005366430 -0.997737138 -0.067027536 0.167734110
0.817062159 -0.047203253 0.574613103 6.612159032 -0.576414184 -0.045315306 0.815900686 -3.753747197 -0.012474328 -0.997856625 -0.064234135 0.168356731
0.884347364 -0.047263683 0.464429547 6.584485638 -0.466456810 -0.049794740 0.883140919 -3.741714030 -0.018614343 -0.997640495 -0.066082379 0.172196783
0.944919210 -0.057106498 0.322282182 6.560091116 -0.325217157 -0.052837096 0.944162491 -3.721524178 -0.036889292 -0.996969363 -0.068498782 0.171378484
0.981666923 -0.050347103 0.183835649 6.541961698 -0.185996838 -0.042217353 0.981642744 -3.733277227 -0.041661819 -0.997838677 -0.050807815 0.178147012
0.997726092 -0.040382998 0.053965646 6.517379003 -0.055960471 -0.050014775 0.997179816 -3.747195544 -0.037570005 -0.997932159 -0.052160943 0.186325977
0.995018950 -0.051507781 -0.085345513 6.511930989 0.082181116 -0.060709911 0.994766103 -3.731832130 -0.056419550 -0.996825783 -0.056174590 0.187973147
0.976219416 -0.051131252 -0.210668831 6.492961917 0.208049680 -0.052115387 0.976729440 -3.733528753 -0.060920489 -0.997331364 -0.040238294 0.207409617
0.936575235 -0.043985357 -0.347696837 6.465881524 0.345292471 -0.054049858 0.936937444 -3.726938643 -0.060004438 -0.997568889 -0.035433899 0.203754849
0.873829695 -0.041245033 -0.484479880 6.484142887 0.482374563 -0.051729619 0.874435915 -3.746167740 -0.061128094 -0.997808957 -0.025307333 0.200119540
0.800024473 -0.040112814 -0.598624712 6.463644562 0.596379233 -0.055784362 0.800761562 -3.738635394 -0.065514701 -0.997636761 -0.020706318 0.204743772
0.679798960 -0.043206384 -0.732124467 6.444302851 0.730216935 -0.053008663 0.681156470 -3.727834435 -0.068239318 -0.997658594 -0.004485302 0.192771927
0.562103609 -0.043941201 -0.825899169 6.417149509 0.824487671 -0.049033198 0.563752222 -3.764552286 -0.065268370 -0.997830432 0.008667243 0.195006766
0.432226073 -0.046255705 -0.900578079 6.434219068 0.899852798 -0.042884649 0.434080606 -3.800857937 -0.058699715 -0.998008743 0.023087431 0.187768865
0.291381619 -0.035710206 -0.955940007 6.424875174 0.955613758 -0.034650221 0.292576162 -3.804621017 -0.043571512 -0.998760840 0.024028760 0.196118978
0.131847947 -0.039313471 -0.990490359 6.424943824 0.990107961 -0.043153886 0.133509578 -3.793149168 -0.047992254 -0.998294190 0.033234848 0.195059142
-0.006842675 -0.032978288 -0.999432580 6.411509100 0.999514600 -0.030603942 -0.005833441 -3.817743742 -0.030394215 -0.998987118 0.033171700 0.213186717
-0.155357520 -0.036058588 -0.987200450 6.391945963 0.987523901 -0.031684706 -0.154250555 -3.801514631 -0.025717074 -0.998847385 0.040531147 0.198248459
-0.294054645 -0.042168165 -0.954857741 6.401801220 0.955591434 -0.033266959 -0.292810537 -3.811726189 -0.019417910 -0.998556156 0.050077814 0.187343730
-0.418482110 -0.044759254 -0.907121092 6.438571952 0.908167015 -0.031910469 -0.417389903 -3.847633973 -0.010264612 -0.998488181 0.054002816 0.194892566
-0.401288641 -0.043487206 -0.914918271 6.446300319 0.915951391 -0.019339253 -0.400822229 -3.836731082 -0.000263177 -0.998866412 0.047592796 0.195660139
-0.283317122 -0.042099136 -0.958101761 6.421463445 0.958862441 -0.030927340 -0.282182965 -3.836025527 -0.017751895 -0.998634821 0.049129489 0.190238545
-0.140816584 -0.035133380 -0.989411603 6.404132544 0.989350031 -0.042170798 -0.139310226 -3.830066294 -0.036829801 -0.998492827 0.040697537 0.200551434
-0.009297366 -0.036613373 -0.999286661 6.394023619 0.998893193 -0.046420193 -0.007592898 -3.827479151 -0.046108974 -0.998250828 0.037004443 0.210198281
0.139652418 -0.036044387 -0.989544028 6.405528263 0.989009836 -0.043924573 0.141177188 -3.800706790 -0.048554010 -0.998384547 0.029514024 0.210536617
0.300163972 -0.037152756 -0.953164034 6.398475395 0.952692044 -0.038334635 0.301509865 -3.778322672 -0.047741095 -0.998574191 0.023888463 0.191322517
0.449023113 -0.043007797 -0.892483939 6.413027335 0.891559166 -0.044568508 0.450706029 -3.767857457 -0.059160606 -0.998080412 0.018331650 0.196196015
0.598376002 -0.039254189 -0.800252785 6.418743652 0.798877387 -0.047010425 0.599653681 -3.768000843 -0.061159215 -0.998122362 0.003229364 0.185829902
0.711989591 -0.043784540 -0.700823362 6.425675049 0.698856407 -0.052957468 0.713299678 -3.782644736 -0.068345333 -0.997636148 -0.007106078 0.195034794
0.819255056 -0.041904385 -0.571895907 6.452393376 0.569545317 -0.056417311 0.820021228 -3.737243224 -0.066627326 -0.997527337 -0.022353672 0.198053513
0.893701633 -0.050602126 -0.445799061 6.442196727 0.443338358 -0.053010192 0.894785517 -3.723912518 -0.068909920 -0.997311229 -0.024941418 0.188761721
0.943862904 -0.041140149 -0.327764292 6.486532262 0.325777495 -0.048345242 0.944209761 -3.727583585 -0.054690760 -0.997983124 -0.032228728 0.180842788
0.982121837 -0.036129590 -0.184745340 6.499301866 0.182740453 -0.052607642 0.981752217 -3.723601424 -0.045189331 -0.997961374 -0.045064830 0.183183432
0.998052147 -0.047136797 -0.040855584 6.499945637 0.038288164 -0.054141232 0.997798858 -3.695899513 -0.049245011 -0.997419700 -0.052231046 0.177978651
0.997424865 -0.049776571 -0.051627460 6.521192877 0.049017955 -0.052293651 0.997428394 -3.498262525 -0.052348317 -0.997390436 -0.049718983 0.169893912
0.996563058 -0.040760359 -0.072122011 6.503228646 0.070041311 -0.050356937 0.996272234 -3.301095599 -0.044240277 -0.997898922 -0.047328957 0.150663197
0.995058705 -0.049961664 -0.085807808 6.511796311 0.083393978 -0.048548198 0.995333208 -3.192039027 -0.053894397 -0.997570969 -0.044141733 0.136447033
0.992190520 -0.046551898 -0.115716643 6.496392277 0.113488891 -0.047956200 0.992380751 -2.949685351 -0.051746518 -0.997763879 -0.042298581 0.131888072
0.997867520 -0.055578006 -0.034231184 6.513369023 0.030787616 -0.061675299 0.997621664 -2.803225761 -0.057557052 -0.996547795 -0.059832661 0.148451032
0.993999939 -0.047681507 0.098441538 6.538167320 -0.101104158 -0.057070018 0.993237623 -2.691461578 -0.041740970 -0.997231150 -0.061548388 0.135948746
0.986926425 -0.032558923 0.157851819 6.569753410 -0.159336251 -0.049606535 0.985976840 -2.670546358 -0.024271921 -0.998237652 -0.054145795 0.128281652
0.989210208 -0.043699282 0.139836095 6.601189087 -0.141821497 -0.046199944 0.988813319 -2.488370741 -0.036750014 -0.997976370 -0.051898903 0.103502960
0.997900913 -0.048146163 0.043298944 6.603668282 -0.046097219 -0.058615217 0.997215718 -2.445342752 -0.045474157 -0.997118469 -0.060711700 0.129916156
0.995674557 -0.047739210 -0.079705240 6.579389665 0.076617063 -0.063358663 0.995045382 -2.454065555 -0.052552657 -0.996848744 -0.059426986 0.157547507
0.994634282 -0.048404124 -0.091433086 6.579030756 0.088758119 -0.054797972 0.994544258 -2.434415672 -0.053150429 -0.997323523 -0.050207730 0.104530374
0.995457227 -0.045486209 -0.083637639 6.574242827 0.080892329 -0.059172336 0.994965262 -2.458379962 -0.050206185 -0.997211361 -0.055224014 0.131243846
0.994673091 -0.042727519 -0.093802548 6.579553863 0.091417253 -0.054725511 0.994308053 -2.447185620 -0.047617687 -0.997586501 -0.050527946 0.130099460
0.994272838 -0.054509386 -0.091926702 6.574831134 0.088629704 -0.060100043 0.994249369 -2.443737544 -0.059720752 -0.996702498 -0.054924682 0.129193489
0.994084476 -0.037713239 -0.101854580 6.581443826 0.099751060 -0.053994110 0.993546621 -2.393012101 -0.042969401 -0.997829034 -0.049912822 0.126639657
0.990255368 -0.039360345 -0.133583882 6.575518759 0.131351261 -0.054708821 0.989825100 -2.140846493 -0.046268056 -0.997726541 -0.049005625 0.099164313
0.988819057 -0.054083929 -0.138970226 6.518506696 0.135358715 -0.065539583 0.988626488 -1.963575685 -0.062576939 -0.996383419 -0.057486045 0.104995587
0.989716218 -0.040657647 -0.137143524 6.549753665 0.134367782 -0.064563999 0.988825943 -1.756612255 -0.049057858 -0.997084858 -0.058437040 0.108860662
0.988879143 -0.045418119 -0.141614121 6.534458549 0.138404266 -0.067386005 0.988080614 -1.507879483 -0.054419572 -0.996692748 -0.060350534 0.094706385
0.985894468 -0.032811557 -0.164120247 6.521722787 0.161786824 -0.064298078 0.984729228 -1.228121862 -0.042863151 -0.997390694 -0.058082711 0.078165365
0.982551769 -0.037903901 -0.182087791 6.518145769 0.179298163 -0.067247341 0.981493719 -0.975324773 -0.049447406 -0.997015933 -0.059277887 0.079447839
0.961352323 -0.030075506 -0.273673935 6.509749310 0.271575126 -0.059832278 0.960555179 -0.807944700 -0.045263704 -0.997755558 -0.049352161 0.062640819
0.913445161 -0.034510022 -0.405495109 6.483962025 0.402890015 -0.063899034 0.913014956 -0.730793664 -0.057418906 -0.997359529 -0.044464560 0.066064539
0.855261074 -0.033120512 -0.517138299 6.435058112 0.514474482 -0.065149515 0.855027167 -0.665759378 -0.062010266 -0.997325931 -0.038680181 0.060349069
0.766713589 -0.034414565 -0.641065890 6.350680505 0.638584699 -0.061811800 0.767064837 -0.581901823 -0.066023670 -0.997494294 -0.025415330 0.074795056
0.656612279 -0.028404049 -0.753693336 6.260116675 0.751702573 -0.057063634 0.657029624 -0.516346523 -0.061670694 -0.997966020 -0.016117293 0.068580892
0.553095506 -0.032996546 -0.832464332 6.164459699 0.830512299 -0.057124428 0.554062723 -0.465096314 -0.065836213 -0.997821878 -0.004191261 0.060119878
0.432813142 -0.038668552 -0.900653614 6.080270998 0.899390104 -0.049523321 0.434332784 -0.413598345 -0.061398379 -0.998024150 0.013343730 0.053997284
0.321428513 -0.034118284 -0.946318646 5.979308174 0.945013288 -0.052052748 0.322861488 -0.388366374 -0.060273944 -0.998061694 0.015511057 0.054528576
0.178035059 -0.033765014 -0.983445087 5.886946429 0.982498042 -0.049539717 0.179564819 -0.366856492 -0.054782528 -0.998201749 0.024354245 0.066302851
0.073226178 -0.037424080 -0.996613050 5.714789143 0.996118406 -0.046201178 0.074925089 -0.359999224 -0.048848660 -0.998230825 0.033895674 0.062095422
0.050939140 -0.034151318 -0.998117204 5.468824647 0.997142154 -0.054101101 0.052740453 -0.318903318 -0.055800460 -0.997951567 0.031297800 0.077613547
0.000561118 -0.034635481 -0.999399711 5.099123314 0.998962544 -0.045483845 0.002137223 -0.296317444 -0.045530516 -0.998364947 0.034574014 0.091992415
-0.051063383 -0.035864826 -0.998051466 4.610124166 0.997626855 -0.048040900 -0.049315375 -0.248836719 -0.046178513 -0.998201080 0.038232877 0.102500373
-0.091539568 -0.033004568 -0.995253989 4.218867170 0.994519173 -0.053736043 -0.089689958 -0.225727321 -0.050520863 -0.998009884 0.037742620 0.121196593
-0.099865982 -0.032555720 -0.994467702 3.695475861 0.993946834 -0.049251723 -0.098201357 -0.235216889 -0.045782199 -0.998256010 0.037277201 0.163258531
-0.108503370 -0.025766675 -0.993762431 3.183091691 0.992945001 -0.050900515 -0.107094375 -0.211540309 -0.047823525 -0.998370812 0.031107735 0.187754247
-0.142692339 -0.032202128 -0.989242864 2.667768362 0.988664042 -0.051800610 -0.140922782 -0.182470203 -0.046705339 -0.998137791 0.039228655 0.199436425
-0.179050124 -0.035875302 -0.983185568 2.205666454 0.982709716 -0.054404525 -0.176979014 -0.223641892 -0.047140611 -0.997874173 0.044996183 0.224858222
-0.222254368 -0.027181691 -0.974609414 1.820381281 0.973760867 -0.056334003 -0.220489760 -0.243664814 -0.048910329 -0.998041762 0.038988983 0.243123618
-0.296529160 -0.035974430 -0.954346247 1.363017227 0.954395564 -0.047413636 -0.294756509 -0.332723714 -0.034645228 -0.998227758 0.048393309 0.248803144
-0.321584661 -0.027646130 -0.946477681 1.111504870 0.945952367 -0.053629402 -0.319839424 -0.371281749 -0.041916620 -0.998177699 0.043398334 0.262800031
-0.266912751 -0.038014402 -0.962970923 1.007250994 0.962749219 -0.055375846 -0.264665727 -0.414478663 -0.043264237 -0.997741782 0.051378868 0.266330771
-0.159876107 -0.040878701 -0.986290577 0.903689752 0.985724470 -0.060052156 -0.157296165 -0.424578400 -0.052798849 -0.997357353 0.049896082 0.273595233
-0.180498340 -0.029987238 -0.983117975 0.754517522 0.982675127 -0.048247898 -0.178944621 -0.414965633 -0.042067396 -0.998384790 0.038176370 0.285572090
-0.205949939 -0.026482835 -0.978204148 0.638106027 0.977567978 -0.050618047 -0.204445782 -0.446328209 -0.044100393 -0.998366436 0.036313575 0.289758930
-0.217012876 -0.027089351 -0.975793052 0.526079655 0.974456285 -0.065198458 -0.214906416 -0.458543377 -0.057798489 -0.997504483 0.040546340 0.294941744
-0.222737105 -0.031737850 -0.974361831 0.430637156 0.973571062 -0.058989967 -0.220634468 -0.466459194 -0.050475150 -0.997753814 0.044038293 0.292386697
-0.198709338 -0.036443651 -0.979380326 0.320719751 0.978565455 -0.062520274 -0.196217645 -0.478777339 -0.054080235 -0.997378423 0.048085834 0.295676860
-0.078866097 -0.034533719 -0.996286569 0.257470615 0.995235110 -0.060206809 -0.076695940 -0.476282509 -0.057334600 -0.997588590 0.039117419 0.295669072
0.013055631 -0.024792008 -0.999607836 0.147709105 0.998265112 -0.057083430 0.014453900 -0.461593035 -0.057419390 -0.998061186 0.024003784 0.301097505
0.056532163 -0.032055258 -0.997886532 0.051416704 0.996407207 -0.061319181 0.058418194 -0.459918625 -0.063062121 -0.997602922 0.028473613 0.309450555
0.188546914 -0.027746279 -0.981672632 -0.004012518 0.979898109 -0.061044811 0.189931523 -0.429553872 -0.065195999 -0.997749010 0.015678722 0.310397117
0.326508760 -0.027176440 -0.944803288 -0.071935042 0.943549292 -0.049574331 0.327501233 -0.405433775 -0.055738250 -0.998401026 0.009455844 0.305527279
0.451103431 -0.022904471 -0.892177559 -0.111094160 0.890882747 -0.048074591 0.451682355 -0.370233701 -0.053236606 -0.998581471 -0.001281417 0.297315659
0.566873420 -0.030955407 -0.823223507 -0.175264657 0.820694709 -0.065534839 0.567596475 -0.299111778 -0.071519974 -0.997370332 -0.011745045 0.315272530
0.681674258 -0.039608398 -0.730582940 -0.216973375 0.728010579 -0.062837677 0.682679992 -0.237271659 -0.072948045 -0.997237594 -0.013999474 0.301659170
0.769334826 -0.034919011 -0.637889828 -0.238250033 0.635937859 -0.053285648 0.769897975 -0.172121937 -0.060874517 -0.997968097 -0.018788193 0.299711149
0.843728508 -0.035964986 -0.535564200 -0.259809170 0.533054284 -0.061049936 0.843875874 -0.114844893 -0.063046138 -0.997486267 -0.032338283 0.298580695
0.903704625 -0.045778912 -0.425702865 -0.260753837 0.422806371 -0.061284101 0.904144957 -0.080144848 -0.067479570 -0.997070295 -0.036027071 0.293178966
0.941877588 -0.047867425 -0.332529532 -0.243861384 0.329317695 -0.064258815 0.942030040 -0.066085563 -0.066460514 -0.996784331 -0.044760284 0.299187263
0.974713815 -0.029002317 -0.221567650 -0.217792416 0.219306308 -0.066070945 0.973416562 -0.067982178 -0.042870523 -0.997392860 -0.058039820 0.309057679
0.995576019 -0.046596602 -0.081588940 -0.202506287 0.078211528 -0.070209935 0.994461674 -0.054365254 -0.052066895 -0.996443280 -0.066254916 0.326117306
0.999049380 -0.033928912 0.027388329 -0.196914336 -0.029824500 -0.073509515 0.996848417 0.004758246 -0.031808700 -0.996717174 -0.074451605 0.316163304
0.985258556 -0.017823737 0.170140541 -0.176773510 -0.171001105 -0.073974260 0.982489478 0.040294440 -0.004925562 -0.997100812 -0.075931595 0.298453202
0.950057476 -0.031953087 0.310435023 -0.146027710 -0.311757616 -0.052305334 0.948721155 0.046519158 -0.014077116 -0.998119310 -0.059654741 0.305812324
0.901473730 -0.036904491 0.431257631 -0.145815875 -0.432811187 -0.066678244 0.899015321 0.034508767 -0.004422183 -0.997092105 -0.076081355 0.298535484
0.842605119 -0.043849911 0.536744469 -0.116137653 -0.538503083 -0.079082925 0.838904465 0.086019797 0.005661420 -0.995902899 -0.090248944 0.306897873
0.759430357 -0.041151374 0.649285504 -0.069670718 -0.650368564 -0.073976464 0.756008646 0.106796517 0.016921103 -0.996410755 -0.082943506 0.299663487
0.657958178 -0.040926433 0.751941695 -0.031871787 -0.752651658 -0.068367436 0.654859097 0.099482625 0.024607189 -0.996820090 -0.075786320 0.302608016
0.529027460 -0.051117589 0.847063505 0.026527755 -0.848019506 -0.068922836 0.525464572 0.115599584 0.031521581 -0.996311475 -0.079810760 0.292396134
0.397670247 -0.047413533 0.916302850 0.093769170 -0.916749181 -0.061691186 0.394671289 0.141172030 0.037814963 -0.996968000 -0.067999052 0.302957571
0.325352104 -0.049188481 0.944312627 0.199191102 -0.944613051 -0.062356984 0.322207043 0.164570768 0.043035569 -0.996841151 -0.066752069 0.300644967
0.209420381 -0.050465848 0.976522491 0.307874349 -0.976198571 -0.068387510 0.205816674 0.176477364 0.056395219 -0.996381319 -0.063586442 0.291788174
0.085897308 -0.044793368 0.995296220 0.387439109 -0.995004972 -0.054857968 0.083403245 0.185981714 0.050864093 -0.997488454 -0.049281766 0.279111213
0.101477996 -0.043353700 0.993892624 0.556701275 -0.993384371 -0.058402866 0.098878527 0.193751996 0.053759466 -0.997351132 -0.048993482 0.278190984
0.103731778 -0.046765626 0.993505442 0.893427564 -0.993433138 -0.053363338 0.101212344 0.203512530 0.048283587 -0.997479504 -0.051993970 0.254064437
0.116994952 -0.047829676 0.991980345 1.356747330 -0.991786198 -0.057624650 0.114193606 0.212549227 0.051700700 -0.997191926 -0.054178661 0.237380687
0.116843632 -0.050960615 0.991841811 1.879723766 -0.991856563 -0.056941058 0.113919684 0.228746393 0.050671028 -0.997076051 -0.057198828 0.218878581
0.082156211 -0.053520208 0.995181272 2.259565425 -0.995456453 -0.052631589 0.079348518 0.248720728 0.048131303 -0.997178807 -0.057601068 0.209861595
0.037678357 -0.056029913 0.997718367 2.671110958 -0.998032142 -0.052195097 0.034759037 0.234561832 0.050128441 -0.997063802 -0.057886278 0.178927381
0.033694914 -0.046302191 0.998359026 3.065580037 -0.997929026 -0.056315877 0.031068597 0.208620613 0.054784924 -0.997338688 -0.048103892 0.159889405
0.047139535 -0.056753735 0.997274729 3.411347376 -0.997727391 -0.050801041 0.044269835 0.216597814 0.048150167 -0.997095308 -0.059019524 0.151194791
0.036223266 -0.061430336 0.997453974 3.758336434 -0.998264112 -0.048600820 0.033259528 0.198529294 0.046433902 -0.996927384 -0.063084188 0.139693980
0.048177233 -0.042606265 0.997929242 4.092179810 -0.997886957 -0.045661014 0.046225685 0.194284467 0.043596973 -0.998048150 -0.044716028 0.108952359
0.068979314 -0.033032643 0.997070789 4.414602208 -0.996604356 -0.047330439 0.067379007 0.188459920 0.044966140 -0.998332643 -0.036185294 0.099490976
0.055377898 -0.050676252 0.997178173 4.747212775 -0.997569767 -0.045097670 0.053107775 0.217306010 0.042279177 -0.997695931 -0.053050525 0.090877325
0.068740408 -0.056567245 0.996029993 5.020059258 -0.996920955 -0.041660300 0.066435910 0.198616894 0.037736824 -0.997528818 -0.059256877 0.089925037
0.076786616 -0.056122644 0.995466436 5.309213508 -0.996231465 -0.044704237 0.074325270 0.197027830 0.040330291 -0.997422438 -0.059343827 0.082539776
0.081398195 -0.053946592 0.995220172 5.647475051 -0.995969095 -0.042160856 0.079173989 0.225934809 0.037688247 -0.997653039 -0.057160996 0.056694577
0.068865044 -0.054914424 0.996113481 5.954024479 -0.996695205 -0.046913354 0.066319012 0.223307035 0.043089164 -0.997388634 -0.057963579 0.044180728
0.067542494 -0.048100517 0.996555941 6.214602555 -0.996973016 -0.041794109 0.065553494 0.237232395 0.038497011 -0.997967841 -0.050777837 0.040141067
0.065731294 -0.038938606 0.997077015 6.515194576 -0.996821305 -0.047654700 0.063853345 0.236144251 0.045029073 -0.998105009 -0.041947189 0.024558466
0.068734187 -0.042633304 0.996723523 6.741350286 -0.996706335 -0.046028927 0.066764172 0.259061711 0.043031733 -0.998029470 -0.045656664 0.011879456
0.066847854 -0.053002532 0.996354084 6.857027385 -0.996687335 -0.049916363 0.064214808 0.269933136 0.046330877 -0.997345551 -0.056163744 0.008784219
0.068851432 -0.054847661 0.996118178 6.952153514 -0.996617946 -0.048677554 0.066205732 0.239629535 0.044857410 -0.997307326 -0.058013739 0.017126555
-0.010115351 -0.051344250 0.998629889 7.021737076 -0.999402525 -0.032475633 -0.011792912 0.229831474 0.033036620 -0.998152919 -0.050985096 0.013499347
-0.034987630 -0.050790441 0.998096132 7.111800961 -0.997739949 -0.055545303 -0.037801659 0.216397023 0.057359467 -0.997163754 -0.048732345 -0.003244445
-0.045101998 -0.061419463 0.997092246 7.221425729 -0.997552025 -0.050621397 -0.048241002 0.237796687 0.053437130 -0.996827821 -0.058985947 0.016530436
-0.038172461 -0.038402662 0.998532978 7.358952889 -0.997829903 -0.052190447 -0.040152760 0.206261193 0.053655858 -0.997898842 -0.036327063 -0.016607003
-0.030657092 -0.057055779 0.997900304 7.532053757 -0.998600165 -0.041312972 -0.033040686 0.249915169 0.043111416 -0.997516159 -0.055709397 -0.002144046
-0.056532041 -0.053407984 0.996971017 7.668758609 -0.997033230 -0.049224726 -0.059172594 0.212020950 0.052235922 -0.997358971 -0.050466711 -0.016788809
-0.031080333 -0.059440360 0.997747598 7.793093423 -0.998609609 -0.040673344 -0.033530310 0.168741638 0.042574769 -0.997403345 -0.058093528 0.000309332
-0.049506662 -0.055278841 0.997242944 7.935967694 -0.997373082 -0.050126961 -0.052291767 0.131886948 0.052879376 -0.997211970 -0.052652008 -0.013951962
-0.042832489 -0.048126576 0.997922931 8.069811249 -0.997173045 -0.059660197 -0.045677472 0.101104029 0.061734627 -0.997058117 -0.045435163 -0.034430056
-0.095722721 -0.043807569 0.994443742 8.224333874 -0.993794805 -0.052651405 -0.097979692 0.133958941 0.056651062 -0.997651962 -0.038495797 -0.033832610
-0.230849975 -0.036055351 0.972320846 8.328260002 -0.971617040 -0.044518820 -0.232332858 0.086803345 0.051663495 -0.998357316 -0.024754836 -0.043244699
-0.320353317 -0.044401129 0.946256991 8.414788489 -0.945540291 -0.045843315 -0.322261437 0.006143267 0.057688346 -0.997961872 -0.027296966 -0.040538379
-0.328914041 -0.054583860 0.942781371 8.598778155 -0.942610790 -0.041759647 -0.331271912 -0.043115190 0.057452371 -0.997635407 -0.037715976 -0.034804487
-0.431789906 -0.040246367 0.901075561 8.695466259 -0.899964361 -0.047432444 -0.433376363 -0.146379948 0.060182034 -0.998063135 -0.015739416 -0.040848871
-0.557743134 -0.041795907 0.828960305 8.762741910 -0.827821091 -0.044539427 -0.559221300 -0.191392955 0.060294714 -0.998132586 -0.009757936 -0.045769316
-0.651573673 -0.035717629 0.757743997 8.842634914 -0.756367442 -0.045727771 -0.652546146 -0.300233949 0.057957344 -0.998314931 0.002779352 -0.047554502
-0.652347538 -0.043551521 0.756667615 8.960778700 -0.755386361 -0.044192302 -0.653787157 -0.405872051 0.061912256 -0.998073568 -0.004069492 -0.050748678
-0.745456650 -0.034024712 0.665684792 9.044892304 -0.664309912 -0.043959749 -0.746163617 -0.521297136 0.054651399 -0.998453501 0.010167137 -0.049650523
-0.830559262 -0.027022925 0.556273871 9.087891803 -0.555502225 -0.031277440 -0.830926260 -0.615566156 0.039852873 -0.999145019 0.010966492 -0.038048191
-0.878834573 -0.032841211 0.475995623 9.129516241 -0.475086844 -0.031920675 -0.879359689 -0.711006473 0.044073328 -0.998950686 0.012450549 -0.034394681
-0.890541895 -0.026977547 0.454100633 9.195251507 -0.453194905 -0.033768146 -0.890771991 -0.856987476 0.039364980 -0.999065938 0.017845850 -0.027166464
-0.938263505 -0.027967151 0.344787887 9.222333893 -0.343850498 -0.033464236 -0.938427365 -0.948641249 0.037783203 -0.999048803 0.021781746 -0.019455767
-0.972812467 -0.040222480 0.228074086 9.221964242 -0.226194187 -0.046377395 -0.972977463 -1.022020028 0.049713019 -0.998113450 0.036018439 -0.014232914
-0.977627093 -0.041893364 0.206130998 9.236088147 -0.204774720 -0.034473618 -0.978202186 -1.156750702 0.048086225 -0.998527461 0.025123640 -0.007826008
-0.987763271 -0.032629596 0.152511816 9.244275942 -0.150988145 -0.044949684 -0.987512817 -1.303051479 0.039077506 -0.998456395 0.039472914 -0.005037598
-0.999221715 -0.033034733 0.021566357 9.238962805 -0.020230004 -0.040266024 -0.998984383 -1.392484012 0.033869558 -0.998643198 0.039566374 -0.005816083
-0.998571301 -0.025948350 -0.046710129 9.179752924 0.047751173 -0.041062013 -0.998014850 -1.538942385 0.023978866 -0.998819359 0.042242420 -0.006759672
-0.998135692 -0.032585996 -0.051597806 9.158822629 0.052862316 -0.039213263 -0.997831989 -1.731678203 0.030491985 -0.998699641 0.040862745 0.003486809
-0.998572141 -0.025998338 -0.046672338 9.142739697 0.047633408 -0.037662552 -0.998154715 -1.887551088 0.024192582 -0.998952048 0.038847166 0.014498406
-0.998710913 -0.021202664 0.046112165 9.131198655 -0.045485894 -0.029129611 -0.998539920 -2.104630518 0.022514923 -0.999350989 0.028127636 0.035531112
-0.988366748 -0.042297470 0.146092527 9.135320372 -0.144696112 -0.034390661 -0.988877853 -2.201905643 0.046851288 -0.998512662 0.027870276 0.034747413
-0.987513160 -0.037186304 0.153086280 9.192376811 -0.151575453 -0.040542725 -0.987613584 -2.411119533 0.042932246 -0.998486022 0.034399921 0.036433161
-0.988212947 -0.041115758 0.147458519 9.211716471 -0.146045738 -0.035491511 -0.988640581 -2.621629791 0.045882239 -0.998523928 0.029068391 0.039650554
-0.990903061 -0.025151660 0.132209203 9.244687028 -0.131365200 -0.032685437 -0.990795344 -2.788484399 0.029241481 -0.999148851 0.029084050 0.044688333
-0.992120403 -0.038142305 0.119343422 9.260275317 -0.117731964 -0.042026728 -0.992155720 -2.927217232 0.042858716 -0.998388566 0.037204986 0.059104535
-0.990954437 -0.033890527 0.129845473 9.289211985 -0.128920916 -0.028178353 -0.991254604 -3.104655562 0.037252949 -0.999028053 0.023554286 0.066186047
-0.992653792 -0.037746385 0.114946488 9.314990095 -0.113452786 -0.039585685 -0.992754899 -3.244750633 0.042023109 -0.998502940 0.035012483 0.064063486
-0.991772946 -0.040344680 0.121485219 9.324836773 -0.119723224 -0.043549625 -0.991851704 -3.383195546 0.045306574 -0.998236308 0.038361161 0.076820257
-0.993335656 -0.044332544 0.106387017 9.346765947 -0.104561411 -0.041650667 -0.993645766 -3.604813296 0.048481930 -0.998148213 0.036737630 0.091484896
-0.998734731 -0.026006907 0.043047963 9.355504466 -0.042109576 -0.035612840 -0.998477884 -3.786301994 0.027500345 -0.999027591 0.034472611 0.094917744
-0.999216395 -0.035604674 0.017308439 9.346907191 -0.015938691 -0.038400492 -0.999135442 -3.994862681 0.036238534 -0.998628181 0.037802887 0.103804987
-0.999341847 -0.036246074 0.001747931 9.335596652 -0.000304875 -0.039781432 -0.999208080 -4.178020105 0.036286926 -0.998550998 0.039744169 0.116256209
-0.999209453 -0.034424132 -0.019909337 9.338820005 0.021250031 -0.039031558 -0.999011609 -4.387418818 0.033613030 -0.998645256 0.039732180 0.116158668
-0.998173338 -0.038585043 -0.046483699 9.326398225 0.048127013 -0.042814697 -0.997922869 -4.568457619 0.036514718 -0.998337727 0.044593467 0.135982435
-0.997140615 -0.032684224 -0.068130277 9.316772843 0.069460204 -0.041454883 -0.996722587 -4.802936184 0.029752775 -0.998605941 0.043606592 0.139691885
-0.995210377 -0.036724609 -0.090599782 9.296659247 0.092402771 -0.050818971 -0.994424455 -4.997683648 0.031915692 -0.998032308 0.053969008 0.147402800
-0.992683530 -0.034911104 -0.115588912 9.258118650 0.117238803 -0.049643091 -0.991861733 -5.267516914 0.028888825 -0.998156744 0.053372758 0.168534933
-0.992174396 -0.030076519 -0.121186349 9.236238566 0.122176075 -0.033587580 -0.991939679 -5.444828608 0.025763746 -0.998983425 0.036999330 0.189995728
-0.991458880 -0.028205190 -0.127331618 9.208727145 0.128291336 -0.035303831 -0.991108187 -5.639794626 0.023459059 -0.998978507 0.038620778 0.198336394
-0.992626701 -0.029940312 -0.117458562 9.191292830 0.118515306 -0.036372275 -0.992285872 -5.859958356 0.025437135 -0.998889498 0.039652476 0.209015848
-0.992750947 -0.030116710 -0.116356167 9.168445333 0.117462831 -0.038023987 -0.992349518 -6.087233946 0.025461972 -0.998822494 0.041285963 0.222874880
-0.991356653 -0.031240446 -0.127424082 9.148173664 0.128440833 -0.033048403 -0.991166317 -6.327085030 0.026753349 -0.998965078 0.036775308 0.245344412
-0.965286162 -0.028622238 -0.259621632 9.088164787 0.260652927 -0.041602762 -0.964535817 -6.449336695 0.016806250 -0.998724237 0.047619032 0.223260053
-0.925018716 -0.026816692 -0.378973998 9.049826722 0.379725647 -0.033297814 -0.924499188 -6.526610275 0.012173055 -0.999085958 0.040984114 0.251860045
-0.875425802 -0.032777125 -0.482240411 8.997593956 0.483292427 -0.043455535 -0.874379740 -6.576364145 0.007703644 -0.998517066 0.053882988 0.245724441
-0.824156316 -0.023302577 -0.565883104 8.888540564 0.566357154 -0.038335974 -0.823267931 -6.693327813 -0.002509397 -0.998993567 0.044792386 0.262970056
-0.741770166 -0.022246560 -0.670284505 8.828763161 0.670612713 -0.035679976 -0.740949213 -6.731321895 -0.007432157 -0.999115904 0.041385142 0.266399611
-0.634060118 -0.024687051 -0.772889467 8.808436469 0.772842411 -0.054002872 -0.632296177 -6.729042434 -0.026128718 -0.998235754 0.053320242 0.253443242
-0.535900027 -0.026356871 -0.843869963 8.789164819 0.843779595 -0.051177049 -0.534244110 -6.718778049 -0.029105775 -0.998341541 0.049665165 0.256360586
-0.510300610 -0.026216410 -0.859595956 8.640446832 0.859193032 -0.058738463 -0.508269638 -6.791210786 -0.037166397 -0.997929429 0.052499197 0.261149862
-0.461868059 -0.013911488 -0.886839287 8.567719178 0.886321189 -0.044842072 -0.460894736 -6.823903839 -0.033356068 -0.998896784 0.033041193 0.278055522
-0.347577076 -0.016641131 -0.937504053 8.554889831 0.936771121 -0.049471815 -0.346427357 -6.821597383 -0.040615062 -0.998637112 0.032784220 0.280139183
-0.255083566 -0.024910213 -0.966597791 8.479442960 0.965709193 -0.056565571 -0.253390642 -6.829934131 -0.048364108 -0.998088079 0.038484951 0.261519294
-0.276621395 -0.018385131 -0.960803489 8.304458431 0.960145177 -0.046927444 -0.275533580 -6.831286740 -0.040022317 -0.998729161 0.030633523 0.267830481
-0.177211714 -0.003828555 -0.984165095 8.168010412 0.982921129 -0.051108923 -0.176789566 -6.861813711 -0.049622808 -0.998685791 0.012820247 0.278640838
-0.048027039 -0.010615499 -0.998789532 8.063158273 0.997400394 -0.054289671 -0.047383247 -6.850146566 -0.053721038 -0.998468318 0.013195350 0.271460798
0.079526118 -0.012031763 -0.996760302 7.959735606 0.994453394 -0.068084094 0.080164058 -6.836055849 -0.068827970 -0.997607341 0.006550633 0.275927867
0.219456429 -0.015788871 -0.975494372 7.846033707 0.973450077 -0.063146877 0.220018125 -6.788002371 -0.065073302 -0.997879500 0.001511645 0.277821166
0.293649432 -0.014094814 -0.955808882 7.600043677 0.953427549 -0.067735631 0.293916347 -6.712274476 -0.068885108 -0.997603715 -0.006452116 0.284685990
0.416347739 -0.012832750 -0.909114657 7.504264607 0.906730982 -0.067858494 0.416214524 -6.670304778 -0.067032395 -0.997611947 -0.016616888 0.274149271
0.489390750 -0.016322234 -0.871911806 7.336419451 0.868863290 -0.076462575 0.489111340 -6.543935779 -0.074651985 -0.996939207 -0.023238336 0.270984084
0.483668089 -0.015587258 -0.875113316 7.111599868 0.872099413 -0.076197776 0.483359713 -6.363130719 -0.074215899 -0.996970628 -0.023260771 0.263076563
0.455717149 -0.019805834 -0.889904347 6.882264203 0.886530744 -0.079645350 0.455763063 -6.258597516 -0.079903482 -0.996626461 -0.018737332 0.252102399
0.323503327 -0.017761574 -0.946059998 6.786176926 0.942282113 -0.085153155 0.323810688 -6.243404673 -0.086311349 -0.996209807 -0.010810983 0.256096617
0.214530582 -0.018440533 -0.976543655 6.621610070 0.973433843 -0.077879221 0.215318092 -6.232679341 -0.080022974 -0.996792518 0.001243143 0.264293088
0.237687631 -0.010790754 -0.971281928 6.393902823 0.967814274 -0.082509364 0.237756167 -6.161469102 -0.082705411 -0.996531448 -0.009167980 0.256172518
0.106226755 -0.019412449 -0.994152645 6.233132258 0.990586217 -0.084751846 0.107499665 -6.150181603 -0.086343145 -0.996212569 0.010226874 0.259246444
0.023695283 -0.019688355 -0.999524858 6.065274918 0.996737886 -0.076693009 0.025139904 -6.150332903 -0.077151562 -0.996860528 0.017806815 0.257042167
0.007734918 -0.017193927 -0.999821850 5.816621272 0.996484594 -0.083280056 0.009141290 -6.101647432 -0.083422413 -0.996377844 0.016489317 0.269981176
0.014909732 -0.020786196 -0.999672599 5.465582173 0.996500309 -0.081927157 0.016565930 -6.096792325 -0.082244636 -0.996421732 0.019491873 0.261781271
0.000134362 -0.028903733 -0.999582665 5.224804526 0.997038987 -0.076857491 0.002356425 -6.094374496 -0.076893428 -0.996622790 0.028807858 0.265361381
-0.016660135 -0.028855119 -0.999444435 4.953024708 0.996589609 -0.081279879 -0.014265883 -6.078139954 -0.080823117 -0.996273456 0.030110825 0.265959350
-0.026968359 -0.027361176 -0.999261720 4.636084662 0.997035003 -0.072798528 -0.024914966 -6.045863415 -0.072063047 -0.996971287 0.029243315 0.278956457
-0.034389856 -0.025245426 -0.999089555 4.338058731 0.996009334 -0.083250291 -0.032180201 -6.047933187 -0.082362092 -0.996208691 0.028007597 0.281275380
-0.012429217 -0.028405486 -0.999519548 4.055957946 0.997447837 -0.070640864 -0.010395941 -6.058248119 -0.070311610 -0.997096824 0.029211024 0.300427825
0.022477848 -0.024044096 -0.999458086 3.813214164 0.996609492 -0.078605721 0.024304813 -6.016880113 -0.079147549 -0.996615760 0.022195744 0.305861123
0.033433790 -0.030432908 -0.998977664 3.493918968 0.996246273 -0.078842186 0.035744282 -6.002708225 -0.079849421 -0.996422538 0.027682676 0.313338981
0.093994513 -0.028939698 -0.995152143 3.301391372 0.993051878 -0.068365771 0.095783880 -5.952827762 -0.070806273 -0.997240537 0.022312643 0.313306451
0.111971726 -0.028236499 -0.993310417 2.994518220 0.990960737 -0.071146400 0.113729086 -5.926220487 -0.073881768 -0.997066251 0.020014912 0.315088362
0.111982335 -0.030795434 -0.993232539 2.710812817 0.990674928 -0.074596759 0.114006879 -5.858197815 -0.077602904 -0.996738274 0.022154689 0.317472632
0.131960382 -0.040186556 -0.990439878 2.468333311 0.987600590 -0.080383459 0.134843625 -5.839044546 -0.085033932 -0.995953491 0.029080846 0.323864675
0.010481204 -0.031543109 -0.999446960 2.368727803 0.997270628 -0.072728940 0.012753701 -5.828951097 -0.073091058 -0.996852945 0.030694699 0.340171698
-0.126713614 -0.026653158 -0.991581266 2.369926464 0.989807944 -0.068894566 -0.124635171 -5.845430451 -0.064992554 -0.997268012 0.035111344 0.333161502
-0.248802502 -0.030394044 -0.968077203 2.380551438 0.966401579 -0.074384068 -0.246036651 -5.866112052 -0.064531524 -0.996766329 0.047879817 0.336594129
-0.380105260 -0.036281195 -0.924231536 2.382605279 0.923536863 -0.069975781 -0.377071970 -5.864394535 -0.050993231 -0.996888401 0.060105191 0.328585346
-0.498255365 -0.036151465 -0.866276458 2.390537276 0.866017339 -0.069032528 -0.495226249 -5.895180930 -0.041898175 -0.996959242 0.065703657 0.334180106
-0.597184657 -0.038637772 -0.801172056 2.389857606 0.801445295 -0.069189697 -0.594051878 -5.915785744 -0.032480055 -0.996855381 0.072285095 0.330518486
-0.700273634 -0.036878356 -0.712921208 2.385929341 0.713353367 -0.074304108 -0.696854343 -5.912013778 -0.027274164 -0.996553443 0.078340531 0.323578998
-0.795539175 -0.031058762 -0.605106484 2.400524841 0.605629313 -0.070765390 -0.792594026 -5.912772628 -0.018203500 -0.997009651 0.075106686 0.325680745
-0.874495164 -0.037458581 -0.483585188 2.440479712 0.485027462 -0.072427530 -0.871494893 -5.931781494 -0.002379927 -0.996669775 0.081506076 0.342301765
-0.923949956 -0.030067402 -0.381330154 2.462045543 0.382480807 -0.059660328 -0.922034774 -5.934310436 0.004973017 -0.997765313 0.066623324 0.347323756
-0.964759972 -0.034969692 -0.260796176 2.459419251 0.262579183 -0.063811892 -0.962797843 -5.939927435 0.017026890 -0.997348749 0.070745401 0.339298426
-0.993959715 -0.024807903 -0.106901983 2.456426492 0.108204080 -0.058995839 -0.992376532 -5.927088937 0.018311976 -0.997950006 0.061323773 0.346073376
-0.999415510 -0.027194639 0.020721202 2.490841842 -0.019209407 -0.054720809 -0.998317111 -5.927995343 0.028282748 -0.998131360 0.054166427 0.348164732
-0.988726388 -0.037694896 0.144909316 2.529220337 -0.142776089 -0.054201779 -0.988269884 -5.931308254 0.045107079 -0.997818157 0.048208826 0.363555095
-0.954614844 -0.036295524 0.295622968 2.530804802 -0.292995250 -0.063909008 -0.953975346 -5.912987875 0.053518042 -0.997295080 0.050374079 0.347028361
-0.904400353 -0.037504024 0.425033830 2.558678902 -0.422586554 -0.059015830 -0.904399150 -5.916370448 0.059002343 -0.997551969 0.037525242 0.343684726
-0.831959874 -0.036060402 0.553663166 2.576620633 -0.550884233 -0.065194988 -0.832030678 -5.907373063 0.066099389 -0.997220309 0.034374493 0.352853576
-0.752723858 -0.037031998 0.657293477 2.566756301 -0.654311883 -0.068144239 -0.753148895 -5.884116359 0.072681331 -0.996987787 0.027063351 0.334158057
-0.657641299 -0.034296356 0.752550472 2.555648453 -0.750031266 -0.063599890 -0.658337630 -5.894656542 0.070440755 -0.997386159 0.016102572 0.341479813
-0.552979540 -0.036009658 0.832415876 2.577574251 -0.829604962 -0.068845351 -0.554089888 -5.874666850 0.077260631 -0.996977585 0.008196279 0.333104606
-0.430009962 -0.038952703 0.901983082 2.578750011 -0.899646075 -0.065272152 -0.431714493 -5.857304820 0.075690954 -0.997106490 -0.006975887 0.337555165
-0.292133652 -0.034624817 0.955750862 2.581892714 -0.953512625 -0.066751096 -0.293867895 -5.823106403 0.073972461 -0.997168787 -0.013514993 0.332228388
-0.189626985 -0.035269826 0.981222810 2.611141427 -0.978313745 -0.078021861 -0.191869820 -5.853420867 0.083324031 -0.996327986 -0.019709866 0.332827713
-0.189775104 -0.041413164 0.980953867 2.783773390 -0.978387441 -0.075584058 -0.192470506 -5.871202746 0.082115223 -0.996278811 -0.026174110 0.348067927
-0.126978695 -0.032075855 0.991386783 2.907372750 -0.989249603 -0.068999273 -0.128937560 -5.888350890 0.072540743 -0.997100810 -0.022969589 0.330111994
-0.121037709 -0.034422751 0.992051266 3.126202463 -0.989537776 -0.074871342 -0.123328213 -5.943144033 0.078521543 -0.996599169 -0.025000376 0.325285403
-0.114553633 -0.035338732 0.992788545 3.368327163 -0.990282816 -0.075256316 -0.116943722 -5.974687538 0.078846243 -0.996538015 -0.026374460 0.333869514
-0.110582333 -0.036440095 0.993198813 3.633838569 -0.991522536 -0.064551207 -0.112764163 -6.019541239 0.068221323 -0.997249218 -0.028992963 0.332931590
-0.098683500 -0.034864137 0.994508240 3.855866949 -0.992756731 -0.065365529 -0.100800934 -6.060127548 0.068520865 -0.997252555 -0.028161131 0.328941034
-0.045032078 -0.036381998 0.998322495 4.025794913 -0.996425179 -0.069871551 -0.047492866 -6.089469790 0.071482286 -0.996891857 -0.033105469 0.333363481
0.072234426 -0.047273080 0.996266776 4.153088065 -0.995087284 -0.071219241 0.068769510 -6.073015152 0.067702413 -0.996339472 -0.052185276 0.341286033
0.164404863 -0.031677318 0.985883954 4.275965297 -0.984112689 -0.073186954 0.161758034 -6.033889350 0.067029852 -0.996815309 -0.043206322 0.300935286
0.139157617 -0.057235476 0.988614833 4.494448546 -0.987504651 -0.082573288 0.134220893 -5.992436676 0.073950944 -0.994940218 -0.068011062 0.330040512
0.128196818 -0.034960596 0.991132509 4.648250621 -0.989776561 -0.067502494 0.125640413 -5.976887404 0.062511486 -0.997106166 -0.043256808 0.294410081
0.116428605 -0.040356585 0.992378531 4.782932949 -0.990649957 -0.076266063 0.113124201 -5.951314636 0.071119495 -0.996270519 -0.048858767 0.313926927
0.105320515 -0.049028291 0.993228967 4.906177483 -0.992179637 -0.072452555 0.101632850 -5.945491979 0.066979048 -0.996166383 -0.056275672 0.297924037
0.087834326 -0.035814370 0.995491377 5.073835739 -0.994166583 -0.065946199 0.085344994 -5.920956707 0.062592253 -0.997179897 -0.041397821 0.279878269
0.031478623 -0.059544429 0.997729116 5.132965392 -0.996618009 -0.077683549 0.026807386 -5.947360765 0.075910878 -0.995198056 -0.061788381 0.298840524
0.005165543 -0.045696822 0.998941875 5.281512523 -0.998117208 -0.061294751 0.002357369 -5.931074286 0.061122151 -0.997073091 -0.045927389 0.294272788
-0.022728137 -0.040438785 0.998923873 5.462797793 -0.997300444 -0.068865604 -0.025478952 -5.911164210 0.069821787 -0.996805916 -0.038764458 0.274702020
-0.030767533 -0.055457401 0.997986452 5.592041549 -0.997011681 -0.069077188 -0.034576029 -5.949325767 0.070855654 -0.996068886 -0.053166241 0.291996191
-0.045522007 -0.054272963 0.997488414 5.815246814 -0.996302700 -0.070359640 -0.049296129 -5.958048939 0.072858377 -0.996044472 -0.050869348 0.287058698
-0.069636660 -0.043129966 0.996639457 5.982638046 -0.995524950 -0.060966139 -0.072197893 -5.939640182 0.063875119 -0.997207477 -0.038691459 0.260726989
-0.088839345 -0.040008923 0.995242308 6.090321305 -0.993816446 -0.063262410 -0.091255042 -5.971596423 0.066612401 -0.997194853 -0.034141333 0.257255343
-0.085373191 -0.045518185 0.995309072 6.235193909 -0.993367452 -0.073330048 -0.088560099 -5.988820669 0.077017159 -0.996268566 -0.038955887 0.251908042
-0.173264273 -0.042913307 0.983939849 6.342084723 -0.982071083 -0.067805852 -0.175891776 -6.009374906 0.074264990 -0.996775052 -0.030395640 0.250641272
-0.300115106 -0.034364817 0.953284178 6.410802585 -0.951736228 -0.056539411 -0.301665776 -6.040748017 0.064264732 -0.997809198 -0.015737868 0.260547946
-0.366149753 -0.037769868 0.929788776 6.488537178 -0.928208567 -0.056102147 -0.367807030 -6.114323703 0.066055229 -0.997710110 -0.014516470 0.258549574
-0.367627583 -0.034003762 0.929351315 6.647962709 -0.927252396 -0.062985952 -0.369101685 -6.163054253 0.071086911 -0.997434773 -0.008374679 0.258776490
-0.411010125 -0.037234130 0.910870151 6.753819234 -0.909023351 -0.058769213 -0.412580120 -6.221850870 0.068893177 -0.997577081 -0.009691948 0.273704032
-0.527393005 -0.036182709 0.848850710 6.811470849 -0.847240720 -0.052345624 -0.528624315 -6.274007886 0.063560623 -0.997973644 -0.003048711 0.270008983
-0.644135162 -0.044015280 0.763643696 6.860147453 -0.761625853 -0.055526181 -0.645634031 -6.348806463 0.070819947 -0.997486992 0.002243285 0.275931148
-0.649854470 -0.044738421 0.758741340 6.974992814 -0.757071754 -0.050313336 -0.651391523 -6.477752900 0.067317023 -0.997730468 -0.001173890 0.285619396
-0.661749753 -0.039925778 0.748661435 7.077800429 -0.746861553 -0.052080821 -0.662936924 -6.596192158 0.065459169 -0.997844186 0.004645401 0.289343298
-0.764504344 -0.044603580 0.643074115 7.077423626 -0.641026660 -0.052565012 -0.765716531 -6.606544204 0.067956807 -0.997621314 0.011594023 0.288061339
-0.815937180 -0.044676951 0.576411239 7.103915366 -0.574815616 -0.044084853 -0.817095159 -6.684176923 0.061916341 -0.998028012 0.010289501 0.293019571
-0.859481065 -0.033555812 0.510065028 7.159335476 -0.508296075 -0.049516031 -0.859757305 -6.810025234 0.054106274 -0.998209481 0.025501802 0.286637616
-0.903241651 -0.029092704 0.428145343 7.153052870 -0.426823489 -0.042440982 -0.903338108 -6.896171503 0.044451420 -0.998675756 0.025916976 0.303178311
-0.913307362 -0.032237262 0.405992978 7.201988152 -0.403845140 -0.057338220 -0.913028500 -7.019166499 0.052712436 -0.997834077 0.039348537 0.300004189
-0.956407856 -0.025008495 0.290961153 7.200145695 -0.289332829 -0.054050846 -0.955701454 -7.099390812 0.039627295 -0.998224973 0.044458861 0.307228471
-0.984241144 -0.026506622 0.174834705 7.172905532 -0.173350157 -0.050633216 -0.983558210 -7.160873965 0.034923281 -0.998365049 0.045240467 0.316480813
-0.991052910 -0.037231864 0.128173490 7.177168052 -0.126889542 -0.035022557 -0.991298514 -7.251807581 0.041396849 -0.998692991 0.029984869 0.340104156
-0.992544930 -0.026356121 0.118992284 7.158242296 -0.117571366 -0.050135870 -0.991798198 -7.347189412 0.032105743 -0.998394539 0.046663472 0.331481554
-0.999467848 -0.030262334 0.012206411 7.137358629 -0.011168127 -0.034243829 -0.999351069 -7.409672208 0.030660685 -0.998955569 0.033887615 0.355199249
-0.994484999 -0.031906160 -0.099909970 7.120219122 0.101055189 -0.036552797 -0.994209225 -7.491172368 0.028069428 -0.998821781 0.039575494 0.348151499
-0.991363505 -0.026611572 -0.128412765 7.086642387 0.129500463 -0.044241749 -0.990592379 -7.626298233 0.020680004 -0.998666405 0.047305888 0.344029958
-0.996418439 -0.038002100 -0.075534818 7.064508501 0.076655755 -0.028932932 -0.996638032 -7.825201769 0.035688861 -0.998858284 0.031742385 0.369073278
-0.997472587 -0.039007536 0.059380715 7.064241938 -0.058234721 -0.029885945 -0.997855292 -7.900987923 0.040698520 -0.998791762 0.027538822 0.376987383
-0.993184381 -0.031113757 0.112321041 7.082075864 -0.110694995 -0.049813619 -0.992605368 -8.004421673 0.036478769 -0.998274236 0.046029980 0.355401934
-0.992708444 -0.036640483 0.114836174 7.081937137 -0.113422585 -0.038576558 -0.992798115 -8.114020873 0.040806545 -0.998584083 0.034139423 0.380365756
-0.993236506 -0.040703646 0.108741698 7.093356641 -0.107493443 -0.031698802 -0.993700127 -8.306550501 0.043894193 -0.998668672 0.027109012 0.388435827
-0.979563643 -0.039119787 0.197292132 7.092670444 -0.196201691 -0.030018507 -0.980103705 -8.421217887 0.044263858 -0.998783284 0.021729657 0.403683868
-0.964732728 -0.023336186 0.262195773 7.147527492 -0.261241475 -0.037392905 -0.964548837 -8.519695845 0.032313180 -0.999028132 0.029977773 0.398332865
-0.960799502 -0.021436932 0.276413148 7.150720220 -0.275490385 -0.038121971 -0.960547660 -8.640867501 0.031128613 -0.999043501 0.030721867 0.387622973
-0.955702706 -0.039605650 0.291656493 7.159786837 -0.290854003 -0.024842286 -0.956444775 -8.748535327 0.045126048 -0.998906498 0.012222390 0.419889651
-0.953978104 -0.022651873 0.299020672 7.191896628 -0.297914179 -0.042324737 -0.953654316 -8.842124685 0.034258001 -0.998847134 0.033628491 0.401497781
-0.952371173 -0.033173151 0.303133511 7.211749858 -0.302044601 -0.034101846 -0.952683602 -8.962023860 0.041940907 -0.998868002 0.022457800 0.417621766
-0.957085205 -0.019930641 0.289120899 7.243110575 -0.288170249 -0.040441577 -0.956724760 -9.051733536 0.030760607 -0.998983535 0.032962642 0.422662680
-0.963037587 -0.034982555 0.267086816 7.253809006 -0.265432628 -0.045629430 -0.963048774 -9.178801829 0.045876923 -0.998346095 0.034657312 0.418491474
-0.956042720 -0.037503687 0.290820331 7.261265403 -0.289668250 -0.033277460 -0.956548084 -9.280520394 0.045551862 -0.998741840 0.020951011 0.432198952
-0.957282382 -0.024495759 0.288116744 7.292068025 -0.286702064 -0.049138858 -0.956758410 -9.371470795 0.037594245 -0.998491074 0.040016731 0.421718911
-0.971748900 -0.028712518 0.234265800 7.299487959 -0.232852539 -0.045417240 -0.971451437 -9.472405150 0.038532569 -0.998555041 0.037448467 0.435908686
-0.971795655 -0.034822434 0.233239841 7.300714676 -0.231758049 -0.041865001 -0.971871829 -9.579974383 0.043607540 -0.998516372 0.032613827 0.433253037
-0.976471270 -0.027446051 0.213895442 7.322824199 -0.212421029 -0.048536812 -0.975971517 -9.677831901 0.037168343 -0.998444591 0.041564585 0.434663904
-0.993552595 -0.032657107 0.108565964 7.312277451 -0.106954579 -0.047599447 -0.993124141 -9.743208269 0.037600232 -0.998332456 0.043799766 0.436413304
-0.999453368 -0.028114769 -0.017374964 7.299302854 0.018357588 -0.035078068 -0.999216148 -9.827897375 0.027483197 -0.998989102 0.035575036 0.442058253
-0.998860749 -0.029655921 -0.037379884 7.289532775 0.038605697 -0.041899539 -0.998375271 -9.969037251 0.028041542 -0.998681407 0.042996700 0.439778530
-0.998383633 -0.046765012 -0.032283270 7.280033578 0.033861481 -0.033357002 -0.998869311 -10.070222706 0.045635254 -0.998348846 0.034886617 0.460728211
-0.998301806 -0.027942220 -0.051114076 7.273460843 0.052430637 -0.048614028 -0.997440358 -10.174969737 0.025385836 -0.998426217 0.049996534 0.446869811
-0.996278277 -0.047443208 -0.071964993 7.266246349 0.073616815 -0.034050699 -0.996705586 -10.279173737 0.044836467 -0.998293005 0.037416644 0.454900058
-0.994975454 -0.038122357 -0.092577137 7.272641475 0.093975559 -0.036693088 -0.994898023 -10.404062215 0.034530928 -0.998599142 0.040091300 0.465614544
-0.988966142 -0.050880983 -0.139126309 7.231362234 0.140957094 -0.034356327 -0.989419262 -10.536830103 0.045562787 -0.998114095 0.041149304 0.467202872
-0.957481550 -0.043386974 -0.285213572 7.216352323 0.287002117 -0.042809922 -0.956973448 -10.598708531 0.029310168 -0.998140609 0.053441890 0.463468117
-0.907855329 -0.038840429 -0.417480733 7.175333380 0.418638185 -0.028772641 -0.907696590 -10.666779734 0.023243327 -0.998831363 0.042381481 0.472375119
-0.836115568 -0.034125501 -0.547490501 7.114547744 0.548436364 -0.031407356 -0.835601773 -10.732956780 0.011320099 -0.998923924 0.044975822 0.479744390
-0.805072366 -0.035723813 -0.592099987 7.024334485 0.593103572 -0.032794230 -0.804457767 -10.821771266 0.009320846 -0.998823052 0.047589653 0.489418333
-0.803474570 -0.038671168 -0.594082483 6.888927783 0.595339205 -0.051437227 -0.801825975 -10.963873176 0.000449633 -0.997927447 0.064350964 0.485196317
-0.799098821 -0.042324964 -0.599708553 6.789430673 0.601068491 -0.035364216 -0.798414752 -11.111463870 0.012584663 -0.998477805 0.053699696 0.494680764
-0.806920054 -0.029288416 -0.589933671 6.792631009 0.590632821 -0.049526260 -0.805418887 -11.151122672 -0.005627762 -0.998342975 0.057262522 0.493843576
-0.788530249 -0.029509525 -0.614288164 6.784698069 0.614995746 -0.038516609 -0.787588472 -11.142123458 -0.000418938 -0.998822068 0.048519746 0.508855957
-0.688742676 -0.028713442 -0.724436562 6.758282899 0.724927178 -0.041994239 -0.687544580 -11.129166859 -0.010680380 -0.998705366 0.049738372 0.503148819
-0.570716009 -0.029837105 -0.820604862 6.749288717 0.820794006 -0.050038386 -0.569028840 -11.124693612 -0.024083588 -0.998301827 0.053047817 0.498846893
-0.460361789 -0.023387145 -0.887423235 6.732859994 0.887514091 -0.034268768 -0.459504951 -11.110288170 -0.019664406 -0.999139057 0.036532411 0.516657276
-0.339232161 -0.032457285 -0.940142793 6.740047050 0.940459755 -0.034404867 -0.338158696 -11.095429502 -0.021369758 -0.998880727 0.042196009 0.506870162
-0.217019290 -0.030591541 -0.975687881 6.737974678 0.975334860 -0.048054841 -0.215433945 -11.084775667 -0.040296143 -0.998375847 0.040265848 0.513868647
-0.079372908 -0.025700846 -0.996513806 6.730695948 0.995754690 -0.048796217 -0.078053914 -11.067987190 -0.046620061 -0.998477953 0.029464836 0.504466387
0.055432917 -0.030210474 -0.998005582 6.733794181 0.996919861 -0.053868294 0.057003254 -11.045213314 -0.055482928 -0.998091302 0.027131340 0.512610172
0.188590070 -0.026767063 -0.981691373 6.715872783 0.980618393 -0.048944157 0.189718300 -11.028354935 -0.053126303 -0.998442596 0.017017917 0.504058296
0.339171137 -0.019197759 -0.940528452 6.735988588 0.938936136 -0.054710981 0.339713743 -11.011756571 -0.057978942 -0.998317703 -0.000530888 0.524123334
0.467419848 -0.024563020 -0.883694194 6.747475451 0.881650368 -0.060429482 0.468017735 -11.004935880 -0.064897097 -0.997869935 -0.006589915 0.511909976
0.596275628 -0.018025446 -0.802577557 6.760037504 0.800953630 -0.054046345 0.596281944 -10.991966751 -0.054124666 -0.998375461 -0.017788920 0.519681843
0.710048176 -0.015658595 -0.703979670 6.753883669 0.702433007 -0.054095376 0.709691522 -10.980811727 -0.049194825 -0.998413171 -0.027411151 0.521312872
0.817630786 -0.017487229 -0.575476942 6.792746911 0.573947660 -0.054101806 0.817103189 -10.958356033 -0.045423164 -0.998382231 -0.034198590 0.505915042
0.898260088 -0.020224667 -0.438999262 6.812171090 0.437333637 -0.057127170 0.897483009 -10.933596107 -0.043230116 -0.998162013 -0.042470041 0.515310729
0.952620498 -0.025575258 -0.303083460 6.811978491 0.301427368 -0.053910841 0.951963801 -10.926112735 -0.040686255 -0.998217786 -0.043647500 0.508129769
0.986954379 -0.028586201 -0.158443612 6.825548781 0.156352836 -0.064596517 0.985586522 -10.912911680 -0.038409103 -0.997501449 -0.059284244 0.525724925
0.999074227 -0.032691484 -0.027958763 6.816046873 0.025834720 -0.063681471 0.997636131 -10.846342071 -0.034394643 -0.997434811 -0.062778006 0.519775025
0.993244913 -0.028846294 0.112390973 6.842763308 -0.114127803 -0.068052970 0.991132822 -10.760875058 -0.020941951 -0.997265013 -0.070885411 0.532509360
0.966593685 -0.024021061 0.255184147 6.874930078 -0.256228224 -0.065032774 0.964426280 -10.726366080 -0.006571165 -0.997593778 -0.069015237 0.529143611
0.928403091 -0.032330240 0.370164836 6.895540964 -0.371515487 -0.063119959 0.926278672 -10.739995386 -0.006582056 -0.997482383 -0.070611964 0.525689504
0.931602562 -0.017603609 0.363050819 7.002940276 -0.363420595 -0.062865214 0.929501369 -10.550032377 0.006460772 -0.997867217 -0.064962928 0.501857390
0.937265289 -0.023569552 0.347820078 7.052257298 -0.348615352 -0.059471571 0.935377447 -10.401007204 -0.001361042 -0.997952175 -0.063957268 0.505935076
0.945013362 -0.037725029 0.324849344 7.146434911 -0.326765768 -0.068755685 0.942600730 -10.250353253 -0.013224416 -0.996919966 -0.077302172 0.507595445
0.971249357 -0.033424203 0.235707659 7.155850963 -0.237403198 -0.062189259 0.969418540 -10.184380656 -0.017743640 -0.997504126 -0.068336319 0.494091082
0.994400291 -0.025097341 0.102650484 7.163013468 -0.104110960 -0.066226608 0.992358589 -10.094511007 -0.018107270 -0.997488898 -0.068468722 0.488764435
0.995791871 -0.032423029 0.085720393 7.186932619 -0.087716876 -0.066188672 0.993944291 -9.894455689 -0.026552935 -0.997280620 -0.068754188 0.477267384
0.993999588 -0.026272174 0.106181929 7.207371780 -0.107686961 -0.064703955 0.992076573 -9.696771483 -0.019193619 -0.997558324 -0.067144888 0.462397771
0.995005730 -0.034255143 0.093757710 7.237178898 -0.096010569 -0.071457807 0.992812016 -9.478296743 -0.027309246 -0.996854748 -0.074389762 0.458935051
0.999608760 -0.027135027 -0.006768355 7.244777870 0.004851785 -0.070084982 0.997528958 -9.309648411 -0.027542368 -0.997171908 -0.069925867 0.444830393
0.999216512 -0.027894602 -0.028092782 7.243318219 0.025866708 -0.077187467 0.996681318 -9.152167428 -0.029970471 -0.996625829 -0.076405438 0.438210104
0.994375104 -0.025232369 -0.102869676 7.204833067 0.101048860 -0.065123886 0.992747912 -8.918235761 -0.031748640 -0.997557685 -0.062207870 0.414153031
0.992605625 -0.023385360 -0.119110007 7.179518536 0.117089566 -0.074233967 0.990343195 -8.649699757 -0.032001523 -0.996966457 -0.070946887 0.401586162
0.965499154 -0.030807746 -0.258579210 7.168055159 0.255187355 -0.085901072 0.963068351 -8.550885059 -0.051882169 -0.995827442 -0.075075575 0.413036839
0.920627374 -0.023495992 -0.389733449 7.128281135 0.387025605 -0.076829464 0.918862186 -8.464800868 -0.051532583 -0.996766971 -0.061637772 0.384246347
0.958952034 -0.021146988 -0.282780322 7.100313933 0.280314104 -0.079981088 0.956570868 -8.355979934 -0.042845649 -0.996571665 -0.070770223 0.383434010
0.988896220 -0.018520680 -0.147449215 7.098406829 0.145745636 -0.072913761 0.986631330 -8.238232330 -0.029024181 -0.997165842 -0.069404831 0.380180082
0.986392380 -0.020366328 -0.163142804 7.116942815 0.161075757 -0.079095908 0.983767706 -8.045527794 -0.032939700 -0.996658501 -0.074739109 0.385719611
0.989688254 -0.014638720 -0.142488151 7.042385520 0.140887552 -0.080017004 0.986787109 -7.827641707 -0.025846745 -0.996685735 -0.077129522 0.363880644
0.988488800 -0.011774689 -0.150834764 7.051108973 0.149052989 -0.095131065 0.984242763 -7.699304988 -0.025938188 -0.995394672 -0.092280963 0.364673748
0.995808206 -0.020308803 -0.089187563 7.035716121 0.087147104 -0.085580888 0.992512894 -7.473619428 -0.027789556 -0.996124096 -0.083452298 0.348197300
0.997558037 -0.015163979 0.068170479 7.037424775 -0.069126697 -0.075572817 0.994741089 -7.340868580 -0.009932395 -0.997024578 -0.076436570 0.325393737
0.978434811 -0.022392116 0.205337367 7.079082500 -0.206394860 -0.066983230 0.976173314 -7.298200712 -0.008104437 -0.997503115 -0.070160349 0.305976908
0.941787057 -0.032000086 0.334682059 7.126045228 -0.336124115 -0.067260235 0.939413456 -7.271928473 -0.007550437 -0.997221804 -0.074100897 0.311076791
0.889775213 -0.026155754 0.455648793 7.209737979 -0.456222381 -0.078724180 0.886376324 -7.239521573 0.012686749 -0.996553453 -0.081979643 0.300349012
0.805667757 -0.030732211 0.591569886 7.260808818 -0.591883237 -0.082139690 0.801827792 -7.152795950 0.023949381 -0.996146582 -0.084367203 0.292734035
0.711172242 -0.026868023 0.702504178 7.345478243 -0.702687149 -0.057818919 0.709145811 -7.069846438 0.021564677 -0.997965697 -0.059999028 0.273711480
0.631921375 -0.033198377 0.774320859 7.400441630 -0.775031824 -0.028679264 0.631271181 -7.031697656 0.001249785 -0.999037616 -0.043852785 0.270465048
0.588154522 -0.029514074 0.808209940 7.520992684 -0.807925633 -0.066517562 0.585518189 -7.020105833 0.036479042 -0.997348185 -0.062967732 0.299079665
0.496500764 -0.038288794 0.867191223 7.595078949 -0.867158103 -0.066801328 0.493531924 -6.954767517 0.039032789 -0.997031377 -0.066369396 0.291620131
0.375620974 -0.043157599 0.925768452 7.677069802 -0.925845289 -0.062164510 0.372753835 -6.941157216 0.041462714 -0.997132460 -0.063307535 0.295051808
0.314943495 -0.046954156 0.947948407 7.814017539 -0.948207567 -0.059128699 0.312100770 -6.901585773 0.041396583 -0.997145709 -0.063144439 0.271995056
0.288440881 -0.047632666 0.956311858 7.907888091 -0.956692089 -0.055301471 0.285800921 -6.878665263 0.039272067 -0.997333027 -0.061520981 0.277845774
0.162971204 -0.046257720 0.985545747 7.987601334 -0.985347310 -0.058558115 0.160189649 -6.906799990 0.050301697 -0.997211366 -0.055123255 0.270520920
0.040195792 -0.039238680 0.998420736 8.064177189 -0.998220683 -0.045622878 0.038394692 -6.994625769 0.044044284 -0.998187884 -0.041002698 0.261704710
-0.027634172 -0.034342326 0.999028503 8.203213494 -0.997875352 -0.058040790 -0.029597454 -7.052906281 0.059000779 -0.997723503 -0.032665461 0.259351317
-0.030190919 -0.038522498 0.998801953 8.330237096 -0.998244530 -0.049770498 -0.032093608 -7.006456205 0.050947220 -0.998017897 -0.036952269 0.280258566
-0.123321509 -0.031226690 0.991875106 8.464518931 -0.990611031 -0.055562937 -0.124912847 -7.030022238 0.059012080 -0.997966861 -0.024081406 0.262347544
-0.187063425 -0.022229065 0.982096497 8.603631575 -0.980549665 -0.056236737 -0.188041899 -7.084632647 0.059409850 -0.998169764 -0.011276896 0.257811880
-0.276579028 -0.044415612 0.959964141 8.694424717 -0.959026742 -0.051088095 -0.278671976 -7.164589482 0.061420156 -0.997706257 -0.028465860 0.249832921
-0.403346439 -0.044256292 0.913976532 8.764488637 -0.911866361 -0.063770352 -0.405503919 -7.190704203 0.076230619 -0.996982651 -0.014634277 0.254728706
-0.512204350 -0.041090423 0.857880258 8.823263569 -0.856070129 -0.056073942 -0.513809517 -7.215657297 0.069217372 -0.997580278 -0.006454939 0.247690928
-0.630066927 -0.051543630 0.774827768 8.881590848 -0.773470077 -0.046983536 -0.632088546 -7.297138452 0.068984288 -0.997565112 -0.010264690 0.270804225
-0.728266909 -0.042190905 0.683994385 8.937880196 -0.682565344 -0.044314528 -0.729479204 -7.390437426 0.061088209 -0.998126631 0.003474701 0.265644294
-0.819285173 -0.044983872 0.571618865 8.971971986 -0.570101911 -0.042647432 -0.820466052 -7.436708652 0.061285912 -0.998076799 0.009295023 0.274733711
-0.889527857 -0.044466941 0.454711274 8.999829131 -0.453267867 -0.039014106 -0.890520321 -7.516555164 0.057338851 -0.998248535 0.014548718 0.290993123
-0.943260670 -0.039980402 0.329638996 9.016488618 -0.327448205 -0.052776501 -0.943393890 -7.612542228 0.055114434 -0.997806072 0.036690462 0.274958512
-0.978401266 -0.033450275 0.203992671 9.024753651 -0.202318147 -0.047524305 -0.978165614 -7.694208745 0.042414512 -0.998309570 0.039730122 0.287497338
-0.998071126 -0.037812141 0.049240943 9.006775090 -0.047798099 -0.038158846 -0.998127632 -7.793387704 0.039620354 -0.998555590 0.036277898 0.299152002
-0.999319216 -0.035657962 0.009501588 9.012701080 -0.008286481 -0.034072790 -0.999384621 -7.915035417 0.035959791 -0.998783107 0.033754097 0.313596828
-0.999388727 -0.033228741 0.010843120 9.005973181 -0.009234478 -0.048188428 -0.998795519 -8.073169219 0.033711232 -0.998284996 0.047852108 0.307745222
-0.999649501 -0.026030511 0.004850180 9.010991547 -0.003746870 -0.042268154 -0.999099059 -8.219494275 0.026212171 -0.998767046 0.042155738 0.311910102
-0.999317622 -0.029972015 0.021580725 8.997055054 -0.020453392 -0.037422940 -0.999090396 -8.389412094 0.030752359 -0.998850037 0.036784375 0.330095441
-0.999308236 -0.033658608 0.015837976 8.985280962 -0.014579730 -0.037305729 -0.999197436 -8.557591161 0.034222455 -0.998737087 0.036789171 0.346126468
-0.986323627 -0.028712477 0.162302166 9.026578747 -0.161271839 -0.035138503 -0.986284618 -8.632229598 0.034021673 -0.998970387 0.030027382 0.351942287
-0.953120033 -0.027685757 0.301322499 9.039674687 -0.300421829 -0.032475039 -0.953253373 -8.704123189 0.036176977 -0.999088838 0.022635242 0.360900140
-0.905143471 -0.042588291 0.422967458 9.081253386 -0.421890430 -0.032150628 -0.906076512 -8.771685005 0.052186899 -0.998575445 0.011133332 0.357485291
-0.843287145 -0.036660904 0.536211163 9.136743839 -0.535409363 -0.029837490 -0.844065506 -8.848292874 0.046943431 -0.998881847 0.005532994 0.347736300
-0.765612954 -0.037006744 0.642235443 9.164291212 -0.640944268 -0.041493941 -0.766464874 -8.864477499 0.055013263 -0.998452765 0.008049051 0.353357692
-0.694295593 -0.033601979 0.718905088 9.195042455 -0.718019728 -0.035679306 -0.695107327 -8.877196233 0.049007026 -0.998798720 0.000645096 0.363106499
-0.691108788 -0.036362720 0.721835271 9.273846923 -0.720225808 -0.048768987 -0.692023785 -8.970506472 0.060367096 -0.998148028 0.007515330 0.346595430
-0.595773223 -0.042692827 0.802016792 9.290624746 -0.800866751 -0.043708350 -0.597245510 -8.948082084 0.060552935 -0.998131663 -0.008150960 0.360123862
-0.483018574 -0.041661530 0.874618764 9.290151724 -0.873603297 -0.044656665 -0.484585769 -8.962243965 0.059246109 -0.998133003 -0.014825666 0.350180247
-0.360338840 -0.031837692 0.932278320 9.308523458 -0.930375588 -0.060053074 -0.361655268 -8.962519419 0.067500299 -0.997687330 -0.007981587 0.340960899
-0.239640934 -0.041075685 0.969992353 9.305402468 -0.968888758 -0.053549506 -0.241635270 -8.944183703 0.061867961 -0.997719790 -0.026965135 0.349249066
-0.105070969 -0.052524752 0.993077023 9.293447902 -0.992606387 -0.055481630 -0.107955512 -8.906358426 0.060767866 -0.997077556 -0.046306923 0.355398886
0.019608350 -0.044380055 0.998821825 9.303013510 -0.998595999 -0.050038991 0.017380539 -8.898553144 0.049208677 -0.997760834 -0.045298903 0.353993899
0.147156642 -0.048282005 0.987933675 9.313240932 -0.988032079 -0.053872441 0.144538130 -8.908531092 0.046243843 -0.997379495 -0.055631768 0.349713155
0.302296132 -0.038296090 0.952444732 9.294587410 -0.952359588 -0.054429453 0.300080867 -8.889977999 0.040349072 -0.997783004 -0.052925485 0.348660525
0.423682007 -0.042227449 0.904825789 9.297083156 -0.905394926 -0.050016048 0.421614022 -8.872864885 0.027452082 -0.997855723 -0.059423341 0.350051286
0.538613326 -0.045427173 0.841327513 9.291806977 -0.842139566 -0.060300926 0.535876638 -8.865607372 0.026389396 -0.997145865 -0.070734847 0.343015404
0.661004150 -0.036394957 0.749499156 9.277961007 -0.750108912 -0.059022089 0.658675615 -8.837166012 0.020264507 -0.997593094 -0.066314016 0.326381727
0.770219392 -0.028437871 0.637145574 9.255947401 -0.637467140 -0.065603125 0.767679856 -8.829631615 0.019967594 -0.997440216 -0.068657006 0.333733394
0.849367103 -0.024777414 0.527220212 9.268446184 -0.527710298 -0.058480549 0.847408799 -8.826548579 0.009835524 -0.997981492 -0.062746751 0.321266576
0.911136733 -0.037516106 0.410393380 9.245844575 -0.411967255 -0.057212970 0.909400810 -8.835663345 -0.010637336 -0.997656612 -0.067584293 0.321612118
0.957187783 -0.024762445 0.288405539 9.237928142 -0.289412187 -0.062594569 0.955155631 -8.819209967 -0.005599365 -0.997731742 -0.067081434 0.319679417
0.975231006 -0.035695934 0.218290981 9.237560120 -0.220138676 -0.060514372 0.973589634 -8.750864715 -0.021543456 -0.997528499 -0.066873499 0.325213245
0.987642722 -0.028486002 0.154108993 9.256857856 -0.155479018 -0.054626056 0.986327577 -8.675228006 -0.019678167 -0.998100095 -0.058380013 0.312491687
0.999547908 -0.029165447 0.007339124 9.223259678 -0.008721901 -0.047571443 0.998830140 -8.659775916 -0.028782206 -0.998441560 -0.047804367 0.304911772
0.997270899 -0.013277888 -0.072629342 9.239504512 0.071790447 -0.055403041 0.995879458 -8.611496844 -0.017247066 -0.998375541 -0.054298555 0.313367823
0.995801340 -0.020347298 -0.089255570 9.237226410 0.087937300 -0.058422836 0.994411480 -8.420167221 -0.025448195 -0.998084297 -0.056388312 0.302510929
0.996324953 -0.009251224 -0.085147304 9.241335511 0.084496226 -0.056345601 0.994829601 -8.277103763 -0.014001066 -0.998368222 -0.055356848 0.304492667
0.993530716 -0.015730559 -0.112472114 9.223540252 0.111333410 -0.060533406 0.991937707 -8.082482353 -0.022412102 -0.998042515 -0.058390483 0.289265226
0.990514961 -0.019737455 -0.135980150 9.207211155 0.134355390 -0.068199283 0.988583551 -7.858938117 -0.028785827 -0.997476836 -0.064900550 0.295937827
0.988111263 -0.016534460 -0.152846937 9.198380196 0.151405130 -0.067904903 0.986136206 -7.601494491 -0.026684247 -0.997554317 -0.064594248 0.287578088
0.985759655 -0.024041256 -0.166430944 9.181798496 0.164290323 -0.073364091 0.983679841 -7.272713748 -0.035858993 -0.997015007 -0.068369691 0.275380829
0.983888477 -0.014279366 -0.178214018 9.186852559 0.177207717 -0.054250757 0.982677244 -7.006172355 -0.023700362 -0.998424845 -0.050846298 0.242759487
0.980068696 -0.021481148 -0.197495923 9.154521042 0.196246672 -0.049830499 0.979287679 -6.712405616 -0.030877553 -0.998526162 -0.044621708 0.233149744
0.979048182 -0.014200988 -0.203131900 9.148368900 0.202119712 -0.053425393 0.977902739 -6.390831211 -0.024739530 -0.998470972 -0.049435727 0.227947476
0.981420227 -0.019216447 -0.190904874 9.133125075 0.189430532 -0.061093166 0.979992068 -6.039194766 -0.030494890 -0.997946842 -0.056317934 0.187979664
0.993735954 -0.022743605 -0.109410912 9.128157332 0.108177690 -0.049784028 0.992884205 -5.845589936 -0.028028685 -0.998501481 -0.047011817 0.182161765
0.999441784 -0.018106881 0.028069985 9.157650901 -0.029132255 -0.061345774 0.997691648 -5.710618049 -0.016343085 -0.997952157 -0.061839066 0.181099044
0.996274923 -0.032887712 0.079722052 9.191852616 -0.081569092 -0.059310153 0.994901436 -5.505290637 -0.027991757 -0.997697799 -0.061771843 0.180573615
0.998674003 -0.019904204 0.047479310 9.253621972 -0.048547918 -0.057170612 0.997182906 -5.151677436 -0.017133705 -0.998165859 -0.058061048 0.156394010
0.999200834 -0.031792975 0.024223466 9.276284490 -0.026494552 -0.073072733 0.996974738 -4.825003244 -0.029926720 -0.996819515 -0.073856638 0.147922284
0.999397430 -0.029794729 0.017782494 9.318748144 -0.019718615 -0.066001231 0.997624631 -4.558973185 -0.028550272 -0.997374838 -0.066549013 0.139959366
0.999436752 -0.033023526 0.005962732 9.375241458 -0.008149711 -0.066490437 0.997754177 -4.259120401 -0.032552897 -0.997240146 -0.066722205 0.106248136
0.999365168 -0.035593111 -0.001339611 9.414637784 -0.001074679 -0.067722848 0.997703675 -3.953494524 -0.035602077 -0.997069048 -0.067718199 0.101187259
0.999648527 -0.024733128 -0.009564356 9.445220792 0.008009472 -0.062219934 0.998030365 -3.688320062 -0.025279600 -0.997755729 -0.062000021 0.077816738
0.998979278 -0.033241688 -0.030574975 9.491735425 0.028147327 -0.071194680 0.997065330 -3.329282057 -0.035320875 -0.996908758 -0.070186336 0.078675824
0.999750002 -0.008876255 -0.020522287 9.551016925 0.019999935 -0.055396501 0.998264204 -2.977242892 -0.009997754 -0.998424578 -0.055205111 0.049247091
0.999715157 -0.023751530 -0.002361414 9.583698813 0.001116263 -0.052302392 0.998630303 -2.671907464 -0.023842434 -0.998349290 -0.052260978 0.027188849
0.999221869 -0.027985789 0.027782247 9.599561791 -0.029289842 -0.054981931 0.998057828 -2.440237159 -0.026403862 -0.998094908 -0.055758813 0.022687397
0.999496669 -0.031659376 0.001985971 9.602454621 -0.004166792 -0.068968093 0.997609947 -2.159907269 -0.031446734 -0.997116689 -0.069065345 0.025233393
0.992846285 -0.028063057 -0.116056299 9.577561202 0.114633388 -0.047888312 0.992252679 -2.039275752 -0.033403384 -0.998458585 -0.044328777 0.006807359
0.974175005 -0.026739813 -0.224204509 9.516769564 0.222540574 -0.054238676 0.973413653 -1.908528778 -0.038189456 -0.998169979 -0.046887244 0.006375775
0.973856195 -0.029785742 -0.225205288 9.454362356 0.222860447 -0.066825809 0.972556862 -1.614724136 -0.044017820 -0.997320054 -0.058440593 0.002495808
0.972917689 -0.028160932 -0.229431162 9.347501844 0.227136207 -0.067756444 0.971502550 -1.241675125 -0.042903869 -0.997304555 -0.059525033 0.001924667
0.963944644 -0.030329872 -0.264367186 9.260644095 0.262074242 -0.063972375 0.962924475 -0.942286299 -0.046117551 -0.997490700 -0.053717121 -0.001418605
0.918929417 -0.036137422 -0.392763873 9.198489316 0.389655076 -0.071183884 0.918205764 -0.795299846 -0.061140027 -0.996808604 -0.051331882 -0.012778673
0.860969308 -0.030360585 -0.507749996 9.110965477 0.505216347 -0.064867740 0.860551293 -0.682573825 -0.059063442 -0.997432162 -0.040510441 -0.015995009
0.767828515 -0.029994929 -0.639952615 8.999378443 0.637658314 -0.060723210 0.767921759 -0.533853289 -0.061893824 -0.997703409 -0.027498498 -0.020014419
0.661528426 -0.032498075 -0.749214776 8.901039257 0.746911253 -0.060847267 0.662133814 -0.431979381 -0.067105823 -0.997617976 -0.015979131 -0.014834049
0.552251867 -0.026096344 -0.833268871 8.710579322 0.831104741 -0.061222048 0.552734924 -0.331567195 -0.065438793 -0.997783339 -0.012121160 -0.028547230
0.433536657 -0.028295928 -0.900691711 8.542568531 0.899153406 -0.052676677 0.434450899 -0.268377401 -0.059738640 -0.998211081 0.002605128 -0.022587887
0.308880169 -0.033489284 -0.950511154 8.390284303 0.949446831 -0.048051954 0.310228145 -0.231134514 -0.056063206 -0.998283376 0.016953962 -0.040149228
0.152115106 -0.030635929 -0.987888073 8.182100280 0.986775526 -0.051924951 0.153553353 -0.219566637 -0.056000353 -0.998180610 0.022332230 -0.021319396
0.042312243 -0.034218870 -0.998518639 7.992758895 0.997898066 -0.047653161 0.043918992 -0.201007682 -0.049085496 -0.998277163 0.032130663 -0.006224075
0.013269377 -0.040883210 -0.999076120 7.654085585 0.998716792 -0.048299873 0.015241055 -0.163064312 -0.048878436 -0.997995366 0.040189863 -0.008624268
-0.069500245 -0.036598029 -0.996910275 7.272806289 0.996653682 -0.045653585 -0.067806326 -0.132632725 -0.043030970 -0.998286684 0.039648487 0.003709144
-0.213835343 -0.039509479 -0.976070298 7.090907487 0.976264212 -0.043826613 -0.212104459 -0.155325612 -0.034397836 -0.998257414 0.047943391 0.017594568
-0.260336209 -0.039439035 -0.964711745 6.773934263 0.965083915 -0.040582726 -0.258777415 -0.246247186 -0.028944703 -0.998397786 0.048627109 0.023788673
-0.302596514 -0.034390734 -0.952498310 6.251342286 0.952656514 -0.042031080 -0.301129539 -0.356100921 -0.029678418 -0.998524588 0.045481010 0.058480971
-0.210930688 -0.044411273 -0.976491497 5.961693674 0.977070677 -0.039224021 -0.209271726 -0.421347071 -0.029007913 -0.998243016 0.051666479 0.069465854
-0.069840218 -0.035528057 -0.996925297 5.797792376 0.996307126 -0.052523345 -0.067925046 -0.414016361 -0.049948644 -0.997987998 0.039065067 0.084439809
-0.047767546 -0.036372377 -0.998196329 5.411750909 0.997828247 -0.047115219 -0.046033137 -0.415455571 -0.045355890 -0.998227020 0.038543973 0.092585897
-0.052243884 -0.036322325 -0.997973128 4.906483170 0.997812801 -0.042427304 -0.050691287 -0.416995530 -0.040500129 -0.998439339 0.038459422 0.121273717
0.037556524 -0.038840411 -0.998539412 4.510272675 0.998169079 -0.045950317 0.039329938 -0.450162054 -0.047410740 -0.998188717 0.037043552 0.128930765
0.197855152 -0.034912142 -0.979609800 4.347488788 0.978455902 -0.053084266 0.199514294 -0.370840418 -0.058967269 -0.997979737 0.023657011 0.131579014
0.258575391 -0.033882561 -0.965396971 3.906231084 0.963903385 -0.056613722 0.260162554 -0.272284713 -0.063469669 -0.997821246 0.018020560 0.150958370
0.262855464 -0.041210056 -0.963954720 3.504943734 0.963108860 -0.048537289 0.264699713 -0.176914094 -0.057696015 -0.997970374 0.026931502 0.162830391
0.255585971 -0.032965586 -0.966224441 3.042258740 0.964868085 -0.054232050 0.257077485 -0.024327149 -0.060875031 -0.997983663 0.017946505 0.162093056
0.117497626 -0.034362433 -0.992478274 2.829018435 0.991072399 -0.059355525 0.119387037 -0.000706400 -0.063011486 -0.997645091 0.027081476 0.176040220
0.108920720 -0.033271811 -0.993493198 2.298093004 0.992262220 -0.056284133 0.110670207 0.096171371 -0.059600092 -0.997859988 0.026883872 0.205219942
-0.005154981 -0.037103020 -0.999298565 2.126631065 0.998677119 -0.051322847 -0.003246236 0.113458736 -0.051166337 -0.997992912 0.037318502 0.216876649
-0.160685214 -0.025407549 -0.986678301 1.968355373 0.985728523 -0.054965700 -0.159114886 0.097293215 -0.050190739 -0.998164777 0.033877109 0.229311219
-0.199659844 -0.028178277 -0.979459988 1.573167097 0.978386978 -0.060615951 -0.197697038 0.064689540 -0.053800122 -0.997763115 0.039671833 0.241032693
-0.231996722 -0.039207774 -0.971925937 1.213914077 0.971738367 -0.054150756 -0.229767381 0.006764395 -0.043621893 -0.997763038 0.050662465 0.244638761
-0.260827198 -0.030670249 -0.964897976 0.933671261 0.964138641 -0.059060125 -0.258744393 -0.048387626 -0.049051297 -0.997783325 0.044974833 0.265211999
-0.276526453 -0.037083695 -0.960290677 0.622409466 0.960211055 -0.051295521 -0.274522245 -0.070383159 -0.039078260 -0.997994515 0.049792745 0.272042851
-0.277508603 -0.023855905 -0.960427264 0.433199545 0.959739329 -0.052123203 -0.276014453 -0.120913905 -0.043476011 -0.998355983 0.037360060 0.293480062
-0.296808480 -0.032036743 -0.954399646 0.249773548 0.954193175 -0.049378291 -0.295086730 -0.143421860 -0.037672999 -0.998265803 0.045225182 0.284743796
-0.283968048 -0.025298363 -0.958500300 0.058620405 0.957861120 -0.052510636 -0.282392406 -0.209737586 -0.043187397 -0.998299690 0.039143651 0.290558047
-0.226052388 -0.034998748 -0.973485866 -0.013550673 0.972286251 -0.069312830 -0.223282223 -0.192275595 -0.059660449 -0.996981347 0.049697101 0.287131729
-0.115047968 -0.036206119 -0.992700232 -0.009896263 0.992432396 -0.047365044 -0.113289438 -0.175222636 -0.042917459 -0.998221455 0.041381379 0.295088081
0.023355350 -0.043803990 -0.998767026 -0.020129649 0.998585695 -0.046712582 0.025399909 -0.173727506 -0.047767661 -0.997947143 0.042651045 0.295908286
0.084541050 -0.038988471 -0.995657289 -0.099505451 0.994553742 -0.057835163 0.086711804 -0.183176447 -0.060964743 -0.997564717 0.033886683 0.296684988
0.146854649 -0.044542353 -0.988154424 -0.219822810 0.987542907 -0.050469184 0.149038887 -0.165910861 -0.056509925 -0.997732017 0.036575811 0.299757660
0.182164307 -0.025495492 -0.982936991 -0.251747045 0.981871155 -0.048544632 0.183225908 -0.115001712 -0.052387668 -0.998495753 0.016190155 0.304603548
0.287218707 -0.039138625 -0.957064941 -0.257959479 0.955769893 -0.054331912 0.289052410 -0.135717363 -0.063312187 -0.997755940 0.021802376 0.295084529
0.398513767 -0.029641038 -0.916683147 -0.261985765 0.915312442 -0.050595824 0.399553773 -0.134948851 -0.058223539 -0.998279656 0.006967637 0.299548181
0.515809892 -0.026527933 -0.856292788 -0.244785353 0.854777677 -0.051039616 0.516478788 -0.119852381 -0.057405967 -0.998344368 -0.003651219 0.303793600
0.622256951 -0.027888057 -0.782315902 -0.230469851 0.780759000 -0.050229196 0.622809671 -0.112965625 -0.056663996 -0.998348142 -0.009481556 0.300527314
0.694369566 -0.039058441 -0.718558203 -0.231983822 0.715785301 -0.065445794 0.695247238 -0.096050237 -0.074181894 -0.997090953 -0.017486135 0.304551786
0.774982423 -0.034608612 -0.631035021 -0.212134886 0.629198708 -0.051382595 0.775544551 -0.086483230 -0.059264738 -0.998079205 -0.018044901 0.297854981
0.843472408 -0.040701992 -0.535628099 -0.194318600 0.533229676 -0.057150805 0.844037945 -0.077079491 -0.064965573 -0.997535997 -0.026501611 0.306533769
0.906255181 -0.039385277 -0.420891541 -0.194172356 0.417841041 -0.067522256 0.906007627 -0.078659252 -0.064102826 -0.996939689 -0.044735602 0.318061218
0.954162537 -0.031176138 -0.297661449 -0.175019875 0.295417314 -0.061362985 0.953395932 -0.068491644 -0.047988624 -0.997628076 -0.049340303 0.323957473
0.983689812 -0.049811480 -0.172836351 -0.172840076 0.169930937 -0.057646274 0.983768232 -0.051835859 -0.058966379 -0.997093585 -0.048241553 0.296874196
0.997955634 -0.033821714 -0.054231922 -0.172386996 0.052042441 -0.062562943 0.996683200 -0.047561191 -0.037102440 -0.997468121 -0.060674901 0.315588449
0.995856143 -0.034759311 0.084033608 -0.145478010 -0.086144487 -0.064509843 0.994192151 -0.061642010 -0.029136435 -0.997311665 -0.067236867 0.314138665
0.973389821 -0.029153428 0.227291923 -0.116882017 -0.228824471 -0.070456359 0.970914800 -0.071408799 -0.012291247 -0.997089137 -0.075252518 0.320660635
0.930202218 -0.032979589 0.365562277 -0.119319306 -0.367034989 -0.075445506 0.927142560 -0.068421481 -0.002996728 -0.996604037 -0.082284253 0.319489948
0.885924472 -0.037227782 0.462332821 -0.115466311 -0.463799365 -0.059862363 0.883915654 -0.070560794 -0.005229902 -0.997512697 -0.070299818 0.305053361
0.805713218 -0.038029360 0.591083451 -0.083845035 -0.592231527 -0.067499433 0.802935928 -0.083080005 0.009362665 -0.996994158 -0.076907433 0.316566615
0.712350442 -0.041408725 0.700601336 -0.082921526 -0.701691958 -0.061383035 0.709832111 -0.094663344 0.013611864 -0.997254966 -0.072782468 0.316734304
0.609663231 -0.035383610 0.791870180 -0.072794218 -0.792138874 -0.063418759 0.607036631 -0.118148846 0.028740236 -0.997359410 -0.066692843 0.299549052
0.481219732 -0.047922448 0.875288801 -0.054143299 -0.875827445 -0.068214239 0.477780041 -0.116563164 0.036810780 -0.996518907 -0.074797775 0.317162117
0.364642465 -0.046654082 0.929978048 -0.019807527 -0.930133140 -0.064869801 0.361448620 -0.129540907 0.043464426 -0.996802291 -0.067048800 0.313900716
0.313527790 -0.044906962 0.948516563 0.270084887 -0.948462181 -0.063245225 0.310515081 -0.040466919 0.046044891 -0.996987451 -0.062421596 0.303614135
0.269659260 -0.047603337 0.961778703 0.482635727 -0.961720544 -0.063889421 0.266480913 -0.008742896 0.048762087 -0.996821116 -0.063009516 0.296266657
0.126529179 -0.039972556 0.991157436 0.636497039 -0.990485575 -0.059606026 0.124039504 -0.010353211 0.054120764 -0.997421068 -0.047134151 0.268935286
-0.010802912 -0.048875763 0.998745956 0.743183215 -0.998413622 -0.054663132 -0.013474398 -0.008522307 0.055253264 -0.997307788 -0.048207674 0.288482837
-0.019280671 -0.050472738 0.998538833 1.049391740 -0.998194488 -0.055850241 -0.022096996 -0.028368941 0.056883971 -0.997162225 -0.049304728 0.269586573
-0.035192760 -0.044946481 0.998369048 1.472367055 -0.997917198 -0.052454177 -0.037538292 -0.033917907 0.054055835 -0.997611736 -0.043006848 0.246388542
-0.042637757 -0.056750118 0.997477474 2.074962093 -0.997121216 -0.060237997 -0.046049700 -0.094595326 0.062699350 -0.996569569 -0.054018289 0.243141728
-0.054706076 -0.056324201 0.996912879 2.435459848 -0.996452213 -0.060865479 -0.058119580 -0.119736710 0.063951031 -0.996555956 -0.052794729 0.203869848
-0.048769281 -0.063665304 0.996779176 2.701300986 -0.997320345 -0.051378433 -0.052077345 -0.146862197 0.054528427 -0.996648075 -0.060989033 0.214968543
-0.047552051 -0.052752272 0.997474546 3.146183351 -0.996917205 -0.059885327 -0.050692522 -0.158157038 0.062408256 -0.996810389 -0.049742007 0.180873534
-0.049532860 -0.045566140 0.997732318 3.511705220 -0.997614658 -0.045835989 -0.051620316 -0.212835445 0.048084128 -0.997909634 -0.043187022 0.168307499
0.007158950 -0.045582133 0.998934691 3.837746364 -0.998802118 -0.048677309 0.004936818 -0.209675208 0.048400413 -0.997774065 -0.045875999 0.159966518
0.139312247 -0.053180008 0.988819771 3.945849683 -0.989531372 -0.045484623 0.136966095 -0.186735445 0.037692228 -0.997548089 -0.058959828 0.167735713
0.193274210 -0.048870645 0.979926498 4.263575125 -0.980581915 -0.043442275 0.191237131 -0.140071883 0.033224312 -0.997860269 -0.056317921 0.140177481
0.192684520 -0.049447820 0.980013809 4.656301420 -0.980371655 -0.052199713 0.190121654 -0.092861378 0.041755337 -0.997411962 -0.058535317 0.124680492
0.178552121 -0.055620074 0.982356996 5.014867657 -0.983483584 -0.040178599 0.176481802 -0.023038417 0.029653801 -0.997642886 -0.061875370 0.110796794
0.184676297 -0.054047641 0.981311986 5.398814805 -0.982234974 -0.043978460 0.182427120 0.013398150 0.033296835 -0.997569644 -0.061209210 0.106663275
0.187791864 -0.053476309 0.980751807 5.676913220 -0.981471685 -0.048902734 0.185263331 0.055912961 0.038054247 -0.997370557 -0.061668954 0.079364663
0.152064361 -0.054764761 0.986852639 5.973258004 -0.987718916 -0.044668519 0.149718920 0.078730503 0.035881978 -0.997499417 -0.060884733 0.075260135
0.060902415 -0.048753926 0.996952562 6.185077601 -0.996771756 -0.055320512 0.058186012 0.062602250 0.052315198 -0.997277620 -0.051965780 0.047584312
0.051387527 -0.048251178 0.997512457 6.444770586 -0.997636211 -0.048099031 0.049067296 0.091365741 0.045611859 -0.997676489 -0.050608882 0.045450200
0.062787087 -0.052288462 0.996656311 6.718912541 -0.996989967 -0.048803481 0.060247645 0.087184290 0.045490088 -0.997439053 -0.055195303 0.043262939
0.057021658 -0.046405512 0.997294031 6.984921466 -0.997711714 -0.038987814 0.055231463 0.082575890 0.036319260 -0.998161370 -0.048522511 0.022004174
0.052813638 -0.046720155 0.997511225 7.244541126 -0.997415344 -0.051191606 0.050410935 0.087805711 0.048708920 -0.997595011 -0.049303066 0.014192517
0.040976427 -0.050189744 0.997898535 7.469790292 -0.998126236 -0.047473823 0.038598049 0.117497907 0.045436853 -0.997610277 -0.052041099 -0.000706962
0.040939626 -0.051976853 0.997808441 7.694982467 -0.998140738 -0.047268908 0.038490918 0.106111262 0.045164680 -0.997528536 -0.053815356 -0.009772417
0.028298925 -0.038704489 0.998849417 7.930194613 -0.998815777 -0.040655703 0.026722569 0.113460586 0.039574652 -0.998423509 -0.039809141 -0.027748220
0.040139569 -0.051933533 0.997843330 8.151625306 -0.997994708 -0.051001060 0.037491239 0.071165295 0.048944095 -0.997347019 -0.053876568 -0.013647699
0.039299890 -0.041471882 0.998366691 8.392588555 -0.998006312 -0.051013626 0.037166617 0.068617615 0.049388912 -0.997836973 -0.043394010 -0.037896130
0.084193646 -0.036788375 0.995769708 8.637472414 -0.995245819 -0.052210164 0.082220403 0.077418140 0.048964511 -0.997957821 -0.041009236 -0.049072896
0.218622431 -0.041393493 0.974930817 8.753077913 -0.974679889 -0.057328831 0.216131752 0.100176785 0.046945195 -0.997496967 -0.052878725 -0.050332119
0.351510258 -0.027722134 0.935773146 8.851464433 -0.935239988 -0.055277162 0.349672398 0.143187994 0.042033299 -0.998086617 -0.045357309 -0.066762174
0.464715520 -0.035520677 0.884747614 8.953103487 -0.884834175 -0.056204977 0.462504024 0.177917342 0.033298672 -0.997787684 -0.057549164 -0.066550161
0.580525592 -0.035870513 0.813451168 9.056447679 -0.813748928 -0.060317879 0.578078353 0.275628627 0.028329657 -0.997534061 -0.064205704 -0.077221780
0.683529982 -0.031913211 0.729224612 9.137463240 -0.729599975 -0.059575108 0.681274576 0.369400340 0.021702055 -0.997713589 -0.064005298 -0.086793385
0.768737823 -0.034808680 0.638615860 9.212366425 -0.639526380 -0.052701345 0.766960731 0.446803319 0.006958986 -0.998003811 -0.062774505 -0.106136605
0.853356243 -0.037758813 0.519959880 9.259169258 -0.521329292 -0.062085039 0.851093865 0.544577202 0.000145435 -0.997356023 -0.072665343 -0.100111429
0.919173623 -0.035927286 0.392209156 9.311039761 -0.393779021 -0.064761219 0.916920553 0.654546681 -0.007542465 -0.997254133 -0.073674207 -0.103427278
0.963783127 -0.029031069 0.265101781 9.344989356 -0.266420336 -0.060445771 0.961960208 0.758393903 -0.011902482 -0.997748971 -0.065991108 -0.110455839
0.977410084 -0.028358743 0.209442313 9.442893387 -0.210841269 -0.061821018 0.975563940 1.044666572 -0.014717773 -0.997684056 -0.066403645 -0.125781637
0.978220410 -0.032590100 0.204993537 9.538074443 -0.206691619 -0.062258548 0.976423559 1.296847978 -0.019059123 -0.997527757 -0.067638659 -0.145934497
0.981654802 -0.038840416 0.186670799 9.603207102 -0.188765587 -0.059969149 0.980189183 1.495344523 -0.026876453 -0.997444773 -0.066200621 -0.170969459
0.982268919 -0.030626519 0.184959069 9.669287571 -0.186510986 -0.059627562 0.980641573 1.717566313 -0.019005027 -0.997751020 -0.064282522 -0.192894012
0.984667080 -0.037224442 0.170424415 9.764870997 -0.172442042 -0.060168200 0.983180102 1.933883498 -0.026344170 -0.997494137 -0.065664648 -0.193236609
0.981847350 -0.024869624 0.188038117 9.811970974 -0.188987722 -0.043908566 0.980997529 2.141886292 -0.016140474 -0.998726403 -0.047811569 -0.231633759
0.978582404 -0.019131146 0.204966309 9.861115238 -0.205653479 -0.046502044 0.977519767 2.305364929 -0.009169699 -0.998735177 -0.049440445 -0.233341852
0.979086595 -0.029570515 0.201281492 9.910434930 -0.202750743 -0.060344126 0.977369051 2.459414953 -0.016755154 -0.997739610 -0.065077612 -0.233232233
0.977730591 -0.033015286 0.207249766 9.952369517 -0.209009673 -0.064231374 0.975801818 2.620156631 -0.018904407 -0.997389035 -0.069701438 -0.249216240
0.993151122 -0.025169727 0.114094242 9.937932498 -0.115342293 -0.055435224 0.991777552 2.720982235 -0.018637970 -0.998144979 -0.057958652 -0.258590814
0.992693198 -0.018686106 0.119213337 9.954383345 -0.120178132 -0.064045122 0.990684112 2.849436978 -0.010877072 -0.997771552 -0.065822858 -0.264409481
0.980205252 -0.019922863 0.196978660 10.023254447 -0.197740778 -0.049346807 0.979011100 3.054247144 -0.009784470 -0.998582912 -0.052309541 -0.282615386
0.978183031 -0.029034186 0.205707790 10.063704897 -0.206915009 -0.047691221 0.977195630 3.224361589 -0.018561729 -0.998439776 -0.052658310 -0.283010709
0.976199716 -0.026304974 0.215274610 10.115010094 -0.216481674 -0.058345733 0.974541778 3.437309906 -0.013074973 -0.997949489 -0.062651641 -0.293061267
0.974908235 -0.021557199 0.221559640 10.165128343 -0.222369377 -0.048452461 0.973757363 3.656576656 -0.010256324 -0.998592895 -0.052030380 -0.310309090
0.974388954 -0.017906845 0.224155163 10.208351172 -0.224787788 -0.050721251 0.973086510 3.878325239 -0.006055451 -0.998552280 -0.053447347 -0.332833997
0.976589848 -0.022016020 0.213980061 10.278106572 -0.214916813 -0.057726303 0.974924738 4.087736662 -0.009111736 -0.998089712 -0.061106506 -0.342567628
0.962044463 -0.028659081 0.271385307 10.288781090 -0.272639962 -0.058029158 0.960365054 4.176109687 -0.011774899 -0.997903710 -0.063640212 -0.339736834
0.917813442 -0.030587903 0.395832633 10.299680872 -0.396989320 -0.059919959 0.915864920 4.178808446 -0.004296185 -0.997734230 -0.067138340 -0.332766021
0.858234884 -0.028548020 0.512461936 10.317185526 -0.513222835 -0.059240113 0.856208841 4.181944141 0.005915276 -0.997835591 -0.065493506 -0.333193838
0.790950935 -0.026713679 0.611295736 10.395847154 -0.611735011 -0.056224424 0.789062018 4.263126240 0.013291013 -0.998061087 -0.060812440 -0.338853560
0.706549462 -0.022583141 0.707303440 10.452559483 -0.707519344 -0.042726390 0.705401094 4.341730779 0.014290363 -0.998832042 -0.046166345 -0.357397021
0.586835254 -0.030871224 0.809117451 10.517611600 -0.809485759 -0.045725586 0.585356424 4.340715677 0.018926702 -0.998476921 -0.051823131 -0.359040442
0.474649882 -0.025438522 0.879807214 10.516688861 -0.879740114 -0.045109935 0.473309135 4.338564679 0.027647804 -0.998657668 -0.043790724 -0.353697742
0.355668918 -0.028745170 0.934169848 10.522796428 -0.934074711 -0.044814431 0.354253342 4.326327880 0.031681268 -0.998581880 -0.042789228 -0.361234063
0.229175888 -0.035255076 0.972746809 10.538096333 -0.972718553 -0.045266860 0.227528401 4.314049868 0.036011653 -0.998352173 -0.044667357 -0.366746969
0.125749775 -0.040424607 0.991238132 10.541293181 -0.991184391 -0.047142203 0.123820391 4.311697514 0.041723751 -0.998069522 -0.045996367 -0.356094413
-0.014743658 -0.035320748 0.999267293 10.539053641 -0.998642144 -0.049416656 -0.016481178 4.304389119 0.049962499 -0.998153282 -0.034544224 -0.347721819
-0.158135565 -0.042163792 0.986516774 10.535339712 -0.985960476 -0.047503948 -0.160077600 4.285696551 0.053612939 -0.997980691 -0.034059753 -0.348027903
-0.273194719 -0.032401509 0.961412907 10.529900779 -0.960306572 -0.049361459 -0.274543633 4.272801915 0.056352392 -0.998255419 -0.017630148 -0.356914992
-0.352823718 -0.038285774 0.934905656 10.608014385 -0.934368011 -0.038663139 -0.354204005 4.252858477 0.049707365 -0.998518555 -0.022131733 -0.344906329
-0.370441216 -0.034509663 0.928214273 10.782600823 -0.927744113 -0.035134163 -0.371559547 4.171465897 0.045434450 -0.998786336 -0.019000979 -0.356739054
-0.423192634 -0.035789112 0.905332298 10.860952928 -0.904978603 -0.031652521 -0.424278408 4.124651015 0.043840623 -0.998857686 -0.018993253 -0.345456164
-0.433122210 -0.037091672 0.900571606 11.021743897 -0.899917938 -0.038207396 -0.434381355 4.043577661 0.050520409 -0.998581549 -0.016830996 -0.341124332
-0.452882604 -0.039218851 0.890707346 11.175844391 -0.889612163 -0.046306476 -0.454364309 3.966667798 0.059065164 -0.998156998 -0.013918171 -0.358451632
-0.473577700 -0.035921540 0.880019743 11.384799176 -0.879500731 -0.033966994 -0.474684693 3.859361957 0.046943031 -0.998777397 -0.015507011 -0.342470880
-0.503535541 -0.034612234 0.863280724 11.613724283 -0.861866036 -0.049635410 -0.504700551 3.723297965 0.060318108 -0.998167391 -0.004837963 -0.346493707
-0.407601471 -0.035845336 0.912455736 11.790681894 -0.911868610 -0.037137720 -0.408797551 3.634597452 0.048540039 -0.998666963 -0.017548858 -0.342165239
-0.263539050 -0.042439897 0.963714350 11.901955505 -0.962826854 -0.049804486 -0.265488984 3.624358955 0.059264682 -0.997857313 -0.027736808 -0.342158503
-0.209539080 -0.035106862 0.977169946 12.121594356 -0.976784134 -0.038022296 -0.210822351 3.558018038 0.044555538 -0.998660147 -0.026324694 -0.339173715
-0.194435116 -0.029891286 0.980460355 12.364841136 -0.979706932 -0.043682899 -0.195616944 3.501584471 0.048676627 -0.998597974 -0.020791212 -0.356706815
-0.201707197 -0.036985994 0.978747043 12.555033097 -0.978041533 -0.045888735 -0.203295914 3.443978983 0.052432581 -0.998261434 -0.026917727 -0.336531925
-0.187839514 -0.035914390 0.981542725 12.735825513 -0.980972768 -0.043063527 -0.189306943 3.391104230 0.049067417 -0.998426765 -0.027141998 -0.355578878
-0.107897612 -0.039631029 0.993371714 12.895618239 -0.993195429 -0.039751098 -0.109464418 3.367979809 0.043825790 -0.998423782 -0.035072298 -0.346855147
-0.054458051 -0.039015474 0.997753483 13.078088654 -0.997612512 -0.040380188 -0.056029342 3.351293930 0.042475496 -0.998422361 -0.036723288 -0.346917934
-0.045029126 -0.028297450 0.998584466 13.271342766 -0.997514221 -0.052965831 -0.046481754 3.315480273 0.054206201 -0.998194865 -0.025842070 -0.345627400
-0.027169655 -0.029530388 0.999194741 13.503447101 -0.998058597 -0.055241863 -0.028771392 3.276403772 0.056047042 -0.998035748 -0.027972176 -0.359796403
0.008895648 -0.037523421 0.999256224 13.773094151 -0.998737378 -0.049742237 0.007023172 3.250147178 0.049441749 -0.998056919 -0.037918538 -0.358432652
0.020916684 -0.033829611 0.999208540 14.015746129 -0.999214839 -0.034344388 0.019754005 3.252977492 0.033648942 -0.998837278 -0.034521412 -0.375526233
-0.015442728 -0.032876870 0.999340550 14.198522002 -0.999245614 -0.035116428 -0.016596569 3.234573591 0.035638908 -0.998842200 -0.032309789 -0.369209345
-0.016637933 -0.046337850 0.998787035 14.387949098 -0.998872434 -0.043654944 -0.018664684 3.205495012 0.044466838 -0.997971222 -0.045559265 -0.368043741
-0.006616798 -0.039450402 0.999200045 14.671261245 -0.999206117 -0.038983342 -0.008155981 3.178924036 0.039273874 -0.998460975 -0.039161162 -0.386167707
0.013688224 -0.042518259 0.999002342 14.914273297 -0.998969727 -0.043809720 0.011823192 3.157961217 0.043263344 -0.998135117 -0.043074139 -0.388126124
0.012920864 -0.030738013 0.999444217 15.116170415 -0.998434045 -0.054808238 0.011222225 3.157636993 0.054432862 -0.998023407 -0.031398068 -0.400215289
0.023982240 -0.034809347 0.999105968 15.344392312 -0.998759920 -0.044455923 0.022425035 3.149123223 0.043635609 -0.998404854 -0.035832312 -0.398842811
0.090943867 -0.041926429 0.994972868 15.563949176 -0.995057156 -0.043844673 0.089103990 3.153644422 0.039888429 -0.998158599 -0.045706554 -0.405992753
0.240550167 -0.047364176 0.969480262 15.645179804 -0.970099532 -0.044952202 0.238507505 3.169907074 0.032283577 -0.997865978 -0.056761168 -0.414921581
0.309223405 -0.034400155 0.950367480 15.634438654 -0.950380175 -0.046951637 0.307528297 3.196287914 0.034042346 -0.998304457 -0.047211800 -0.409211878
0.337884493 -0.041460919 0.940273626 15.694244405 -0.940743529 -0.045559707 0.336044796 3.215828858 0.028905875 -0.998101072 -0.054398017 -0.412815059
0.453335896 -0.028784198 0.890875142 15.789337102 -0.890774560 -0.050204903 0.451663433 3.264097012 0.031725613 -0.998323723 -0.048399995 -0.419791607
0.591571618 -0.034677490 0.805506467 15.831313322 -0.806070344 -0.046624754 0.589979789 3.323262252 0.017097495 -0.998310223 -0.055534460 -0.426684174
0.644464488 -0.045149763 0.763299308 15.818646741 -0.764425412 -0.061327580 0.641787700 3.386640846 0.017834781 -0.997095932 -0.074037085 -0.419180406
0.686308492 -0.034298975 0.726501181 15.823865687 -0.727201874 -0.049611663 0.684627997 3.383172150 0.012560853 -0.998179096 -0.058991200 -0.419170997
0.778983214 -0.030401470 0.626307846 15.817952633 -0.627039690 -0.041725444 0.777869167 3.397972642 0.002484580 -0.998666473 -0.051566378 -0.425000702
0.856565704 -0.027638973 0.515298355 15.782319219 -0.516017621 -0.054891096 0.854817096 3.410075283 0.004658979 -0.998110016 -0.061280067 -0.424930810
0.912944771 -0.030071571 0.406974173 15.756293394 -0.408053086 -0.054946384 0.911303618 3.416066616 -0.005042586 -0.998036459 -0.062433785 -0.419797672
0.959622355 -0.022144476 0.280419410 15.734912449 -0.281237825 -0.055873027 0.958009939 3.417191837 -0.005546726 -0.998192510 -0.059844768 -0.422791261
0.986810430 -0.014329637 0.161246994 15.717091749 -0.161841903 -0.064924572 0.984678752 3.419464103 -0.003641291 -0.997786826 -0.066387394 -0.428527864
0.997830288 -0.033337001 0.056782656 15.744278355 -0.058254047 -0.044960617 0.997288604 3.430266926 -0.030693660 -0.998432057 -0.046805083 -0.431082822
0.996122434 -0.029235001 -0.082972813 15.801430291 0.081551367 -0.046856311 0.995566756 3.422871873 -0.032993195 -0.998473548 -0.044290453 -0.430062735
0.976148273 -0.020321369 -0.216152942 15.844853847 0.215158033 -0.042554055 0.975652083 3.424573520 -0.029024800 -0.998887765 -0.037166751 -0.419264673
0.939947623 -0.016872638 -0.340900532 15.830288538 0.339351561 -0.060861058 0.938688808 3.417208739 -0.036585707 -0.998003582 -0.051480471 -0.406081105
0.886945474 -0.013012573 -0.461690501 15.777522990 0.460506106 -0.051930491 0.886136372 3.407957517 -0.035506682 -0.998565628 -0.040067226 -0.416200566
0.818686701 -0.013350727 -0.574085085 15.747928596 0.572505342 -0.058678030 0.817798479 3.394088347 -0.044604356 -0.998188037 -0.040395615 -0.393294208
0.740337772 -0.012616404 -0.672116800 15.733951011 0.670763421 -0.052261503 0.739827511 3.393283666 -0.044459848 -0.998553252 -0.030228446 -0.405701795
0.632529710 -0.012437576 -0.774436325 15.751117789 0.772975955 -0.053296101 0.632192448 3.371888374 -0.049137389 -0.998501309 -0.024097435 -0.414525389
0.518815871 -0.009430659 -0.854833778 15.732871869 0.853361106 -0.053978105 0.518518069 3.353338224 -0.051032206 -0.998497360 -0.019956975 -0.399721710
0.390298267 -0.011186919 -0.920620342 15.724977035 0.919351238 -0.049137457 0.390357595 3.334662699 -0.049603836 -0.998729682 -0.008893526 -0.407054435
0.242775181 -0.005610851 -0.970066366 15.734386223 0.968938511 -0.047151951 0.242765700 3.323884825 -0.047102637 -0.998872138 -0.006010753 -0.395568083
0.113990293 -0.002839079 -0.993477550 15.686061056 0.992487905 -0.044404417 0.114003606 3.327321580 -0.044438427 -0.999009783 -0.002243894 -0.396900966
0.118809329 -0.003697003 -0.992909758 15.460866261 0.991331888 -0.056034639 0.118829813 3.359679879 -0.056076677 -0.998421816 -0.002992474 -0.393362469
0.084742692 -0.005893021 -0.996385305 15.211927618 0.995232853 -0.047955689 0.084927388 3.395811939 -0.048282936 -0.998831933 0.001800980 -0.376832482
-0.024650113 -0.009600688 -0.999649723 15.064390126 0.998801947 -0.042520659 -0.024220816 3.386274738 -0.042273311 -0.999049642 0.010637307 -0.378244257
-0.045040979 -0.014398121 -0.998881425 14.839582123 0.997332521 -0.058136232 -0.044133159 3.387669964 -0.057435764 -0.998205258 0.016978281 -0.359686702
-0.054960207 -0.010286896 -0.998435117 14.592708590 0.996837864 -0.058031719 -0.054274384 3.384276276 -0.057382592 -0.998261331 0.013443824 -0.348580121
-0.077965306 -0.001606914 -0.996955053 14.307223457 0.996069091 -0.042291297 -0.077827924 3.395069641 -0.042037528 -0.999103642 0.004897881 -0.355473382
-0.109476170 -0.001559127 -0.993988533 13.981587287 0.992512727 -0.054662021 -0.109227839 3.402354434 -0.054163061 -0.998503781 0.007531660 -0.329467220
-0.129159326 -0.004002274 -0.991615840 13.734944877 0.990310120 -0.051983120 -0.128779397 3.393833966 -0.051031882 -0.998639486 0.010677562 -0.326908566
-0.160389522 0.007109290 -0.987028483 13.457545448 0.986088933 -0.043042149 -0.160546886 3.393134779 -0.043625147 -0.999048067 -0.000106880 -0.308128914
-0.159026643 -0.004561235 -0.987264139 13.146426005 0.986197939 -0.047414891 -0.158635416 3.354599003 -0.046087458 -0.998864826 0.012038491 -0.317377555
-0.145624878 0.003764579 -0.989333015 12.911605410 0.988256002 -0.046239497 -0.145642118 3.339100030 -0.046294566 -0.998923384 0.003013356 -0.312734980
-0.000836020 0.001584845 -0.999998042 12.753475949 0.999105372 -0.042284663 -0.000902270 3.347386490 -0.042286098 -0.999104508 -0.001548088 -0.316792467
0.102881679 0.001348625 -0.994692492 12.613786519 0.993788628 -0.042794942 0.102730332 3.383275412 -0.042429250 -0.999083352 -0.005743113 -0.313018406
0.109543412 0.005866491 -0.993965097 12.334830243 0.992731640 -0.050784530 0.109107971 3.407040485 -0.049837887 -0.998692582 -0.011387010 -0.308699023
0.106530947 -0.005400062 -0.994294296 12.067052573 0.993160517 -0.047482301 0.106668115 3.430503822 -0.047787405 -0.998857714 0.000304783 -0.315763945
0.130461422 -0.003787999 -0.991446530 11.815086685 0.990431363 -0.044900177 0.130499542 3.447611580 -0.045010429 -0.998983915 -0.002106052 -0.315508408
0.157455409 0.009314656 -0.987481971 11.534476592 0.986129358 -0.054653835 0.156724122 3.499579969 -0.052509899 -0.998461446 -0.017791065 -0.304599905
0.199372269 0.001215701 -0.979923202 11.290307308 0.978439826 -0.055268216 0.199001394 3.539781314 -0.053916692 -0.998470346 -0.012208393 -0.308654441
0.223152947 -0.010180004 -0.974730474 11.051881017 0.973408838 -0.050757480 0.223381258 3.590565132 -0.051748850 -0.998658777 -0.001417447 -0.310744297
0.247470914 -0.011560608 -0.968826153 10.785734319 0.967721852 -0.046256650 0.247740700 3.647015989 -0.047678753 -0.998862643 -0.000259694 -0.323106271
0.132859117 -0.004281339 -0.991125291 10.690557573 0.990186468 -0.043170787 0.132919250 3.644027875 -0.043356801 -0.999058856 -0.001496317 -0.311624059
-0.007083005 -0.013359906 -0.999885848 10.653175636 0.998711386 -0.050343726 -0.006402031 3.625999905 -0.050252512 -0.998642630 0.013699343 -0.304347378
-0.107837034 -0.011225126 -0.994105595 10.494348125 0.992604500 -0.057289335 -0.107027301 3.594939177 -0.055750284 -0.998294071 0.017320085 -0.307538123
-0.202057649 -0.003261214 -0.979368484 10.255734522 0.978512952 -0.042576531 -0.201738709 3.627602965 -0.041040160 -0.999087554 0.011794020 -0.291010566
-0.326259829 -0.011764900 -0.945206968 10.157477404 0.944430858 -0.046429348 -0.325414487 3.622618071 -0.040056860 -0.998852386 0.026259156 -0.301013893
-0.438048494 -0.000596199 -0.898951350 10.045553026 0.897653286 -0.054014152 -0.437380162 3.601844414 -0.048295306 -0.998540002 0.024195979 -0.292078393
-0.560544506 -0.021669295 -0.827840884 9.886864976 0.827913020 -0.037227353 -0.559619198 3.482281579 -0.018691745 -0.999071952 0.038807966 -0.290538558
-0.665854704 -0.024112227 -0.745690965 9.767059906 0.746029977 -0.033187100 -0.665084341 3.379883128 -0.008710651 -0.999158627 0.040086179 -0.269667490
-0.779227617 -0.018369157 -0.626472024 9.650574815 0.626495143 -0.050863599 -0.777764408 3.199122879 -0.017577767 -0.998537141 0.051142496 -0.263398440
-0.852435348 -0.033429910 -0.521763468 9.577051274 0.522798233 -0.042970957 -0.851372396 3.073120848 0.006040660 -0.998516498 0.054107058 -0.260906018
-0.911805268 -0.033185786 -0.409279631 9.492230948 0.410342141 -0.036783751 -0.911189993 2.928387826 0.015183702 -0.998771647 0.047157171 -0.234810217
-0.960167316 -0.037641375 -0.276879522 9.463042001 0.278238895 -0.037535056 -0.959778727 2.799327463 0.025734702 -0.998585850 0.046513251 -0.226979025
-0.990062406 -0.038093948 -0.135373786 9.435568861 0.136814318 -0.038141695 -0.989861843 2.621753603 0.032544362 -0.998546380 0.042974400 -0.202051011
-0.999169221 -0.037422563 0.016107406 9.452154727 -0.014889937 -0.032587600 -0.999357756 2.449214301 0.037923430 -0.998767765 0.032003326 -0.197701667
-0.984199782 -0.038999321 0.172711206 9.453103914 -0.171134118 -0.040697285 -0.984406856 2.299368241 0.045420036 -0.998409941 0.033380138 -0.194239379
-0.953039941 -0.041946412 0.299925183 9.488408716 -0.298410265 -0.038780222 -0.953649713 2.193669852 0.051633331 -0.998367143 0.024441872 -0.175824207
-0.909703419 -0.044828407 0.412831998 9.570625671 -0.411283335 -0.039969881 -0.910630189 2.045322657 0.057323001 -0.998194487 0.017923545 -0.174366596
-0.947590795 -0.041283332 0.316808596 9.626829861 -0.315244236 -0.040251656 -0.948156610 1.804958096 0.051895163 -0.998335877 0.025127770 -0.158517763
-0.978796276 -0.049215982 0.198835851 9.623931661 -0.196770909 -0.043794004 -0.979471074 1.569381035 0.056913454 -0.997827951 0.033181110 -0.162139598
-0.971667325 -0.042045692 0.232583446 9.656207507 -0.231148652 -0.036324045 -0.972239633 1.326385912 0.049326882 -0.998455088 0.025576058 -0.134341739
-0.992050693 -0.053951836 0.113688450 9.680259626 -0.111831241 -0.036287619 -0.993064376 1.082361473 0.057703208 -0.997883732 0.029965654 -0.116671822
-0.997652683 -0.056864371 -0.038163506 9.651222245 0.039975294 -0.031071804 -0.998717806 0.935360493 0.055605680 -0.997898571 0.033272027 -0.121546021
-0.979909449 -0.053287630 -0.192190801 9.626470321 0.194262056 -0.036832798 -0.980258134 0.785920133 0.045156616 -0.997899839 0.046444566 -0.117954988
-0.940862918 -0.047105704 -0.335496177 9.558936547 0.337180575 -0.033881983 -0.940830077 0.627673273 0.032951180 -0.998315228 0.047761431 -0.108251904
-0.886693655 -0.037102871 -0.460866102 9.460865983 0.462105903 -0.038235219 -0.885999671 0.466532508 0.015251829 -0.998579240 0.051048372 -0.087326481
-0.801910030 -0.042678432 -0.595918350 9.347900977 0.597341653 -0.038686491 -0.801053226 0.360098255 0.011133708 -0.998339170 0.056516659 -0.084058974
-0.694520923 -0.034989825 -0.718620871 9.203831062 0.719437392 -0.043701208 -0.693181308 0.249382949 -0.007150319 -0.998431859 0.055524364 -0.066556941
-0.591171618 -0.033974254 -0.805829890 9.033728770 0.806458237 -0.039621535 -0.589961531 0.145945821 -0.011884696 -0.998636748 0.050821930 -0.053249929
-0.474209469 -0.032449271 -0.879813977 8.862759443 0.880201333 -0.039350156 -0.472966929 0.086359674 -0.019273385 -0.998698525 0.047222105 -0.049953350
-0.358721959 -0.034487952 -0.932806904 8.693226067 0.932935913 -0.046228862 -0.357062560 0.086614709 -0.030808340 -0.998334989 0.048758389 -0.033267818
-0.233637452 -0.035435839 -0.971678099 8.526310177 0.971571877 -0.047800025 -0.231868903 0.062377761 -0.038229781 -0.998228076 0.045596369 -0.041260310
-0.162694446 -0.034485972 -0.986073348 8.200754586 0.985981378 -0.043202931 -0.161167739 0.023339522 -0.037043222 -0.998470859 0.041031362 -0.033995719
-0.116901140 -0.029560744 -0.992703698 7.871963291 0.991990412 -0.051632256 -0.115279634 0.013979222 -0.047847804 -0.998228900 0.035359831 -0.006657276
-0.036220640 -0.038172723 -0.998614215 7.635848118 0.998402052 -0.044756472 -0.034502072 0.006954622 -0.043377412 -0.998267992 0.039732832 -0.005837959
-0.036541864 -0.042689381 -0.998419499 7.147095900 0.998651513 -0.038435271 -0.034906926 0.008038280 -0.036884398 -0.998348703 0.044036289 0.002889571
-0.040039898 -0.030732799 -0.998725222 6.689105124 0.997856910 -0.052993005 -0.038374406 -0.056829239 -0.051746076 -0.998122093 0.032788768 0.039086335
-0.022698478 -0.032923180 -0.999200158 6.119517224 0.998355290 -0.053372306 -0.020920688 -0.076782309 -0.052640898 -0.998031508 0.034080522 0.048322186
-0.017425207 -0.034170660 -0.999264539 5.584494443 0.998541907 -0.051662359 -0.015646032 -0.125220463 -0.051089686 -0.998080058 0.035021077 0.072686130
-0.010302786 -0.043042926 -0.999020500 5.127966515 0.999083672 -0.041936195 -0.008496643 -0.144668888 -0.041529355 -0.998192398 0.043435587 0.089097110
0.045343246 -0.042735887 -0.998056777 4.685820026 0.997608965 -0.050226365 0.047473471 -0.172102745 -0.052157555 -0.997822656 0.040356298 0.107179546
0.035597843 -0.039666787 -0.998578779 4.058697227 0.997799315 -0.054525826 0.037736041 -0.156930037 -0.055945267 -0.997724642 0.037638464 0.134096281
-0.008225446 -0.042226144 -0.999074284 3.571803026 0.998883819 -0.046818823 -0.006245079 -0.125557916 -0.046511729 -0.998010002 0.042564142 0.155662345
-0.035622171 -0.038056603 -0.998640706 3.164570649 0.998176536 -0.050078691 -0.033697215 -0.086379075 -0.048728159 -0.998019918 0.039771135 0.171634696
-0.048019493 -0.028818427 -0.998430418 2.765658620 0.997595021 -0.051410483 -0.046495459 -0.077461164 -0.049989900 -0.998261242 0.031217831 0.186936014
-0.065092001 -0.042213525 -0.996986350 2.297734658 0.996671158 -0.051907089 -0.062873611 -0.063588043 -0.049096483 -0.997759374 0.045451729 0.194996970
-0.082685242 -0.029136197 -0.996149429 1.942811322 0.995426235 -0.050409381 -0.081150767 -0.081940555 -0.047850840 -0.998303820 0.033171022 0.225697846
-0.085104892 -0.035400249 -0.995742802 1.605635621 0.995362555 -0.047995897 -0.083366088 -0.066500334 -0.044840409 -0.998220233 0.039320756 0.220485879
-0.092816455 -0.036306622 -0.995020948 1.333676429 0.994420275 -0.053692225 -0.090801335 -0.078310014 -0.050128187 -0.997897272 0.041087569 0.253701460
-0.111988273 -0.030549250 -0.993240133 1.111637260 0.992428803 -0.054165329 -0.110230966 -0.086755883 -0.050431683 -0.998064970 0.036383843 0.263006089
-0.135842804 -0.042192435 -0.989831899 0.952662610 0.989601223 -0.053472200 -0.133532023 -0.093037507 -0.047294452 -0.997677616 0.049017495 0.253840040
-0.106290018 -0.029672009 -0.993892412 0.810867319 0.993121053 -0.052540256 -0.104639065 -0.096710735 -0.049114435 -0.998177902 0.035052413 0.268448421
0.008697946 -0.041052919 -0.999118674 0.739210213 0.998660768 -0.050592946 0.010772838 -0.089664137 -0.050990614 -0.997875283 0.040557884 0.250748358
0.146118737 -0.041524860 -0.988395378 0.674057426 0.987180099 -0.058737604 0.148406818 -0.077803843 -0.064218564 -0.997409331 0.032409865 0.265812842
0.285859285 -0.041542335 -0.957370849 0.585879979 0.955527304 -0.063200958 0.288050876 -0.032993532 -0.072473041 -0.997136277 0.021628274 0.265023568
0.362640199 -0.032421228 -0.931364766 0.531826308 0.930072266 -0.050461954 0.363893585 0.036309762 -0.058796355 -0.998199821 0.011854580 0.271562101
0.353371622 -0.033772632 -0.934872714 0.400402018 0.933285059 -0.055734757 0.354785050 0.059104389 -0.064087002 -0.997874278 0.011824403 0.268621211
0.356223793 -0.021135684 -0.934161040 0.298767652 0.932152350 -0.061269428 0.356843863 0.109763643 -0.064777664 -0.997897058 -0.002123894 0.274246379
0.337515289 -0.028926534 -0.940875793 0.164474282 0.938562005 -0.066113340 0.338717875 0.173903998 -0.072002305 -0.997392408 0.004835104 0.277233785
0.245008062 -0.028962122 -0.969088721 0.077933366 0.967708246 -0.053787908 0.246266685 0.219347374 -0.059257622 -0.998132475 0.014848427 0.276394467
0.112189599 -0.025856286 -0.993350477 0.002407138 0.992377408 -0.048395485 0.113338864 0.208736391 -0.051004183 -0.998493712 0.020229734 0.287733619
-0.016613296 -0.028212125 -0.999463603 -0.087280992 0.998395715 -0.054583179 -0.015054889 0.190265335 -0.054129240 -0.998110902 0.029073648 0.276872727
-0.127348224 -0.037255597 -0.991158563 -0.134642671 0.990791739 -0.051092481 -0.125380796 0.187601621 -0.045969624 -0.997998384 0.043419126 0.280469427
-0.245004120 -0.035828502 -0.968860135 -0.219607466 0.968820138 -0.047050654 -0.243254770 0.159229625 -0.036870006 -0.998249819 0.046239032 0.292263185
-0.362659253 -0.033897771 -0.931304696 -0.225507269 0.931305702 -0.049502532 -0.360858032 0.151784334 -0.033869705 -0.998198861 0.049521744 0.281701394
-0.485297925 -0.029494099 -0.873851197 -0.205865000 0.873919749 -0.047674722 -0.483726212 0.142025440 -0.027393500 -0.998427753 0.048911861 0.287176944
-0.587608705 -0.028590929 -0.808639415 -0.209307308 0.808869111 -0.046825860 -0.586121054 0.135621684 -0.021107509 -0.998494085 0.050641606 0.291459776
-0.684217523 -0.027893239 -0.728743800 -0.183297761 0.729173465 -0.043031910 -0.682973653 0.132260224 -0.012308849 -0.998683809 0.049782176 0.293010345
-0.785115887 -0.033486892 -0.618443099 -0.176723917 0.619348911 -0.043522248 -0.783908853 0.148809166 -0.000665351 -0.998490872 0.054910081 0.287543987
-0.876812947 -0.043392129 -0.478868420 -0.177784203 0.480580823 -0.046976769 -0.875691773 0.091643134 0.015502374 -0.997953500 0.062043256 0.304958653
-0.919253978 -0.047515713 -0.390787080 -0.182935249 0.393090511 -0.057199912 -0.917719054 -0.004734400 0.021253072 -0.997231364 0.071259277 0.282022935
-0.958481448 -0.042361314 -0.281990268 -0.198984667 0.283698920 -0.041888105 -0.957998359 0.002813845 0.028770007 -0.998223936 0.052166859 0.302482614
-0.991659750 -0.043671528 -0.121255500 -0.159956298 0.123115849 -0.042764777 -0.991470360 -0.012285265 0.038113538 -0.998130177 0.047784820 0.315341575
-0.998783686 -0.035866085 0.033825823 -0.167558457 -0.032252144 -0.043582817 -0.998528744 -0.057992331 0.037287525 -0.998406170 0.042373063 0.293763830
-0.982595394 -0.047545116 0.179573012 -0.169933295 -0.176972535 -0.054220069 -0.982721348 -0.045113776 0.056460124 -0.997396617 0.044862254 0.294467716
-0.939182585 -0.043316091 0.340675793 -0.154037898 -0.338917228 -0.043180835 -0.939824192 -0.017013058 0.055420232 -0.998127573 0.025874132 0.310008963
-0.869046008 -0.044567942 0.492719187 -0.138248368 -0.490906211 -0.045907344 -0.870001953 -0.055139227 0.061393609 -0.997951477 0.018016903 0.308594890
-0.772112261 -0.044512843 0.633924875 -0.128697188 -0.631978913 -0.050870312 -0.773314867 -0.039664897 0.066670376 -0.997712442 0.011146528 0.301157092
-0.666445407 -0.046027149 0.744132090 -0.115881233 -0.742470137 -0.049703672 -0.668032340 -0.009848745 0.067733655 -0.997702580 -0.001049027 0.299215659
-0.543642105 -0.050268287 0.837810060 -0.106054533 -0.836221262 -0.053218295 -0.545804106 0.002222674 0.072023400 -0.997316383 -0.013103699 0.309676163
-0.417172472 -0.049481794 0.907479425 -0.085102189 -0.905950255 -0.056747795 -0.419563341 0.012136499 0.072258267 -0.997161629 -0.021154486 0.298729118
-0.276607359 -0.051325728 0.959611518 -0.094669527 -0.958845236 -0.051831741 -0.279158715 0.011167201 0.064066445 -0.997335921 -0.034876382 0.302981528
-0.118695026 -0.053428644 0.991491749 -0.094783660 -0.990652370 -0.061228159 -0.121894179 0.020915459 0.067219813 -0.996693028 -0.045661710 0.318770854
-0.080253988 -0.053529036 0.995336030 -0.087638959 -0.994873445 -0.057341387 -0.083300965 0.022603674 0.061532941 -0.996918309 -0.048652750 0.314660638
-0.104889378 -0.051948136 0.993125889 -0.093124856 -0.992023100 -0.064746664 -0.108159633 -0.043861617 0.069920336 -0.996549087 -0.044742516 0.294810182
-0.104341453 -0.055993271 0.992963705 0.037347915 -0.992641526 -0.055819572 -0.107454440 -0.113325111 0.061443599 -0.996869417 -0.049756970 0.319953358
-0.095121947 -0.048522400 0.994282286 0.015883074 -0.993431736 -0.059180823 -0.097928752 -0.113627816 0.063594205 -0.997067191 -0.042574285 0.300157354
-0.107462771 -0.054703337 0.992702834 -0.041699375 -0.992331700 -0.055438970 -0.110476847 -0.089255967 0.061077930 -0.996962726 -0.048326156 0.299700357
-0.106771909 -0.046879472 0.993178138 -0.038284772 -0.992606323 -0.052975003 -0.109210695 -0.092088113 0.057733374 -0.997494456 -0.040876640 0.306192874
-0.105531536 -0.051866446 0.993062144 -0.035775617 -0.992697348 -0.053198189 -0.108271186 -0.097744081 0.058444846 -0.997236005 -0.045873548 0.316481329
-0.103479124 -0.050122143 0.993368394 -0.044671939 -0.992831410 -0.054851811 -0.106191626 -0.095637756 0.059810629 -0.997235230 -0.044086819 0.291054334
-0.105893639 -0.056369409 0.992778233 -0.041490337 -0.992615676 -0.053406860 -0.108909529 -0.100626600 0.059160244 -0.996980465 -0.050297680 0.317937173
-0.109040728 -0.052508469 0.992649113 -0.034625363 -0.992273824 -0.053707643 -0.111839949 -0.101864093 0.059185424 -0.997175360 -0.046246380 0.312093929
-0.107956008 -0.058329494 0.992442797 -0.036486192 -0.992264491 -0.055228860 -0.111183153 -0.087353425 0.061296774 -0.996768916 -0.051915927 0.321595464
-0.105718335 -0.051918813 0.993040098 -0.049101866 -0.992546316 -0.055373992 -0.108560282 -0.101124383 0.060624867 -0.997115100 -0.045677832 0.312006482
