9.887581142e-01 -1.486266113e-01 1.635234192e-02 -8.112334495e-02 1.485561301e-01 9.888884883e-01 5.453885797e-03 -3.300670459e-02 -1.698120000e-02 -2.963340000e-03 9.998510000e-01 1.557420000e-03
9.902131698e-01 -1.394060408e-01 6.658924921e-03 -2.083036202e-02 1.394055268e-01 9.902353182e-01 5.472836414e-04 -2.151010624e-03 -6.670190000e-03 3.863640000e-04 9.999780000e-01 2.644330000e-03
9.914708633e-01 -1.303194683e-01 -1.724999995e-03 8.915662412e-03 1.303216464e-01 9.914711731e-01 1.220179562e-03 -1.269312823e-04 1.551270000e-03 -1.434570000e-03 9.999980000e-01 -5.883930000e-03
9.907890051e-01 -1.354116547e-01 1.070539896e-03 -6.465631115e-04 1.354138295e-01 9.907862842e-01 -2.221930173e-03 1.639206719e-03 -7.598020000e-04 2.346430000e-03 9.999970000e-01 3.410370000e-03
9.923669647e-01 -1.201583603e-01 2.775848698e-02 2.216871366e-02 1.202718935e-01 9.927376455e-01 -2.447814289e-03 -4.704826868e-03 -2.726280000e-02 5.767700000e-03 9.996120000e-01 2.004890000e-01
9.916479748e-01 -1.209641417e-01 4.473855173e-02 2.948014394e-02 1.211228268e-01 9.926371770e-01 -8.440989515e-04 -1.225703846e-02 -4.430700000e-02 6.255910000e-03 9.989980000e-01 4.271590000e-01
9.883577721e-01 -1.378950254e-01 6.430076708e-02 4.536095681e-02 1.383680785e-01 9.903765011e-01 -2.940381789e-03 -1.828027332e-02 -6.327650000e-02 1.180330000e-02 9.979260000e-01 5.953950000e-01
9.739867191e-01 -1.401769050e-01 1.780440270e-01 5.712267185e-02 1.392334269e-01 9.900984035e-01 1.784631529e-02 -2.287147644e-02 -1.787820000e-01 7.407610000e-03 9.838610000e-01 7.198350000e-01
9.394513652e-01 -1.328253762e-01 3.158940922e-01 1.073270215e-01 1.283769890e-01 9.911096978e-01 3.495022494e-02 -1.083382247e-02 -3.177280000e-01 7.719490000e-03 9.481510000e-01 7.737020000e-01
9.007294440e-01 -1.450597469e-01 4.094448472e-01 1.554465384e-01 1.354151087e-01 9.893897569e-01 5.262862962e-02 -7.198167675e-03 -4.127350000e-01 8.040860000e-03 9.108160000e-01 8.698050000e-01
8.611428828e-01 -1.328849084e-01 4.906870172e-01 2.102432213e-01 1.172717164e-01 9.911244617e-01 6.260154103e-02 -7.316563405e-03 -4.946510000e-01 3.634830000e-03 8.690840000e-01 9.899070000e-01
7.806285762e-01 -1.376810783e-01 6.096420506e-01 2.757140064e-01 1.113635890e-01 9.904655153e-01 8.108849715e-02 2.146706569e-03 -6.149940000e-01 4.591930000e-03 7.885190000e-01 1.039350000e+00
6.669395501e-01 -1.422395918e-01 7.314095799e-01 3.346788643e-01 1.021402033e-01 9.897959289e-01 9.935196251e-02 5.950844509e-03 -7.380780000e-01 8.444570000e-03 6.746620000e-01 1.080040000e+00
5.779548817e-01 -1.377249276e-01 8.043635124e-01 4.508561007e-01 8.866876907e-02 9.904188759e-01 1.058710978e-01 2.833022594e-02 -8.112370000e-01 1.013320000e-02 5.846290000e-01 1.150040000e+00
5.803503530e-01 -1.487139043e-01 8.006733507e-01 5.951596652e-01 1.014825820e-01 9.887275928e-01 1.100850306e-01 4.562449235e-02 -8.080190000e-01 1.736650000e-02 5.889000000e-01 1.217260000e+00
5.769458009e-01 -1.438134522e-01 8.040224260e-01 6.836927963e-01 9.374647957e-02 9.895316700e-01 1.097249582e-01 5.686634642e-02 -8.113850000e-01 1.206890000e-02 5.843880000e-01 1.307850000e+00
5.783923289e-01 -1.382563679e-01 8.039574061e-01 8.442814002e-01 8.805031647e-02 9.903564179e-01 1.069651427e-01 7.837339458e-02 -8.109930000e-01 8.920890000e-03 5.849880000e-01 1.414950000e+00
5.795751610e-01 -1.461526707e-01 8.017058160e-01 1.002741468e+00 9.707591268e-02 9.891636017e-01 1.101476832e-01 1.011255157e-01 -8.091160000e-01 1.398740000e-02 5.874820000e-01 1.511600000e+00
5.678871437e-01 -1.502620692e-01 8.092744649e-01 1.157163259e+00 1.007228851e-01 9.884922404e-01 1.128587790e-01 1.205615377e-01 -8.169200000e-01 1.742140000e-02 5.764880000e-01 1.611900000e+00
5.371405664e-01 -1.482316722e-01 8.303662183e-01 1.302566186e+00 9.039888430e-02 9.888840582e-01 1.180528479e-01 1.458136067e-01 -8.386350000e-01 1.165320000e-02 5.445690000e-01 1.701630000e+00
3.929686339e-01 -1.494823660e-01 9.073202430e-01 1.382932839e+00 7.856334628e-02 9.885485971e-01 1.288382833e-01 1.513111468e-01 -9.161890000e-01 2.065270000e-02 4.002130000e-01 1.716800000e+00
2.685142899e-01 -1.557946094e-01 9.505938041e-01 1.472642155e+00 6.623698182e-02 9.874851315e-01 1.431308415e-01 1.724348935e-01 -9.609960000e-01 2.453170000e-02 2.754730000e-01 1.723360000e+00
2.535271002e-01 -1.474054393e-01 9.560311110e-01 1.568063112e+00 5.389364355e-02 9.889389524e-01 1.381873361e-01 1.896902887e-01 -9.658260000e-01 1.648970000e-02 2.586670000e-01 1.734550000e+00
2.657696624e-01 -1.444590217e-01 9.531513836e-01 1.682934798e+00 4.849248101e-02 9.894610595e-01 1.364406168e-01 2.059733817e-01 -9.628160000e-01 9.958880000e-03 2.699740000e-01 1.760390000e+00
2.844732990e-01 -1.466048090e-01 9.474079510e-01 1.790704592e+00 6.121634851e-02 9.889992958e-01 1.346596005e-01 2.265963540e-01 -9.567270000e-01 1.968980000e-02 2.903190000e-01 1.767560000e+00
3.014779854e-01 -1.605237643e-01 9.398634101e-01 1.893656750e+00 7.435935197e-02 9.866821872e-01 1.446681115e-01 2.364935481e-01 -9.505690000e-01 2.627340000e-02 3.094000000e-01 1.797580000e+00
2.983720459e-01 -1.577214477e-01 9.413283091e-01 2.014904839e+00 7.019074679e-02 9.872070296e-01 1.431604609e-01 2.544606244e-01 -9.518650000e-01 2.335750000e-02 3.056250000e-01 1.804230000e+00
3.023329799e-01 -1.431700808e-01 9.423894899e-01 2.146466479e+00 5.565790247e-02 9.896201491e-01 1.324897971e-01 2.884713842e-01 -9.515760000e-01 1.239540000e-02 3.071630000e-01 1.856790000e+00
3.015470583e-01 -1.488896493e-01 9.417548519e-01 2.259728180e+00 6.012534662e-02 9.887359281e-01 1.370653517e-01 3.022969773e-01 -9.515540000e-01 1.529170000e-02 3.071020000e-01 1.869000000e+00
3.092416898e-01 -1.452255449e-01 9.398290377e-01 2.385397096e+00 6.043809498e-02 9.892742590e-01 1.329793630e-01 3.187956478e-01 -9.490610000e-01 1.567870000e-02 3.147020000e-01 1.907750000e+00
3.162495207e-01 -1.497217245e-01 9.367866177e-01 2.481298917e+00 6.843429061e-02 9.884953610e-01 1.348832890e-01 3.382093628e-01 -9.462040000e-01 2.145160000e-02 3.228580000e-01 1.915470000e+00
3.383892317e-01 -1.593144324e-01 9.274221625e-01 2.597382665e+00 7.678483742e-02 9.869521714e-01 1.415241597e-01 3.541374973e-01 -9.378680000e-01 2.332170000e-02 3.462070000e-01 1.942800000e+00
3.260161319e-01 -1.489129643e-01 9.335619472e-01 2.716345601e+00 6.522945792e-02 9.887053402e-01 1.349297245e-01 3.736838221e-01 -9.431110000e-01 1.690640000e-02 3.320480000e-01 1.969450000e+00
3.301175344e-01 -1.612201702e-01 9.300702449e-01 2.856075009e+00 8.015997581e-02 9.865356616e-01 1.425560255e-01 3.932333433e-01 -9.405300000e-01 2.749410000e-02 3.385960000e-01 2.022000000e+00
3.277285711e-01 -1.531209942e-01 9.322813300e-01 2.999130906e+00 6.536171569e-02 9.880896445e-01 1.393102916e-01 4.225591130e-01 -9.425080000e-01 1.527950000e-02 3.338340000e-01 2.028910000e+00
3.510651869e-01 -1.518284430e-01 9.239601264e-01 3.101054720e+00 7.026111833e-02 9.882553080e-01 1.356977109e-01 4.361355301e-01 -9.337110000e-01 1.727970000e-02 3.576100000e-01 2.058790000e+00
3.447487817e-01 -1.480676708e-01 9.269436452e-01 3.219807745e+00 6.777893018e-02 9.888296098e-01 1.327450053e-01 4.515475404e-01 -9.362450000e-01 1.706360000e-02 3.509340000e-01 2.086430000e+00
3.586375016e-01 -1.518835745e-01 9.210374668e-01 3.323701522e+00 7.265528232e-02 9.882232248e-01 1.346718196e-01 4.650505798e-01 -9.306450000e-01 1.861990000e-02 3.654490000e-01 2.118790000e+00
2.764779260e-01 -1.654620410e-01 9.466689342e-01 3.409545719e+00 7.244161907e-02 9.858525287e-01 1.511537675e-01 4.813212460e-01 -9.582860000e-01 2.678760000e-02 2.845530000e-01 2.129270000e+00
1.462083335e-01 -1.485708828e-01 9.780338578e-01 3.468545596e+00 3.862847007e-02 9.887610662e-01 1.444259118e-01 4.972143636e-01 -9.884990000e-01 1.666370000e-02 1.503050000e-01 2.132730000e+00
1.986398194e-02 -1.599698512e-01 9.869216060e-01 3.535366588e+00 3.415753500e-02 9.866488552e-01 1.592381684e-01 5.095341684e-01 -9.992190000e-01 3.054770000e-02 2.506290000e-02 2.112510000e+00
-1.173978569e-01 -1.480954312e-01 9.819805329e-01 3.613666257e+00 5.899079155e-04 9.888074801e-01 1.491955959e-01 5.330436997e-01 -9.930850000e-01 1.809450000e-02 -1.159960000e-01 2.112330000e+00
-2.403086674e-01 -1.609169964e-01 9.572656975e-01 3.647899469e+00 7.254730751e-04 9.861333447e-01 1.659519213e-01 5.318215271e-01 -9.706960000e-01 4.057420000e-02 -2.368600000e-01 2.082280000e+00
-3.259670378e-01 -1.515379527e-01 9.331573526e-01 3.688829866e+00 -1.717834876e-02 9.878562374e-01 1.544200585e-01 5.364193213e-01 -9.452250000e-01 3.430580000e-02 -3.246110000e-01 2.050390000e+00
-4.212573541e-01 -1.482942593e-01 8.947356238e-01 3.734690923e+00 -4.372482679e-02 9.887155659e-01 1.432841790e-01 5.491018936e-01 -9.058870000e-01 2.123730000e-02 -4.229870000e-01 2.034810000e+00
-5.221015156e-01 -1.593700720e-01 8.378608422e-01 3.782268788e+00 -5.249282842e-02 9.865281109e-01 1.549380872e-01 5.539750053e-01 -8.512660000e-01 3.691170000e-02 -5.234340000e-01 1.996230000e+00
-6.296148317e-01 -1.515254150e-01 7.619874171e-01 3.824448991e+00 -7.587770487e-02 9.881004362e-01 1.337928499e-01 5.731495400e-01 -7.731930000e-01 2.642010000e-02 -6.336200000e-01 1.960010000e+00
-7.277553993e-01 -1.578382053e-01 6.674265433e-01 3.859067743e+00 -8.441600673e-02 9.863732804e-01 1.412183971e-01 5.785906529e-01 -6.806220000e-01 4.643100000e-02 -7.311620000e-01 1.901330000e+00
-7.966546945e-01 -1.545171672e-01 5.843505516e-01 3.870768228e+00 -1.068866372e-01 9.875496596e-01 1.154131853e-01 5.882919422e-01 -5.949090000e-01 2.948520000e-02 -8.032520000e-01 1.831580000e+00
-8.625262884e-01 -1.483092185e-01 4.837901292e-01 3.898406968e+00 -1.070625456e-01 9.879265979e-01 1.119789865e-01 5.826580990e-01 -4.945560000e-01 4.478900000e-02 -8.679910000e-01 1.762180000e+00
-9.148456479e-01 -1.533801227e-01 3.735397564e-01 3.900452340e+00 -1.285938558e-01 9.875538158e-01 9.055967236e-02 5.880907540e-01 -3.827810000e-01 3.481320000e-02 -9.231830000e-01 1.706050000e+00
-9.621760140e-01 -1.635726402e-01 2.178577808e-01 3.909482652e+00 -1.498786161e-01 9.856162332e-01 7.808041469e-02 5.917811443e-01 -2.274960000e-01 4.247480000e-02 -9.728520000e-01 1.634430000e+00
-9.835104364e-01 -1.510507020e-01 9.945458440e-02 3.905028425e+00 -1.445465775e-01 9.870417344e-01 6.968219363e-02 5.829742605e-01 -1.086910000e-01 5.415730000e-02 -9.925990000e-01 1.566710000e+00
-9.864304792e-01 -1.607104504e-01 -3.357760024e-02 3.897550741e+00 -1.619028613e-01 9.861334306e-01 3.645395393e-02 5.924417149e-01 2.725340000e-02 4.139560000e-02 -9.987710000e-01 1.515400000e+00
-9.819767696e-01 -1.271440855e-01 -1.398460379e-01 3.880148746e+00 -1.322993364e-01 9.908097290e-01 2.816833062e-02 5.827737905e-01 1.349790000e-01 4.616220000e-02 -9.897730000e-01 1.440800000e+00
-9.524714550e-01 -1.500876420e-01 -2.650873898e-01 3.845150578e+00 -1.579164443e-01 9.874170894e-01 8.344030626e-03 5.811364516e-01 2.605000000e-01 4.980910000e-02 -9.641880000e-01 1.403590000e+00
-9.449050776e-01 -1.321226021e-01 -2.994960363e-01 3.782948866e+00 -1.395946284e-01 9.902026217e-01 3.591667133e-03 5.790196237e-01 2.960870000e-01 4.520180000e-02 -9.540910000e-01 1.258130000e+00
-9.563435147e-01 -1.299138061e-01 -2.617826569e-01 3.732839609e+00 -1.370987508e-01 9.905137571e-01 9.289917065e-03 5.812917473e-01 2.580920000e-01 4.477440000e-02 -9.650820000e-01 1.146950000e+00
-9.619793424e-01 -1.287613262e-01 -2.408664142e-01 3.702372116e+00 -1.352263115e-01 9.907594940e-01 1.043447654e-02 5.782658670e-01 2.372980000e-01 4.260920000e-02 -9.705020000e-01 1.026260000e+00
-9.594562588e-01 -1.407115533e-01 -2.442217070e-01 3.663854638e+00 -1.491447166e-01 9.886809925e-01 1.629216330e-02 5.787180716e-01 2.391640000e-01 5.205600000e-02 -9.695830000e-01 9.307880000e-01
-9.655458953e-01 -1.526839584e-01 -2.107354813e-01 3.632519055e+00 -1.594065911e-01 9.870962883e-01 1.518747315e-02 5.819374796e-01 2.056980000e-01 4.825680000e-02 -9.774250000e-01 8.274260000e-01
-9.834274560e-01 -1.531242181e-01 -9.707605657e-02 3.631473272e+00 -1.570461924e-01 9.870023565e-01 3.409086905e-02 5.781407846e-01 9.059420000e-02 4.877130000e-02 -9.946930000e-01 7.517730000e-01
-9.896207704e-01 -1.377222122e-01 -4.103181614e-02 3.614576831e+00 -1.392954301e-01 9.895091939e-01 3.831623271e-02 5.877140761e-01 3.532440000e-02 4.363410000e-02 -9.984230000e-01 6.242100000e-01
-9.876568675e-01 -1.490191184e-01 -4.824895198e-02 3.596531308e+00 -1.515477760e-01 9.869822222e-01 5.384012478e-02 5.742619249e-01 3.959760000e-02 6.048760000e-02 -9.973830000e-01 5.336580000e-01
-9.857097392e-01 -1.523985952e-01 -7.176697795e-02 3.584433871e+00 -1.558137959e-01 9.867772938e-01 4.464295229e-02 5.807731849e-01 6.401450000e-02 5.518730000e-02 -9.964220000e-01 4.280240000e-01
-9.905808056e-01 -1.366265291e-01 9.082360593e-03 3.594373583e+00 -1.360964534e-01 9.896963492e-01 4.449218103e-02 5.953973816e-01 -1.506760000e-02 4.283710000e-02 -9.989680000e-01 3.059270000e-01
-9.882710798e-01 -1.524481167e-01 -8.884289377e-03 3.606004802e+00 -1.526904533e-01 9.873399265e-01 4.296263716e-02 6.057276848e-01 2.222240000e-03 4.381530000e-02 -9.990370000e-01 2.037990000e-01
-9.897060010e-01 -1.415787803e-01 -2.091985362e-02 3.599699785e+00 -1.424812666e-01 9.884849188e-01 5.096274512e-02 5.998490573e-01 1.346370000e-02 5.341880000e-02 -9.984810000e-01 9.592400000e-02
-9.888724548e-01 -1.472887930e-01 -2.091405909e-02 3.603806535e+00 -1.481996289e-01 9.875808457e-01 5.216049584e-02 6.069801119e-01 1.297170000e-02 5.467960000e-02 -9.984200000e-01 1.191890000e-02
-9.907404717e-01 -1.323324422e-01 -3.036354005e-02 3.605414130e+00 -1.336814330e-01 9.898707659e-01 4.780606292e-02 6.044834102e-01 2.372970000e-02 5.142250000e-02 -9.983950000e-01 -1.104660000e-01
-9.891007272e-01 -1.387129006e-01 -4.938366555e-02 3.612551896e+00 -1.411550219e-01 9.887258834e-01 4.996563162e-02 6.088391281e-01 4.189600000e-02 5.639170000e-02 -9.975290000e-01 -1.938060000e-01
-9.825937548e-01 -1.528875717e-01 -1.055249568e-01 3.593934789e+00 -1.569637722e-01 9.871047000e-01 3.142011118e-02 6.167330876e-01 9.936080000e-02 4.743670000e-02 -9.939200000e-01 -2.703040000e-01
-9.683333931e-01 -1.567033125e-01 -1.943570689e-01 3.560441909e+00 -1.647275367e-01 9.860034067e-01 2.573159073e-02 6.087734207e-01 1.876050000e-01 5.693270000e-02 -9.805930000e-01 -3.424260000e-01
-9.489163114e-01 -1.299646251e-01 -2.875189365e-01 3.559941172e+00 -1.434914358e-01 9.892995017e-01 2.638900151e-02 6.044113436e-01 2.810130000e-01 6.629750000e-02 -9.574110000e-01 -3.854270000e-01
-9.056914516e-01 -1.524224545e-01 -3.955884739e-01 3.508838453e+00 -1.621266942e-01 9.867284472e-01 -9.006679484e-03 6.082000831e-01 3.917110000e-01 5.597820000e-02 -9.183840000e-01 -4.329060000e-01
-8.544627388e-01 -1.363935637e-01 -5.012893280e-01 3.476990163e+00 -1.453336083e-01 9.891507177e-01 -2.140849257e-02 5.934357986e-01 4.987710000e-01 5.456140000e-02 -8.650150000e-01 -4.813600000e-01
-7.775296970e-01 -1.479477913e-01 -6.111949770e-01 3.439429765e+00 -1.526371315e-01 9.872659096e-01 -4.480405578e-02 6.002257270e-01 6.100410000e-01 5.845460000e-02 -7.902110000e-01 -5.168710000e-01
-6.825542230e-01 -1.489539034e-01 -7.154941939e-01 3.346297905e+00 -1.460406766e-01 9.870632125e-01 -6.617264271e-02 5.887488536e-01 7.160950000e-01 5.932490000e-02 -6.954780000e-01 -5.592900000e-01
-5.765480298e-01 -1.447356237e-01 -8.041415647e-01 3.285079163e+00 -1.311909752e-01 9.878147046e-01 -8.373405362e-02 5.765254391e-01 8.064620000e-01 5.721950000e-02 -5.885100000e-01 -5.623070000e-01
-4.407854729e-01 -1.486347427e-01 -8.852214456e-01 3.195220774e+00 -1.163118902e-01 9.873378927e-01 -1.078648960e-01 5.624859907e-01 8.900450000e-01 5.541650000e-02 -4.524920000e-01 -5.955520000e-01
-3.197950545e-01 -1.379179132e-01 -9.373956110e-01 3.130284442e+00 -9.091597508e-02 9.892510639e-01 -1.145311101e-01 5.381940229e-01 9.431150000e-01 4.859780000e-02 -3.288960000e-01 -6.156990000e-01
-1.933998637e-01 -1.422260405e-01 -9.707566794e-01 3.086936153e+00 -7.940988053e-02 9.884605308e-01 -1.289992279e-01 5.400855105e-01 9.779010000e-01 5.213920000e-02 -2.024620000e-01 -6.050600000e-01
-5.660014383e-02 -1.447521442e-01 -9.878480226e-01 2.996640908e+00 -5.870853098e-02 9.882042599e-01 -1.414406574e-01 5.290464420e-01 9.966690000e-01 4.998950000e-02 -6.443070000e-02 -5.768910000e-01
1.184675478e-01 -1.492668031e-01 -9.816748272e-01 2.914363736e+00 -2.245545260e-02 9.879812992e-01 -1.529356343e-01 5.019000535e-01 9.927040000e-01 4.016180000e-02 1.136920000e-01 -5.623540000e-01
2.062031441e-01 -1.382456396e-01 -9.686943982e-01 2.819916184e+00 -9.945367651e-03 9.896226168e-01 -1.433493231e-01 4.859676121e-01 9.784590000e-01 3.919310000e-02 2.026880000e-01 -5.183500000e-01
2.272878052e-01 -1.408423602e-01 -9.635893595e-01 2.683266780e+00 -1.313083780e-02 9.889532860e-01 -1.476469012e-01 4.706128042e-01 9.737390000e-01 4.621100000e-02 2.229280000e-01 -4.695110000e-01
2.328279478e-01 -1.370462316e-01 -9.628135771e-01 2.534687211e+00 -1.192315995e-02 9.895447374e-01 -1.437343826e-01 4.358802446e-01 9.724450000e-01 4.494510000e-02 2.287600000e-01 -4.322530000e-01
2.151515938e-01 -1.329908155e-01 -9.674828587e-01 2.348755839e+00 -2.540593723e-03 9.906043659e-01 -1.367341052e-01 4.110869684e-01 9.765770000e-01 3.187650000e-02 2.127920000e-01 -3.673780000e-01
2.785733970e-01 -1.298409026e-01 -9.515972082e-01 2.201422964e+00 -1.247060212e-03 9.907695722e-01 -1.355507300e-01 3.657429282e-01 9.604140000e-01 3.894750000e-02 2.758410000e-01 -3.463680000e-01
4.251501987e-01 -1.351093662e-01 -8.949819525e-01 2.140554537e+00 2.068028116e-02 9.899878960e-01 -1.396278332e-01 3.641232023e-01 9.048870000e-01 4.085430000e-02 4.236870000e-01 -2.981450000e-01
5.563204582e-01 -1.254799239e-01 -8.214392298e-01 2.086481834e+00 3.295696315e-02 9.910868317e-01 -1.290745389e-01 3.579016735e-01 8.303140000e-01 4.473470000e-02 5.554980000e-01 -2.316970000e-01
6.805680148e-01 -1.437790261e-01 -7.184395347e-01 2.035841484e+00 7.598088835e-02 9.891194099e-01 -1.259738733e-01 3.425324264e-01 7.287350000e-01 3.114610000e-02 6.840870000e-01 -1.836050000e-01
7.804916049e-01 -1.444102037e-01 -6.082586894e-01 2.003050205e+00 9.694488280e-02 9.891427622e-01 -1.104428223e-01 3.335458239e-01 6.176040000e-01 2.723210000e-02 7.860180000e-01 -1.256650000e-01
8.732135534e-01 -1.395349357e-01 -4.669345758e-01 1.987832283e+00 1.115451563e-01 9.899240663e-01 -8.722054361e-02 3.279803311e-01 4.744000000e-01 2.407780000e-02 8.799800000e-01 -4.963150000e-02
9.196009639e-01 -1.415955703e-01 -3.664481734e-01 1.947248670e+00 1.206123230e-01 9.894976456e-01 -7.966550678e-02 3.163284811e-01 3.738800000e-01 2.906230000e-02 9.270220000e-01 6.876260000e-02
8.813439077e-01 -1.458917905e-01 -4.493871804e-01 1.886475830e+00 1.203627162e-01 9.890805099e-01 -8.504429378e-02 2.940106734e-01 4.568880000e-01 2.086380000e-02 8.892800000e-01 1.992430000e-01
7.988017504e-01 -1.419506077e-01 -5.846075356e-01 1.833417662e+00 9.860166438e-02 9.895148216e-01 -1.055391853e-01 2.801591807e-01 5.934590000e-01 2.666160000e-02 8.044220000e-01 2.726990000e-01
7.506172911e-01 -1.367581180e-01 -6.464286901e-01 1.724925813e+00 8.398928925e-02 9.901584235e-01 -1.119507182e-01 2.674533195e-01 6.553770000e-01 2.973910000e-02 7.547160000e-01 3.171400000e-01
8.381357141e-01 -1.415567596e-01 -5.267739138e-01 1.682404807e+00 1.045453653e-01 9.895233671e-01 -9.956936472e-02 2.518820986e-01 5.353500000e-01 2.838090000e-02 8.441530000e-01 4.039890000e-01
9.086805442e-01 -1.451897699e-01 -3.914333113e-01 1.676760863e+00 1.239684983e-01 9.891278377e-01 -7.910322688e-02 2.481020518e-01 3.986630000e-01 2.335410000e-02 9.168000000e-01 4.979150000e-01
9.350231683e-01 -1.310709383e-01 -3.294718422e-01 1.638420172e+00 1.066826260e-01 9.901087783e-01 -9.112642465e-02 2.298417944e-01 3.381570000e-01 5.005640000e-02 9.397580000e-01 6.156720000e-01
9.364747023e-01 -1.432901075e-01 -3.201302325e-01 1.591149785e+00 1.284622247e-01 9.894424769e-01 -6.708471174e-02 2.181199580e-01 3.263630000e-01 2.169850000e-02 9.449950000e-01 8.119640000e-01
9.136644821e-01 -1.499912086e-01 -3.777827909e-01 1.524285009e+00 1.317213009e-01 9.885277357e-01 -7.390854526e-02 2.139905795e-01 3.845350000e-01 1.776560000e-02 9.229400000e-01 9.548890000e-01
8.497014788e-01 -1.444672279e-01 -5.070875078e-01 1.475617993e+00 1.148529552e-01 9.893508054e-01 -8.940894997e-02 1.969619358e-01 5.146040000e-01 1.773040000e-02 8.572450000e-01 1.018040000e+00
7.520678271e-01 -1.428727027e-01 -6.434146262e-01 1.418028547e+00 9.652273590e-02 9.895715405e-01 -1.069160206e-01 1.815206224e-01 6.519800000e-01 1.830390000e-02 7.580150000e-01 1.075820000e+00
6.452123925e-01 -1.488621646e-01 -7.493602010e-01 1.353417072e+00 8.087610635e-02 9.886307503e-01 -1.267581318e-01 1.755388482e-01 7.597110000e-01 2.118060000e-02 6.499160000e-01 1.147180000e+00
5.128110704e-01 -1.380419846e-01 -8.473305062e-01 1.293966351e+00 4.666874633e-02 9.900111665e-01 -1.330421960e-01 1.570633024e-01 8.572320000e-01 2.868170000e-02 5.141300000e-01 1.192050000e+00
4.110205940e-01 -1.350701607e-01 -9.015642660e-01 1.232721770e+00 2.522387161e-02 9.902692200e-01 -1.368602251e-01 1.493534235e-01 9.112770000e-01 3.351140000e-02 4.104280000e-01 1.195500000e+00
2.685311515e-01 -1.387477639e-01 -9.532262719e-01 1.146476751e+00 7.808557588e-03 9.898532071e-01 -1.418793061e-01 1.332022558e-01 9.632390000e-01 3.065570000e-02 2.668890000e-01 1.210270000e+00
1.453733536e-01 -1.322080945e-01 -9.805037920e-01 1.093233908e+00 -8.925147732e-03 9.908156917e-01 -1.349218987e-01 1.210042334e-01 9.893370000e-01 2.836520000e-02 1.428580000e-01 1.244420000e+00
2.902988048e-02 -1.402733145e-01 -9.896871353e-01 1.042626490e+00 -3.282579642e-02 9.894362293e-01 -1.412007202e-01 1.145642981e-01 9.990390000e-01 3.658630000e-02 2.411870000e-02 1.226110000e+00
-9.827439905e-02 -1.334586902e-01 -9.861699544e-01 9.801293482e-01 -5.014917092e-02 9.903721677e-01 -1.290298181e-01 1.001299330e-01 9.938950000e-01 3.677530000e-02 -1.040210000e-01 1.237270000e+00
-1.939860729e-01 -1.343156249e-01 -9.717660680e-01 9.108272755e-01 -6.658917914e-02 9.901007930e-01 -1.235571804e-01 9.127107665e-02 9.787420000e-01 4.074070000e-02 -2.010100000e-01 1.197410000e+00
-3.324459686e-01 -1.339534208e-01 -9.335609881e-01 8.560699512e-01 -8.490918059e-02 9.900937269e-01 -1.118284008e-01 8.808044254e-02 9.392920000e-01 4.209100000e-02 -3.405260000e-01 1.176250000e+00
-4.292692807e-01 -1.384265249e-01 -8.925053170e-01 8.256774937e-01 -9.275246560e-02 9.897170865e-01 -1.088925258e-01 8.400860620e-02 8.984010000e-01 3.603790000e-02 -4.376950000e-01 1.136950000e+00
-5.525985993e-01 -1.408520704e-01 -8.214595181e-01 7.775837858e-01 -1.153745980e-01 9.890549314e-01 -9.197603499e-02 7.935352790e-02 8.254230000e-01 4.394980000e-02 -5.628010000e-01 1.087110000e+00
-6.576725550e-01 -1.376760678e-01 -7.406161996e-01 7.310979707e-01 -1.225117749e-01 9.896157536e-01 -7.517241527e-02 6.914604176e-02 7.432750000e-01 4.129540000e-02 -6.677100000e-01 1.041960000e+00
-7.614213378e-01 -1.502780959e-01 -6.305982588e-01 6.960192113e-01 -1.456269551e-01 9.875485806e-01 -5.950443955e-02 6.126504051e-02 6.316890000e-01 4.652410000e-02 -7.738250000e-01 9.705740000e-01
-8.432062360e-01 -1.528646302e-01 -5.153985149e-01 6.688678312e-01 -1.565207779e-01 9.869938259e-01 -3.666522338e-02 6.021996129e-02 5.143000000e-01 4.975420000e-02 -8.561660000e-01 9.170640000e-01
-9.134600397e-01 -1.519651011e-01 -3.774892885e-01 6.469926668e-01 -1.597890476e-01 9.870934875e-01 -1.070988452e-02 5.803409380e-02 3.742450000e-01 5.053560000e-02 -9.259520000e-01 8.344880000e-01
-9.556546519e-01 -1.407593621e-01 -2.586730897e-01 6.381432358e-01 -1.507619013e-01 9.883843039e-01 1.914257067e-02 4.608417414e-02 2.529740000e-01 5.729170000e-02 -9.657750000e-01 7.675500000e-01
-9.768833989e-01 -1.528721337e-01 -1.494280228e-01 6.271398838e-01 -1.602265706e-01 9.863321763e-01 3.841220087e-02 6.100933812e-02 1.415140000e-01 6.146660000e-02 -9.880260000e-01 6.835250000e-01
-9.732166035e-01 -1.468709129e-01 -1.768571167e-01 6.342749065e-01 -1.539862444e-01 9.877008862e-01 2.712647399e-02 6.763549298e-02 1.706980000e-01 5.363350000e-02 -9.838630000e-01 5.945690000e-01
-9.432560125e-01 -1.711734116e-01 -2.845475871e-01 6.023896872e-01 -1.848636671e-01 9.825230973e-01 2.176069908e-02 5.443751529e-02 2.758500000e-01 7.312850000e-02 -9.584150000e-01 5.251350000e-01
-9.213416510e-01 -1.633820852e-01 -3.527542805e-01 5.847971862e-01 -1.751844136e-01 9.845342857e-01 1.557552336e-03 6.276184481e-02 3.470450000e-01 6.323210000e-02 -9.357150000e-01 4.433630000e-01
-9.334200055e-01 -1.430664191e-01 -3.290265130e-01 5.262928714e-01 -1.539653131e-01 9.880501019e-01 7.165293744e-03 5.674238486e-02 3.240690000e-01 5.734690000e-02 -9.442940000e-01 3.570250000e-01
-9.277962233e-01 -1.668083016e-01 -3.337210691e-01 4.981327704e-01 -1.789605513e-01 9.838388884e-01 5.771837359e-03 5.281887945e-02 3.273660000e-01 6.507800000e-02 -9.426540000e-01 2.574620000e-01
-9.342656853e-01 -1.468461535e-01 -3.249357704e-01 4.579710648e-01 -1.616188612e-01 9.866741420e-01 1.879047516e-02 4.536608162e-02 3.178470000e-01 7.007100000e-02 -9.455490000e-01 1.683430000e-01
-9.349009776e-01 -1.450725945e-01 -3.239030881e-01 4.355919563e-01 -1.587004409e-01 9.871981095e-01 1.591160809e-02 4.919457939e-02 3.174480000e-01 6.627940000e-02 -9.459560000e-01 9.180990000e-02
-8.931064059e-01 -1.746608151e-01 -4.145524014e-01 3.945885510e-01 -1.894007778e-01 9.818836412e-01 -5.647948353e-03 4.898036370e-02 4.080290000e-01 7.347230000e-02 -9.100080000e-01 1.502160000e-02
-8.390238668e-01 -1.467228189e-01 -5.239377497e-01 3.594671442e-01 -1.520731129e-01 9.878148762e-01 -3.309925725e-02 5.577250465e-02 5.224100000e-01 5.190580000e-02 -8.511130000e-01 -2.918070000e-02
-7.541441196e-01 -1.450907071e-01 -6.404801223e-01 2.861453788e-01 -1.450496494e-01 9.880025749e-01 -5.302510819e-02 3.495227188e-02 6.404890000e-01 5.291280000e-02 -7.661420000e-01 -5.759330000e-02
-6.698880704e-01 -1.601413663e-01 -7.249861158e-01 2.127022634e-01 -1.623380638e-01 9.844275695e-01 -6.744847591e-02 1.679607630e-02 7.244970000e-01 7.250990000e-02 -6.854530000e-01 -9.016890000e-02
-5.857387753e-01 -1.565563928e-01 -7.952361968e-01 1.562437324e-01 -1.276887881e-01 9.867394294e-01 -1.002067689e-01 2.053825467e-02 8.003790000e-01 4.284780000e-02 -5.979620000e-01 -1.221540000e-01
-4.589976822e-01 -1.438826978e-01 -8.767094200e-01 8.428304297e-02 -1.085660906e-01 9.884875148e-01 -1.053879805e-01 3.804088843e-03 8.817790000e-01 4.680810000e-02 -4.693340000e-01 -1.277180000e-01
-3.401914761e-01 -1.488566816e-01 -9.284999052e-01 1.588484849e-02 -9.796638276e-02 9.876285361e-01 -1.224425791e-01 -1.381702629e-02 9.352390000e-01 4.930780000e-02 -3.505650000e-01 -1.233930000e-01
-2.053761371e-01 -1.574440574e-01 -9.659360587e-01 -5.164592557e-02 -7.311844920e-02 9.866848880e-01 -1.452798797e-01 -1.063219744e-02 9.759480000e-01 4.079070000e-02 -2.141540000e-01 -1.339070000e-01
-8.688348835e-02 -1.429751660e-01 -9.859051622e-01 -1.200083967e-01 -6.388127215e-02 9.884105434e-01 -1.377088616e-01 -3.344351894e-02 9.941680000e-01 5.101630000e-02 -9.501000000e-02 -1.279800000e-01
1.965669806e-02 -1.445032711e-01 -9.893086650e-01 -1.754879282e-01 -4.180779572e-02 9.885164157e-01 -1.452179947e-01 -4.132812398e-02 9.989320000e-01 4.421530000e-02 1.338960000e-02 -1.265330000e-01
1.166814887e-01 -1.379116088e-01 -9.835470809e-01 -2.468144257e-01 6.960550601e-03 9.904014141e-01 -1.380467817e-01 -6.357849013e-02 9.931450000e-01 9.261480000e-03 1.165220000e-01 -1.135120000e-01
2.261970456e-01 -1.443616091e-01 -9.633246301e-01 -2.943802755e-01 8.485153431e-03 9.892112880e-01 -1.462485695e-01 -7.617011946e-02 9.740440000e-01 2.490710000e-02 2.249820000e-01 -9.284750000e-02
3.438975096e-01 -1.421420350e-01 -9.281861266e-01 -3.521289117e-01 7.606985318e-03 9.888653944e-01 -1.486159937e-01 -6.775342101e-02 9.389760000e-01 4.404800000e-02 3.411500000e-01 -5.054570000e-02
4.282049101e-01 -1.520441685e-01 -8.907986951e-01 -3.877313535e-01 5.669681502e-02 9.883226008e-01 -1.414356749e-01 -8.193009746e-02 9.019010000e-01 1.005800000e-02 4.318250000e-01 -1.835870000e-02
5.178239695e-01 -1.407238580e-01 -8.438331415e-01 -4.190282830e-01 4.478012709e-02 9.894842639e-01 -1.375339663e-01 -8.458548456e-02 8.543140000e-01 3.343140000e-02 5.186810000e-01 3.170830000e-02
6.327766794e-01 -1.496156770e-01 -7.597423635e-01 -4.838237835e-01 7.245948542e-02 9.882912605e-01 -1.342734983e-01 -9.912312582e-02 7.709360000e-01 2.991460000e-02 6.362090000e-01 5.472960000e-02
7.311720662e-01 -1.399221939e-01 -6.676899843e-01 -5.114138193e-01 8.459622599e-02 9.897821195e-01 -1.147810643e-01 -1.078925427e-01 6.769280000e-01 2.744060000e-02 7.355380000e-01 9.952670000e-02
8.298342916e-01 -1.386922937e-01 -5.404998530e-01 -5.421271203e-01 1.041029789e-01 9.900924016e-01 -9.422788099e-02 -1.254170052e-01 5.482140000e-01 2.192590000e-02 8.360510000e-01 1.779440000e-01
9.001752096e-01 -1.399593767e-01 -4.124261220e-01 -5.524251829e-01 1.153799165e-01 9.897596596e-01 -8.404843925e-02 -1.312014819e-01 4.199660000e-01 2.807260000e-02 9.071050000e-01 2.796220000e-01
9.503126746e-01 -1.488024913e-01 -2.734309750e-01 -5.519133630e-01 1.353357986e-01 9.884927785e-01 -6.758132830e-02 -1.371717992e-01 2.803410000e-01 2.721840000e-02 9.595150000e-01 3.582060000e-01
9.801229455e-01 -1.517686360e-01 -1.277737679e-01 -5.447572874e-01 1.470231093e-01 9.880698822e-01 -4.584266114e-02 -1.333780023e-01 1.332070000e-01 2.614570000e-02 9.907430000e-01 4.184220000e-01
9.871287392e-01 -1.570150299e-01 3.038670465e-02 -5.244840070e-01 1.574907241e-01 9.874216435e-01 -1.393530238e-02 -1.298789214e-01 -2.781650000e-02 1.854160000e-02 9.994410000e-01 4.933920000e-01
9.749423154e-01 -1.649499004e-01 1.492611598e-01 -5.058758853e-01 1.669568968e-01 9.859637549e-01 -9.294079794e-04 -1.323410216e-01 -1.470130000e-01 2.582630000e-02 9.887970000e-01 5.622270000e-01
9.725422735e-01 -1.651643162e-01 1.639553138e-01 -4.653733335e-01 1.668512786e-01 9.859756804e-01 3.525058870e-03 -1.355506709e-01 -1.622380000e-01 2.392790000e-02 9.864610000e-01 7.749730000e-01
9.749981865e-01 -1.489635553e-01 1.648912469e-01 -3.841469947e-01 1.503728156e-01 9.886213795e-01 3.975239541e-03 -1.232934169e-01 -1.636080000e-01 2.091930000e-02 9.863040000e-01 1.003300000e+00
9.741435955e-01 -1.659699420e-01 1.532934612e-01 -3.312823632e-01 1.671185344e-01 9.859216970e-01 5.453912445e-03 -1.260194610e-01 -1.520410000e-01 2.030530000e-02 9.881660000e-01 1.207390000e+00
9.788620134e-01 -1.479438875e-01 1.412152222e-01 -2.689867830e-01 1.502284683e-01 9.886351024e-01 -5.596716251e-03 -1.254431652e-01 -1.387830000e-01 2.669290000e-02 9.899630000e-01 1.499310000e+00
9.791011228e-01 -1.622443945e-01 1.226300789e-01 -2.090256925e-01 1.636237132e-01 9.865223006e-01 -1.194144865e-03 -1.311713238e-01 -1.207830000e-01 2.123440000e-02 9.924520000e-01 1.716870000e+00
9.808296889e-01 -1.514556261e-01 1.226121664e-01 -1.797891132e-01 1.555682570e-01 9.875174546e-01 -2.463786763e-02 -1.245972210e-01 -1.173500000e-01 4.324010000e-02 9.921490000e-01 1.889860000e+00
9.794472037e-01 -1.679680068e-01 1.116642854e-01 -1.465783632e-01 1.718568850e-01 9.847759194e-01 -2.609513194e-02 -1.281112096e-01 -1.055820000e-01 4.474910000e-02 9.934030000e-01 2.056830000e+00
9.820557344e-01 -1.574560004e-01 1.037947360e-01 -9.650138808e-02 1.585662778e-01 9.873447816e-01 -2.481905950e-03 -1.319033248e-01 -1.020900000e-01 1.889570000e-02 9.945960000e-01 2.271540000e+00
9.791388160e-01 -1.573303355e-01 1.285894977e-01 -2.989400604e-02 1.588848010e-01 9.872949811e-01 -1.854843015e-03 -1.228446344e-01 -1.266640000e-01 2.224710000e-02 9.916960000e-01 2.544330000e+00
9.518458195e-01 -1.718335455e-01 2.538947140e-01 3.990713504e-02 1.709717312e-01 9.849422446e-01 2.563028497e-02 -1.172396232e-01 -2.544760000e-01 1.901270000e-02 9.668920000e-01 2.677640000e+00
9.506392152e-01 -1.677124701e-01 2.610696477e-01 1.469057309e-01 1.673186206e-01 9.856132465e-01 2.390150886e-02 -1.073801997e-01 -2.613230000e-01 2.096010000e-02 9.650240000e-01 2.906170000e+00
9.584284220e-01 -1.590179989e-01 2.369134243e-01 2.823937116e-01 1.592613856e-01 9.870680690e-01 1.823828087e-02 -9.568369180e-02 -2.367500000e-01 2.025110000e-02 9.713600000e-01 3.221930000e+00
9.631443507e-01 -1.656511087e-01 2.119277379e-01 3.376495297e-01 1.662638414e-01 9.859660359e-01 1.505486023e-02 -9.346969294e-02 -2.114470000e-01 2.073590000e-02 9.771690000e-01 3.444820000e+00
9.679236107e-01 -1.604731232e-01 1.933178100e-01 4.412955243e-01 1.605142500e-01 9.869105942e-01 1.555546111e-02 -8.010645831e-02 -1.932830000e-01 1.597370000e-02 9.810130000e-01 3.729050000e+00
9.690625544e-01 -1.732280872e-01 1.758125231e-01 5.198566172e-01 1.739530404e-01 9.846883400e-01 1.140012059e-02 -9.012861415e-02 -1.750950000e-01 1.953570000e-02 9.843580000e-01 3.932140000e+00
9.708428713e-01 -1.635506025e-01 1.752559830e-01 5.712155636e-01 1.634743255e-01 9.864334798e-01 1.497210281e-02 -8.051462386e-02 -1.753270000e-01 1.411430000e-02 9.844090000e-01 4.121020000e+00
9.709020799e-01 -1.580139084e-01 1.799471522e-01 6.334025246e-01 1.610128361e-01 9.869502881e-01 -2.088560203e-03 -7.075946238e-02 -1.772690000e-01 3.100160000e-02 9.836740000e-01 4.336190000e+00
9.716344903e-01 -1.699908196e-01 1.644073988e-01 6.891696184e-01 1.704640464e-01 9.852982787e-01 1.133251583e-02 -7.380891409e-02 -1.639170000e-01 1.701450000e-02 9.863270000e-01 4.492360000e+00
9.734512294e-01 -1.629301474e-01 1.607702411e-01 7.558614109e-01 1.645795384e-01 9.863591091e-01 3.094255023e-03 -6.012626279e-02 -1.590810000e-01 2.344730000e-02 9.869870000e-01 4.704140000e+00
9.756424309e-01 -1.635365448e-01 1.462117964e-01 8.217087199e-01 1.648183759e-01 9.863183118e-01 3.388112031e-03 -6.343685461e-02 -1.447660000e-01 2.079290000e-02 9.892470000e-01 4.872580000e+00
9.784739144e-01 -1.552756091e-01 1.359360653e-01 8.389146191e-01 1.579209679e-01 9.874124916e-01 -8.831037081e-03 -5.045865924e-02 -1.328540000e-01 3.010810000e-02 9.906780000e-01 5.034110000e+00
9.799251132e-01 -1.696374791e-01 1.047334003e-01 8.603377829e-01 1.710533762e-01 9.852505594e-01 -4.621647433e-03 -7.369950050e-02 -1.024050000e-01 2.244390000e-02 9.944900000e-01 5.158910000e+00
9.699727850e-01 -1.568939209e-01 1.858407412e-01 8.888294764e-01 1.598768566e-01 9.871368599e-01 -1.079187194e-03 -5.826661839e-02 -1.832810000e-01 3.075840000e-02 9.825790000e-01 5.287140000e+00
9.547280149e-01 -1.704803703e-01 2.437843638e-01 9.485466836e-01 1.730774745e-01 9.848478536e-01 1.089202302e-02 -5.101013696e-02 -2.419480000e-01 3.179470000e-02 9.697680000e-01 5.383650000e+00
9.632144324e-01 -1.594186736e-01 2.163389928e-01 9.620853297e-01 1.592378005e-01 9.870686532e-01 1.838330389e-02 -6.220017136e-02 -2.164730000e-01 1.674230000e-02 9.761450000e-01 5.513160000e+00
9.601593280e-01 -1.795843012e-01 2.141095422e-01 1.015213944e+00 1.789986946e-01 9.835974089e-01 2.228366457e-02 -7.146913798e-02 -2.145990000e-01 1.692940000e-02 9.765560000e-01 5.630250000e+00
9.653466243e-01 -1.513341614e-01 2.126109767e-01 1.033782476e+00 1.523781974e-01 9.882549071e-01 1.156499755e-02 -6.676450155e-02 -2.118630000e-01 2.123310000e-02 9.770690000e-01 5.747280000e+00
9.627041695e-01 -1.748905727e-01 2.064341306e-01 1.089319851e+00 1.763464225e-01 9.842609760e-01 1.147479613e-02 -5.415224337e-02 -2.051920000e-01 2.535700000e-02 9.783930000e-01 5.875400000e+00
9.439422950e-01 -1.696099205e-01 2.832058924e-01 1.127900307e+00 1.693864877e-01 9.852201370e-01 2.546615072e-02 -7.152255676e-02 -2.833390000e-01 2.393270000e-02 9.587210000e-01 5.941960000e+00
8.939793363e-01 -1.626403101e-01 4.175512598e-01 1.155269478e+00 1.590831064e-01 9.863033676e-01 4.357687284e-02 -4.600324019e-02 -4.189190000e-01 2.746850000e-02 9.076080000e-01 6.045260000e+00
8.398112150e-01 -1.628793152e-01 5.178680748e-01 1.206070715e+00 1.538306978e-01 9.862289704e-01 6.072521962e-02 -3.467672059e-02 -5.206270000e-01 2.866630000e-02 8.533030000e-01 6.112080000e+00
7.909626511e-01 -1.866772106e-01 5.826921102e-01 1.234876170e+00 1.652343371e-01 9.821077661e-01 9.034452738e-02 -4.688003111e-02 -5.891320000e-01 2.482160000e-02 8.076560000e-01 6.159630000e+00
7.304073544e-01 -1.651370346e-01 6.627479461e-01 1.302558804e+00 1.341577884e-01 9.861169296e-01 9.785688550e-02 -3.891381305e-02 -6.697070000e-01 1.743740000e-02 7.424210000e-01 6.212950000e+00
6.474716397e-01 -1.624284345e-01 7.445791268e-01 1.398747504e+00 1.183096451e-01 9.866011707e-01 1.123453033e-01 -2.741122969e-02 -7.528500000e-01 1.535050000e-02 6.580130000e-01 6.254920000e+00
5.533079384e-01 -1.638484868e-01 8.167032145e-01 1.463669385e+00 1.113887687e-01 9.862113191e-01 1.223908408e-01 -1.060725471e-04 -8.254960000e-01 2.325170000e-02 5.639290000e-01 6.301630000e+00
4.678305567e-01 -1.595016918e-01 8.693064187e-01 1.545324749e+00 9.716217406e-02 9.869002851e-01 1.287888785e-01 3.716449102e-03 -8.784610000e-01 2.421230000e-02 4.771990000e-01 6.351810000e+00
4.226918665e-01 -1.723380129e-01 8.897368741e-01 1.679054757e+00 1.085806734e-01 9.843119265e-01 1.390726065e-01 2.056473904e-02 -8.997450000e-01 3.782340000e-02 4.347730000e-01 6.415210000e+00
3.206164938e-01 -1.740823345e-01 9.310748158e-01 1.770259783e+00 8.025491736e-02 9.844244179e-01 1.564211421e-01 3.742189296e-02 -9.438030000e-01 2.457220000e-02 3.295930000e-01 6.422320000e+00
2.466290753e-01 -1.730872861e-01 9.535278159e-01 1.842110623e+00 7.169900500e-02 9.844831223e-01 1.601616695e-01 5.016970889e-02 -9.664540000e-01 2.886650000e-02 2.552120000e-01 6.434630000e+00
1.917074356e-01 -1.650446387e-01 9.674751101e-01 1.947563846e+00 5.526901153e-02 9.860098737e-01 1.572549167e-01 6.840295764e-02 -9.798950000e-01 2.332450000e-02 1.981480000e-01 6.432360000e+00
1.987290144e-01 -1.685098369e-01 9.654594963e-01 2.104182916e+00 6.549071878e-02 9.851887341e-01 1.584730223e-01 8.226161862e-02 -9.778640000e-01 3.173540000e-02 2.068210000e-01 6.453780000e+00
2.106070452e-01 -1.710180194e-01 9.624957682e-01 2.226428082e+00 5.943550703e-02 9.849976362e-01 1.620109330e-01 1.224764837e-01 -9.757620000e-01 2.308580000e-02 2.176110000e-01 6.462780000e+00
2.112437519e-01 -1.604814522e-01 9.641687226e-01 2.360311013e+00 6.066148190e-02 9.866801248e-01 1.509377764e-01 1.347699218e-01 -9.755490000e-01 2.660330000e-02 2.181650000e-01 6.471900000e+00
1.154426318e-01 -1.621619207e-01 9.799882962e-01 2.457954558e+00 3.781282038e-02 9.865865546e-01 1.587994717e-01 1.560699968e-01 -9.925940000e-01 1.872380000e-02 1.200260000e-01 6.445850000e+00
8.108969646e-02 -1.627991433e-01 9.833210977e-01 2.565518130e+00 2.950366093e-02 9.865302622e-01 1.608972889e-01 1.794921212e-01 -9.962700000e-01 1.596440000e-02 8.480060000e-02 6.466620000e+00
3.649264517e-02 -1.680040736e-01 9.851105433e-01 2.690283004e+00 2.429101424e-02 9.856253041e-01 1.671918940e-01 1.960975514e-01 -9.990390000e-01 1.782800000e-02 4.004910000e-02 6.457620000e+00
-6.800871309e-02 -1.664785171e-01 9.836974314e-01 2.773031223e+00 6.613945855e-03 9.858826925e-01 1.673057387e-01 2.158133305e-01 -9.976630000e-01 1.788440000e-02 -6.594760000e-02 6.432010000e+00
-1.046605705e-01 -1.635948526e-01 9.809603618e-01 2.917054506e+00 7.234235719e-03 9.862261831e-01 1.652448787e-01 2.332246954e-01 -9.944820000e-01 2.439110000e-02 -1.020360000e-01 6.413470000e+00
-1.211921047e-01 -1.709437559e-01 9.777990662e-01 3.069080795e+00 -9.235347092e-03 9.852112219e-01 1.710950082e-01 2.526723064e-01 -9.925860000e-01 1.170500000e-02 -1.209790000e-01 6.392630000e+00
-1.873098323e-01 -1.678590180e-01 9.678519401e-01 3.209223944e+00 6.209636107e-03 9.850691890e-01 1.720466702e-01 2.835868336e-01 -9.822810000e-01 3.823610000e-02 -1.834710000e-01 6.361610000e+00
-3.202848618e-01 -1.740532213e-01 9.311941717e-01 3.282256535e+00 -3.425415242e-02 9.844618909e-01 1.722277512e-01 3.010217636e-01 -9.467020000e-01 2.326470000e-02 -3.212700000e-01 6.291950000e+00
-3.832878924e-01 -1.681725409e-01 9.081895552e-01 3.385240245e+00 -3.631890039e-02 9.852680210e-01 1.671174986e-01 3.146029089e-01 -9.229140000e-01 3.106970000e-02 -3.837490000e-01 6.257310000e+00
-3.913912185e-01 -1.752579831e-01 9.033809559e-01 3.491112511e+00 -4.438909734e-02 9.841491239e-01 1.716956864e-01 3.499870627e-01 -9.191530000e-01 2.709990000e-02 -3.929670000e-01 6.185620000e+00
-4.106324083e-01 -1.848628538e-01 8.928644653e-01 3.656103037e+00 -4.604043116e-02 9.821860377e-01 1.821823823e-01 3.654929774e-01 -9.106380000e-01 3.370210000e-02 -4.118280000e-01 6.133560000e+00
-4.125675047e-01 -1.799229829e-01 8.929815472e-01 3.752291786e+00 -7.525704818e-02 9.836805454e-01 1.634280959e-01 3.902748871e-01 -9.078130000e-01 2.219880000e-04 -4.193750000e-01 6.094160000e+00
-4.272282317e-01 -1.831956990e-01 8.853898948e-01 3.869945001e+00 -6.465004084e-02 9.829413267e-01 1.721842137e-01 4.105787294e-01 -9.018300000e-01 1.632150000e-02 -4.317840000e-01 6.045560000e+00
-4.328071204e-01 -1.723509549e-01 8.848578579e-01 3.949394031e+00 -3.904014633e-02 9.842161497e-01 1.726084210e-01 4.169176367e-01 -9.006410000e-01 4.016110000e-02 -4.327050000e-01 6.009880000e+00
-4.429593074e-01 -1.746014191e-01 8.793758514e-01 4.010150413e+00 -4.547385043e-02 9.839657519e-01 1.724620044e-01 4.406294168e-01 -8.953880000e-01 3.640510000e-02 -4.437970000e-01 5.955300000e+00
-4.377359807e-01 -1.852626872e-01 8.798090444e-01 4.132932027e+00 -6.489115917e-02 9.824988514e-01 1.746004129e-01 4.649292403e-01 -8.967590000e-01 1.933700000e-02 -4.420970000e-01 5.903460000e+00
-3.631648800e-01 -1.778941325e-01 9.145842581e-01 4.183717158e+00 -4.809663260e-02 9.838741706e-01 1.722732526e-01 4.755878366e-01 -9.304830000e-01 1.857520000e-02 -3.658640000e-01 5.897770000e+00
-3.619777183e-01 -1.851834583e-01 9.136077001e-01 4.259170868e+00 -4.303567153e-02 9.823444699e-01 1.820649040e-01 4.793383447e-01 -9.311930000e-01 2.658570000e-02 -3.635560000e-01 5.861710000e+00
-3.646850744e-01 -1.741872488e-01 9.146928152e-01 4.339852786e+00 -6.366974649e-02 9.847125149e-01 1.621361299e-01 5.030004768e-01 -9.289520000e-01 8.903370000e-04 -3.702000000e-01 5.847170000e+00
-3.731892686e-01 -1.793743709e-01 9.102498597e-01 4.446479466e+00 -3.526787352e-02 9.831646585e-01 1.792838530e-01 5.185936615e-01 -9.270850000e-01 3.480420000e-02 -3.732330000e-01 5.824560000e+00
-3.842696838e-01 -1.819674871e-01 9.051104183e-01 4.544861620e+00 -3.477072648e-02 9.825402832e-01 1.827722941e-01 5.449268967e-01 -9.225660000e-01 3.876250000e-02 -3.838880000e-01 5.764370000e+00
-4.030308379e-01 -1.995254726e-01 8.931720536e-01 4.641810891e+00 -5.369454155e-02 9.794187228e-01 1.945635657e-01 5.559821236e-01 -9.136100000e-01 3.045660000e-02 -4.054500000e-01 5.726000000e+00
-4.795565559e-01 -1.743985941e-01 8.600065890e-01 4.714706320e+00 -5.829490439e-02 9.842178248e-01 1.670809719e-01 5.780741437e-01 -8.755720000e-01 2.999080000e-02 -4.821550000e-01 5.646390000e+00
-5.398915707e-01 -1.766541048e-01 8.229888286e-01 4.757451543e+00 -6.932472207e-02 9.837394446e-01 1.656813092e-01 5.832631869e-01 -8.388750000e-01 3.239650000e-02 -5.433600000e-01 5.602200000e+00
-6.290978571e-01 -1.774991060e-01 7.567894371e-01 4.831682630e+00 -7.602557972e-02 9.829617048e-01 1.673484461e-01 5.853124779e-01 -7.735990000e-01 4.774320000e-02 -6.318740000e-01 5.582020000e+00
-6.782995286e-01 -2.048733403e-01 7.056461158e-01 4.853563031e+00 -1.333241334e-01 9.787176686e-01 1.559983200e-01 6.046825109e-01 -7.225890000e-01 1.173390000e-02 -6.911780000e-01 5.556810000e+00
-6.764019915e-01 -1.758486175e-01 7.152322974e-01 4.899955166e+00 -9.451926506e-02 9.837752271e-01 1.524855110e-01 6.117848650e-01 -7.304420000e-01 3.553830000e-02 -6.820490000e-01 5.488070000e+00
-7.332391736e-01 -1.768534520e-01 6.565695439e-01 4.956314865e+00 -1.032551725e-01 9.833464574e-01 1.495612821e-01 6.235866442e-01 -6.720860000e-01 4.187000000e-02 -7.392890000e-01 5.406010000e+00
-8.046124718e-01 -1.816404282e-01 5.653363619e-01 4.940623941e+00 -1.235147623e-01 9.824373126e-01 1.398614815e-01 6.204234825e-01 -5.808120000e-01 4.270690000e-02 -8.129170000e-01 5.403810000e+00
-8.581353287e-01 -1.693284978e-01 4.846962905e-01 4.933236432e+00 -1.294832421e-01 9.849096724e-01 1.148328255e-01 6.205931894e-01 -4.968270000e-01 3.578200000e-02 -8.671120000e-01 5.360690000e+00
-8.778206735e-01 -1.709999472e-01 4.474254454e-01 4.979756708e+00 -1.373715576e-01 9.847406200e-01 1.068399272e-01 6.381569281e-01 -4.588680000e-01 3.232280000e-02 -8.879170000e-01 5.241170000e+00
-9.019863065e-01 -1.723672701e-01 3.958662750e-01 4.971790053e+00 -1.389918253e-01 9.839693935e-01 1.117428934e-01 6.406230639e-01 -4.087810000e-01 4.576840000e-02 -9.114840000e-01 5.214950000e+00
-9.036382349e-01 -1.712082346e-01 3.925890812e-01 4.985211016e+00 -1.410976271e-01 9.844594884e-01 1.045529675e-01 6.378731578e-01 -4.043880000e-01 3.908470000e-02 -9.137520000e-01 5.203040000e+00
-9.421819849e-01 -1.737418293e-01 2.865420230e-01 4.961744177e+00 -1.558495203e-01 9.841779105e-01 8.429522419e-02 6.445698648e-01 -2.966530000e-01 3.476400000e-02 -9.543520000e-01 5.200030000e+00
-9.499503665e-01 -1.711748169e-01 2.613301850e-01 4.991111706e+00 -1.527108631e-01 9.842046550e-01 8.955468511e-02 6.350191348e-01 -2.725310000e-01 4.516460000e-02 -9.610860000e-01 5.068810000e+00
-9.732374024e-01 -1.637584875e-01 1.612227782e-01 4.984543828e+00 -1.536553763e-01 9.853988972e-01 7.334144417e-02 6.437001688e-01 -1.708790000e-01 4.660590000e-02 -9.841890000e-01 4.958850000e+00
-9.826187706e-01 -1.788080423e-01 4.987856864e-02 4.962855457e+00 -1.754362603e-01 9.823189805e-01 6.535191818e-02 6.523089662e-01 -6.068220000e-02 5.546560000e-02 -9.966150000e-01 4.884580000e+00
-9.826036728e-01 -1.753931487e-01 -6.104460355e-02 4.966807714e+00 -1.779000846e-01 9.833006357e-01 3.835084440e-02 6.529986824e-01 5.329870000e-02 4.854350000e-02 -9.973980000e-01 4.809740000e+00
-9.714156285e-01 -1.764822560e-01 -1.587603345e-01 4.943333081e+00 -1.824134949e-01 9.829416948e-01 2.348016891e-02 6.559864345e-01 1.519090000e-01 5.176900000e-02 -9.870380000e-01 4.729750000e+00
-9.661260722e-01 -1.629598938e-01 -2.001093456e-01 4.920193333e+00 -1.698641924e-01 9.853084513e-01 1.771378265e-02 6.256574662e-01 1.942820000e-01 5.110520000e-02 -9.796140000e-01 4.610470000e+00
-9.811201028e-01 -1.636973409e-01 -1.029882828e-01 4.910506695e+00 -1.670830894e-01 9.856237482e-01 2.509771882e-02 6.545611315e-01 9.739930000e-02 4.183150000e-02 -9.943660000e-01 4.558290000e+00
-9.775341584e-01 -1.694886233e-01 -1.253013576e-01 4.919914747e+00 -1.748038609e-01 9.840626844e-01 3.263688950e-02 6.439494032e-01 1.177730000e-01 5.380690000e-02 -9.915820000e-01 4.446660000e+00
-9.768251646e-01 -1.641172125e-01 -1.373947835e-01 4.873928517e+00 -1.703720631e-01 9.847579967e-01 3.499402125e-02 6.445744050e-01 1.295580000e-01 5.759130000e-02 -9.898980000e-01 4.330810000e+00
-9.586163788e-01 -1.722468470e-01 -2.266848662e-01 4.840239718e+00 -1.788607471e-01 9.838350121e-01 8.806553147e-03 6.569530062e-01 2.215040000e-01 4.898710000e-02 -9.739280000e-01 4.234750000e+00
-9.272895961e-01 -1.770879118e-01 -3.298078588e-01 4.829243847e+00 -1.838930587e-01 9.828878720e-01 -1.071923968e-02 6.567137204e-01 3.260620000e-01 5.070950000e-02 -9.439870000e-01 4.151190000e+00
-8.780173535e-01 -1.786842271e-01 -4.440243870e-01 4.758760140e+00 -1.825031584e-01 9.825981979e-01 -3.453432660e-02 6.491250266e-01 4.424690000e-01 5.071420000e-02 -8.953490000e-01 4.075830000e+00
-8.419400838e-01 -1.729655224e-01 -5.110964115e-01 4.664362326e+00 -1.754712105e-01 9.835105778e-01 -4.378253477e-02 6.202733581e-01 5.102410000e-01 5.282040000e-02 -8.584080000e-01 3.952990000e+00
-8.450723847e-01 -1.754517785e-01 -5.050436302e-01 4.554029467e+00 -1.757972392e-01 9.832832061e-01 -4.743600683e-02 6.246298667e-01 5.049230000e-01 4.869840000e-02 -8.617900000e-01 3.790850000e+00
-8.529946297e-01 -1.707920551e-01 -4.931838081e-01 4.417140346e+00 -1.769597062e-01 9.836106352e-01 -3.456570306e-02 5.957633679e-01 4.910040000e-01 5.778930000e-02 -8.692380000e-01 3.590360000e+00
-8.568079381e-01 -1.719416702e-01 -4.861247001e-01 4.235961829e+00 -1.771350304e-01 9.835400469e-01 -3.567188563e-02 5.890397240e-01 4.842560000e-01 5.554570000e-02 -8.731610000e-01 3.292180000e+00
-8.628036316e-01 -1.727131834e-01 -4.751212212e-01 4.053826326e+00 -1.777248004e-01 9.834656638e-01 -3.476174393e-02 5.630530782e-01 4.732690000e-01 5.444820000e-02 -8.792340000e-01 2.994120000e+00
-8.737540339e-01 -1.658486234e-01 -4.572176091e-01 3.823924003e+00 -1.690945042e-01 9.850076731e-01 -3.415254746e-02 5.328826817e-01 4.560270000e-01 4.747200000e-02 -8.886990000e-01 2.679450000e+00
-8.235736267e-01 -1.720389815e-01 -5.404900246e-01 3.734402397e+00 -1.748139590e-01 9.834948940e-01 -4.667476323e-02 5.265594547e-01 5.395990000e-01 5.604510000e-02 -8.400550000e-01 2.553270000e+00
-7.383574493e-01 -1.691233910e-01 -6.528594976e-01 3.648862007e+00 -1.620672927e-01 9.841742266e-01 -7.165910489e-02 5.082238339e-01 6.546470000e-01 5.289710000e-02 -7.540820000e-01 2.462850000e+00
-6.352781608e-01 -1.708376916e-01 -7.531501428e-01 3.480751084e+00 -1.518566734e-01 9.838192879e-01 -9.507027115e-02 4.961926889e-01 7.572060000e-01 5.397480000e-02 -6.509420000e-01 2.366870000e+00
-6.284245493e-01 -1.608315860e-01 -7.610629325e-01 3.281217922e+00 -1.358026033e-01 9.860505468e-01 -9.624240299e-02 4.643424265e-01 7.659250000e-01 4.287320000e-02 -6.414990000e-01 2.229660000e+00
-6.089574199e-01 -1.649095900e-01 -7.758701705e-01 3.066511387e+00 -1.456036686e-01 9.847685216e-01 -9.503022982e-02 4.295250356e-01 7.797240000e-01 5.510030000e-02 -6.236940000e-01 2.056530000e+00
-5.224938009e-01 -1.704634963e-01 -8.354290734e-01 2.896190400e+00 -1.326156368e-01 9.841341179e-01 -1.178653184e-01 4.108046432e-01 8.422670000e-01 4.920710000e-02 -5.368100000e-01 1.974080000e+00
-5.072542250e-01 -1.655500338e-01 -8.457457057e-01 2.647838200e+00 -1.286439763e-01 9.849259047e-01 -1.156366455e-01 3.607930940e-01 8.521410000e-01 5.014290000e-02 -5.209050000e-01 1.833850000e+00
-4.980714288e-01 -1.702566417e-01 -8.502578228e-01 2.401514826e+00 -1.305279585e-01 9.840837445e-01 -1.205923316e-01 3.289000758e-01 8.572560000e-01 5.091880000e-02 -5.123670000e-01 1.690380000e+00
-4.892479263e-01 -1.667602617e-01 -8.560533080e-01 2.173309144e+00 -1.235655874e-01 9.849022488e-01 -1.212404281e-01 2.908489688e-01 8.633470000e-01 4.646210000e-02 -5.024670000e-01 1.578840000e+00
-4.827399263e-01 -1.687714900e-01 -8.593474993e-01 1.962254551e+00 -1.302562203e-01 9.841778159e-01 -1.201157958e-01 2.612472121e-01 8.660230000e-01 5.395070000e-02 -4.970850000e-01 1.479430000e+00
-4.777764740e-01 -1.496162803e-01 -8.656465187e-01 1.746741495e+00 -1.030292863e-01 9.881325946e-01 -1.139215410e-01 2.273422514e-01 8.724190000e-01 3.475790000e-02 -4.875220000e-01 1.344140000e+00
-4.671986104e-01 -1.548295195e-01 -8.704897890e-01 1.554593022e+00 -1.159997893e-01 9.867709156e-01 -1.132539318e-01 1.961942838e-01 8.765100000e-01 4.806460000e-02 -4.789790000e-01 1.275590000e+00
-4.602035893e-01 -1.561563209e-01 -8.739722197e-01 1.433357212e+00 -1.193894496e-01 9.863539249e-01 -1.133694671e-01 1.813365188e-01 8.797490000e-01 5.217010000e-02 -4.725670000e-01 1.208510000e+00
-4.625070295e-01 -1.738262562e-01 -8.694089502e-01 1.277551402e+00 -1.267004614e-01 9.834861286e-01 -1.292326485e-01 1.630383417e-01 8.775160000e-01 5.038350000e-02 -4.768940000e-01 1.139340000e+00
-5.030887852e-01 -1.494401193e-01 -8.512161110e-01 1.196464272e+00 -1.075522487e-01 9.881061373e-01 -1.099065229e-01 1.359758669e-01 8.575160000e-01 3.625750000e-02 -5.131770000e-01 1.078840000e+00
-6.128672395e-01 -1.582253450e-01 -7.741822261e-01 1.096227935e+00 -1.401152479e-01 9.859818645e-01 -9.059272251e-02 1.314845716e-01 7.776640000e-01 5.295340000e-02 -6.264460000e-01 1.006450000e+00
-6.699625478e-01 -1.646031451e-01 -7.239178593e-01 9.808079840e-01 -1.530157612e-01 9.847898870e-01 -8.230902265e-02 1.196881806e-01 7.264550000e-01 5.562680000e-02 -6.849590000e-01 8.932730000e-01
-6.982425573e-01 -1.582587792e-01 -6.981489564e-01 8.652329167e-01 -1.447339341e-01 9.863255813e-01 -7.883026933e-02 9.797513415e-02 7.010780000e-01 4.600320000e-02 -7.116000000e-01 7.795170000e-01
-7.815017577e-01 -1.575743580e-01 -6.036768608e-01 8.229670481e-01 -1.585421026e-01 9.859754706e-01 -5.211997809e-02 8.122085237e-02 6.034230000e-01 5.497640000e-02 -7.955240000e-01 7.031630000e-01
-8.481947762e-01 -1.622502372e-01 -5.042215210e-01 7.614942430e-01 -1.649939769e-01 9.855002943e-01 -3.956703132e-02 9.999186949e-02 5.033310000e-01 4.963300000e-02 -8.626670000e-01 6.076690000e-01
-8.925940576e-01 -1.707102726e-01 -4.172946305e-01 7.259585721e-01 -1.719329762e-01 9.844878928e-01 -3.497754888e-02 9.345558670e-02 4.167920000e-01 4.052590000e-02 -9.080980000e-01 5.087050000e-01
-9.422780290e-01 -1.764410448e-01 -2.845700144e-01 6.959651603e-01 -1.855613022e-01 9.826192854e-01 5.187399529e-03 8.052776893e-02 2.787080000e-01 5.769320000e-02 -9.586410000e-01 3.888730000e-01
-9.693924681e-01 -1.687639125e-01 -1.783182400e-01 6.735759498e-01 -1.751203290e-01 9.843354537e-01 2.041252369e-02 9.140089903e-02 1.720800000e-01 5.101490000e-02 -9.837610000e-01 3.209160000e-01
-9.824255630e-01 -1.663091472e-01 -8.474054247e-02 6.666046907e-01 -1.703465379e-01 9.844532998e-01 4.282847873e-02 8.580351582e-02 7.630030000e-02 5.651100000e-02 -9.954820000e-01 2.448120000e-01
-9.833110479e-01 -1.646926121e-01 -7.729692287e-02 6.500147128e-01 -1.677356129e-01 9.852236104e-01 3.463946632e-02 9.490521319e-02 7.044980000e-02 4.702680000e-02 -9.964060000e-01 1.344130000e-01
-9.806534595e-01 -1.840641304e-01 -6.662550556e-02 6.203551977e-01 -1.867469146e-01 9.817289567e-01 3.651506837e-02 9.339955753e-02 5.868710000e-02 4.825080000e-02 -9.971100000e-01 2.767020000e-02
-9.766432433e-01 -1.613232761e-01 -1.419225616e-01 5.914643425e-01 -1.660480598e-01 9.858715249e-01 2.202440157e-02 8.731347117e-02 1.363640000e-01 4.507600000e-02 -9.896330000e-01 -5.865540000e-02
-9.545189416e-01 -1.737477999e-01 -2.422912629e-01 5.748177112e-01 -1.794971006e-01 9.837568744e-01 1.683032091e-03 9.248160557e-02 2.380630000e-01 4.509700000e-02 -9.702020000e-01 -1.551070000e-01
-9.177092134e-01 -1.721483606e-01 -3.580147252e-01 5.677890039e-01 -1.819893121e-01 9.832803538e-01 -6.303536016e-03 8.671290564e-02 3.531140000e-01 5.937000000e-02 -9.336950000e-01 -2.243210000e-01
-8.721431601e-01 -1.599660234e-01 -4.623597285e-01 5.335564937e-01 -1.661319466e-01 9.857150898e-01 -2.766267632e-02 9.074230927e-02 4.601800000e-01 5.268690000e-02 -8.862610000e-01 -2.628120000e-01
-8.159029741e-01 -1.659464769e-01 -5.538625690e-01 5.152127830e-01 -1.635171386e-01 9.850472884e-01 -5.425699144e-02 8.645963595e-02 5.545840000e-01 4.629760000e-02 -8.308390000e-01 -2.592650000e-01
-7.789380745e-01 -1.801911967e-01 -6.006552698e-01 4.553379557e-01 -1.695218994e-01 9.826717242e-01 -7.495451816e-02 7.367859055e-02 6.037530000e-01 4.343930000e-02 -7.959870000e-01 -2.996280000e-01
-7.714143356e-01 -1.637967685e-01 -6.148907920e-01 4.083105752e-01 -1.522140714e-01 9.857489952e-01 -7.162625252e-02 7.592111873e-02 6.178600000e-01 3.834150000e-02 -7.853530000e-01 -3.756700000e-01
-6.772085009e-01 -1.654995961e-01 -7.169361662e-01 3.758825007e-01 -1.341277055e-01 9.858168852e-01 -1.008730619e-01 6.738484871e-02 7.234620000e-01 2.784890000e-02 -6.898020000e-01 -4.019850000e-01
-5.785669614e-01 -1.692076854e-01 -7.978901286e-01 2.702632753e-01 -1.418870533e-01 9.842087001e-01 -1.058347455e-01 5.588622999e-02 8.031990000e-01 5.197780000e-02 -5.934390000e-01 -3.927950000e-01
-4.751525046e-01 -1.787757649e-01 -8.615503638e-01 1.971200570e-01 -1.413544716e-01 9.819336865e-01 -1.257975505e-01 3.466286267e-02 8.684750000e-01 6.201100000e-02 -4.918400000e-01 -4.100110000e-01
-3.961756130e-01 -1.633912590e-01 -9.035195919e-01 2.034385954e-01 -1.125648435e-01 9.852592173e-01 -1.288154196e-01 2.874325920e-02 9.112490000e-01 5.067100000e-02 -4.087270000e-01 -4.098180000e-01
-2.928848559e-01 -1.622751517e-01 -9.422767597e-01 1.798657315e-01 -9.075304825e-02 9.857613875e-01 -1.415555366e-01 1.816195671e-02 9.518310000e-01 4.405500000e-02 -3.034420000e-01 -4.327620000e-01
-1.719834856e-01 -1.691754158e-01 -9.704647731e-01 1.542091884e-01 -7.558205683e-02 9.845051986e-01 -1.582287142e-01 3.440928218e-02 9.821960000e-01 4.613700000e-02 -1.821050000e-01 -4.048400000e-01
-5.423037148e-02 -1.688330011e-01 -9.841519730e-01 1.774402199e-01 -6.176043776e-02 9.842821942e-01 -1.654521762e-01 3.393667849e-02 9.966170000e-01 5.180910000e-02 -6.380520000e-02 -3.706260000e-01
6.943686458e-02 -1.536967005e-01 -9.856757396e-01 1.824977835e-01 -3.880560590e-02 9.868956786e-01 -1.566209509e-01 2.806969715e-02 9.968310000e-01 4.912500000e-02 6.256260000e-02 -3.717590000e-01
1.770259250e-01 -1.541958991e-01 -9.720524306e-01 1.684645924e-01 -2.007564638e-02 9.868802291e-01 -1.602040657e-01 2.112705189e-02 9.840010000e-01 4.787490000e-02 1.716080000e-01 -3.644940000e-01
2.872610456e-01 -1.567629162e-01 -9.449377814e-01 1.832124003e-01 3.531621386e-03 9.866837931e-01 -1.626147936e-01 2.773240621e-02 9.578460000e-01 4.337570000e-02 2.839890000e-01 -3.486220000e-01
3.875890023e-01 -1.627964976e-01 -9.073432233e-01 1.727593590e-01 3.148813294e-02 9.860458074e-01 -1.634666428e-01 2.976969436e-02 9.212940000e-01 3.478730000e-02 3.873070000e-01 -3.414520000e-01
4.808296050e-01 -1.634840849e-01 -8.614383496e-01 1.523723530e-01 5.697855434e-02 9.862136562e-01 -1.553600973e-01 2.849756912e-02 8.749610000e-01 2.561820000e-02 4.835160000e-01 -3.300330000e-01
5.728654766e-01 -1.602036406e-01 -8.038406801e-01 8.684845509e-02 7.429328451e-02 9.868246858e-01 -1.437261637e-01 6.167804302e-03 8.162750000e-01 2.261580000e-02 5.772200000e-01 -2.726840000e-01
6.737136170e-01 -1.453174596e-01 -7.245638112e-01 3.245879649e-02 6.896537043e-02 9.885602008e-01 -1.341387304e-01 -3.667657450e-03 7.357670000e-01 4.040130000e-02 6.760280000e-01 -2.020590000e-01
7.400405410e-01 -1.495836790e-01 -6.557163251e-01 -1.152872064e-02 8.963748734e-02 9.881917751e-01 -1.242639645e-01 -2.226054642e-02 6.665620000e-01 3.318360000e-02 7.447110000e-01 -1.663600000e-01
8.160157122e-01 -1.586189999e-01 -5.558394461e-01 -6.623523262e-02 1.124321577e-01 9.868015995e-01 -1.165423994e-01 -2.950330188e-02 5.669890000e-01 3.260620000e-02 8.230800000e-01 -5.944020000e-02
8.877449337e-01 -1.493099761e-01 -4.354480682e-01 -8.466201293e-02 1.207657632e-01 9.883448421e-01 -9.268698918e-02 -4.304452781e-02 4.442120000e-01 2.969520000e-02 8.954290000e-01 6.250050000e-02
9.428619886e-01 -1.502655810e-01 -2.973733086e-01 -1.091698661e-01 1.337198322e-01 9.881513491e-01 -7.534486518e-02 -4.560495387e-02 3.051710000e-01 3.127510000e-02 9.517840000e-01 1.748150000e-01
9.724701013e-01 -1.555926401e-01 -1.734745301e-01 -1.247213725e-01 1.475741019e-01 9.873320468e-01 -5.828163399e-02 -4.964178879e-02 1.803450000e-01 3.107680000e-02 9.831120000e-01 2.573780000e-01
9.811617770e-01 -1.642231826e-01 -1.017448685e-01 -1.234760143e-01 1.610592343e-01 9.861883265e-01 -3.862433373e-02 -6.968877593e-02 1.066830000e-01 2.150980000e-02 9.940600000e-01 4.227200000e-01
9.869882434e-01 -1.604272987e-01 1.086150818e-02 -1.219289851e-01 1.606728476e-01 9.866161127e-01 -2.779224951e-02 -6.310300588e-02 -6.257510000e-03 2.917580000e-02 9.995550000e-01 5.265250000e-01
9.782471978e-01 -1.557147870e-01 1.370622404e-01 -9.554183611e-02 1.582153760e-01 9.873762873e-01 -7.474334291e-03 -6.940353700e-02 -1.341680000e-01 2.899710000e-02 9.905340000e-01 6.291730000e-01
9.764656643e-01 -1.657325433e-01 1.380143712e-01 -3.229697463e-02 1.676516322e-01 9.858433459e-01 -2.316160837e-03 -6.344877392e-02 -1.356760000e-01 2.539990000e-02 9.904280000e-01 8.462280000e-01
9.760363024e-01 -1.711703854e-01 1.343662421e-01 5.582708069e-02 1.729427937e-01 9.849305116e-01 -1.543680840e-03 -6.707093409e-02 -1.320770000e-01 2.474430000e-02 9.909310000e-01 1.246730000e+00
9.798421330e-01 -1.645382908e-01 1.132947440e-01 1.576915927e-01 1.660621571e-01 9.861071452e-01 -4.082192618e-03 -6.500159769e-02 -1.110490000e-01 2.281390000e-02 9.935530000e-01 1.748640000e+00
9.811068922e-01 -1.668792939e-01 9.788486055e-02 2.449530324e-01 1.688164004e-01 9.855772126e-01 -1.179410424e-02 -6.457508628e-02 -9.450480000e-02 2.809590000e-02 9.951280000e-01 2.159960000e+00
9.836172234e-01 -1.607798037e-01 8.152465598e-02 3.139538641e-01 1.626856077e-01 9.865265821e-01 -1.725662326e-02 -7.092580244e-02 -7.765170000e-02 3.023680000e-02 9.965220000e-01 2.607690000e+00
9.843177564e-01 -1.644537661e-01 6.382662730e-02 3.837851432e-01 1.659767483e-01 9.859403860e-01 -1.930268755e-02 -6.869921093e-02 -5.975490000e-02 2.959370000e-02 9.977740000e-01 2.995940000e+00
9.854097376e-01 -1.635109197e-01 4.724305038e-02 4.396440606e-01 1.644421260e-01 9.862482219e-01 -1.651869031e-02 -6.797715180e-02 -4.389240000e-02 2.404640000e-02 9.987470000e-01 3.389970000e+00
9.841342320e-01 -1.747405756e-01 3.073463269e-02 5.113814748e-01 1.754194954e-01 9.842701898e-01 -2.096828713e-02 -7.584270597e-02 -2.658720000e-02 2.602710000e-02 9.993080000e-01 3.748550000e+00
9.861548297e-01 -1.640151747e-01 2.445117111e-02 5.260871252e-01 1.643947755e-01 9.862896269e-01 -1.441045878e-02 -8.981917162e-02 -2.175240000e-02 1.823060000e-02 9.995970000e-01 4.048630000e+00
9.860005453e-01 -1.666691012e-01 5.027830021e-03 5.790770944e-01 1.667435536e-01 9.856667030e-01 -2.566139591e-02 -8.944962062e-02 -6.788010000e-04 2.614050000e-02 9.996580000e-01 4.356400000e+00
9.825682551e-01 -1.638298261e-01 8.785915825e-02 6.109079062e-01 1.651108615e-01 9.862462953e-01 -7.466467931e-03 -1.024639923e-01 -8.542750000e-02 2.184280000e-02 9.961050000e-01 4.590930000e+00
9.547295346e-01 -1.671901435e-01 2.460451072e-01 6.397566709e-01 1.685502782e-01 9.855683515e-01 1.567685076e-02 -8.798634693e-02 -2.451150000e-01 2.650390000e-02 9.691320000e-01 4.705920000e+00
9.093227477e-01 -1.740993036e-01 3.779176818e-01 6.842403363e-01 1.705623970e-01 9.844038232e-01 4.309864086e-02 -8.336627136e-02 -3.795270000e-01 2.526800000e-02 9.248360000e-01 4.786440000e+00
8.291340569e-01 -1.767431427e-01 5.303754201e-01 7.677038311e-01 1.654540955e-01 9.837873843e-01 6.918502789e-02 -9.195076213e-02 -5.340050000e-01 3.038920000e-02 8.449350000e-01 4.872720000e+00
7.592663003e-01 -1.753112278e-01 6.267218623e-01 9.110896314e-01 1.513192094e-01 9.841960943e-01 9.198477241e-02 -4.922896446e-02 -6.329430000e-01 2.499410000e-02 7.737950000e-01 4.981860000e+00
8.320627984e-01 -1.751055487e-01 5.263182030e-01 1.067714413e+00 1.656915773e-01 9.840041446e-01 6.543397767e-02 -4.037436119e-02 -5.293570000e-01 3.276130000e-02 8.477670000e-01 5.126790000e+00
8.922294221e-01 -1.857683318e-01 4.116017068e-01 1.096785629e+00 1.822442743e-01 9.820713889e-01 4.818761975e-02 -2.937808045e-02 -4.131740000e-01 3.201770000e-02 9.100890000e-01 5.199710000e+00
9.440147858e-01 -1.632533067e-01 2.866778879e-01 1.118933584e+00 1.623222050e-01 9.863636481e-01 2.718186128e-02 -4.959775508e-02 -2.872060000e-01 2.087420000e-02 9.576410000e-01 5.316730000e+00
9.661039150e-01 -1.723104075e-01 1.922310031e-01 1.088902742e+00 1.746856144e-01 9.846128119e-01 4.654601136e-03 -4.568056489e-02 -1.900750000e-01 2.908310000e-02 9.813390000e-01 5.453550000e+00
9.710912504e-01 -1.683892243e-01 1.691938647e-01 1.135819192e+00 1.701432527e-01 9.854109324e-01 4.182989757e-03 -4.560216749e-02 -1.674300000e-01 2.472520000e-02 9.855740000e-01 5.687130000e+00
9.708582106e-01 -1.648280403e-01 1.739714389e-01 1.194230306e+00 1.679113979e-01 9.857972558e-01 -3.053151476e-03 -4.516960136e-02 -1.709980000e-01 3.217600000e-02 9.847460000e-01 5.922150000e+00
9.662555701e-01 -1.807814508e-01 1.834887791e-01 1.248828904e+00 1.816226931e-01 9.832907750e-01 1.235336347e-02 -6.245848254e-02 -1.826560000e-01 2.138920000e-02 9.829440000e-01 6.190320000e+00
9.697357253e-01 -1.590597440e-01 1.852379467e-01 1.307592934e+00 1.622465874e-01 9.867480013e-01 -2.074892196e-03 -4.547530470e-02 -1.824530000e-01 3.206640000e-02 9.826910000e-01 6.393220000e+00
9.693344368e-01 -1.581534308e-01 1.880910237e-01 1.353911513e+00 1.611266196e-01 9.869334734e-01 -5.242807455e-04 -4.367897944e-02 -1.855510000e-01 3.081470000e-02 9.821510000e-01 6.649900000e+00
9.688339776e-01 -1.715434300e-01 1.786982586e-01 1.391639246e+00 1.721514009e-01 9.849946196e-01 1.221691895e-02 -5.888884314e-02 -1.781120000e-01 1.892700000e-02 9.838280000e-01 6.844310000e+00
9.743085905e-01 -1.601584345e-01 1.583388487e-01 1.430138870e+00 1.641760486e-01 9.863513350e-01 -1.254192916e-02 -4.536772744e-02 -1.541690000e-01 3.821510000e-02 9.873050000e-01 7.031040000e+00
9.747751627e-01 -1.661755190e-01 1.489964441e-01 1.504211330e+00 1.676633987e-01 9.858409437e-01 2.607660069e-03 -5.363648606e-02 -1.473200000e-01 2.243930000e-02 9.888340000e-01 7.301170000e+00
9.773323312e-01 -1.527464913e-01 1.465916176e-01 1.529717242e+00 1.552096981e-01 9.878661539e-01 -5.446331913e-03 -5.826494888e-02 -1.439810000e-01 2.807530000e-02 9.891820000e-01 7.506580000e+00
9.782134377e-01 -1.563125956e-01 1.366193344e-01 1.567247795e+00 1.583959211e-01 9.873660034e-01 -4.445623829e-03 -5.270158812e-02 -1.341990000e-01 2.598870000e-02 9.906140000e-01 7.630640000e+00
9.767156198e-01 -1.548776202e-01 1.484582059e-01 1.583347543e+00 1.559025588e-01 9.877610078e-01 4.779811159e-03 -4.034030429e-02 -1.473820000e-01 1.847650000e-02 9.889070000e-01 7.771460000e+00
9.757233211e-01 -1.703347742e-01 1.376615607e-01 1.611686322e+00 1.718055893e-01 9.851301690e-01 1.215346603e-03 -5.529878390e-02 -1.358210000e-01 2.246520000e-02 9.904790000e-01 7.961970000e+00
9.838901724e-01 -1.682797288e-01 6.035579195e-02 1.630879008e+00 1.694090377e-01 9.854456976e-01 -1.407211990e-02 -6.368873463e-02 -5.710930000e-02 2.407030000e-02 9.980780000e-01 8.052750000e+00
9.828719911e-01 -1.676155629e-01 -7.659682710e-02 1.630103576e+00 1.653046637e-01 9.855987483e-01 -3.562084370e-02 -7.066443626e-02 8.146430000e-02 2.234900000e-02 9.964260000e-01 8.160550000e+00
9.727488532e-01 -1.701864399e-01 -1.574680220e-01 1.586036218e+00 1.639430904e-01 9.851027841e-01 -5.191885082e-02 -8.090287185e-02 1.639580000e-01 2.468820000e-02 9.861580000e-01 8.268470000e+00
9.669536958e-01 -1.581004753e-01 -2.000130130e-01 1.554158252e+00 1.474351861e-01 9.867834354e-01 -6.723621984e-02 -9.275996721e-02 2.079990000e-01 3.552530000e-02 9.774840000e-01 8.490040000e+00
9.342448079e-01 -1.609862759e-01 -3.182300576e-01 1.523521815e+00 1.467958200e-01 9.868093247e-01 -6.825105735e-02 -9.722558373e-02 3.250200000e-01 1.704830000e-02 9.455530000e-01 8.588720000e+00
8.931879533e-01 -1.528612686e-01 -4.229048853e-01 1.462313941e+00 1.248435229e-01 9.877740738e-01 -9.336303683e-02 -1.233732130e-01 4.320060000e-01 3.059380000e-02 9.013520000e-01 8.686460000e+00
8.313771167e-01 -1.579842759e-01 -5.327789172e-01 1.373386486e+00 1.134168506e-01 9.867959227e-01 -1.156316182e-01 -1.296128508e-01 5.440120000e-01 3.570730000e-02 8.383180000e-01 8.761710000e+00
7.467281925e-01 -1.482673518e-01 -6.483932908e-01 1.302802627e+00 8.466638629e-02 9.880961833e-01 -1.284400716e-01 -1.504872304e-01 6.597190000e-01 4.101270000e-02 7.503930000e-01 8.840390000e+00
6.638606871e-01 -1.513572007e-01 -7.323802373e-01 1.261023852e+00 6.838129416e-02 9.874880213e-01 -1.420955978e-01 -1.543044120e-01 7.447240000e-01 4.425060000e-02 6.659040000e-01 8.912280000e+00
5.353135676e-01 -1.424424861e-01 -8.325561056e-01 1.165497420e+00 3.688811488e-02 9.886802410e-01 -1.454355055e-01 -1.732327294e-01 8.438480000e-01 4.714220000e-02 5.345080000e-01 8.957460000e+00
4.240811475e-01 -1.528605875e-01 -8.926305971e-01 1.010914500e+00 2.169151724e-02 9.870832865e-01 -1.587301647e-01 -2.063637016e-01 9.053640000e-01 4.795200000e-02 4.219190000e-01 9.031160000e+00
5.369724267e-01 -1.479219247e-01 -8.305296895e-01 9.154101380e-01 3.934286975e-02 9.878271444e-01 -1.505004208e-01 -2.294452958e-01 8.426820000e-01 4.813920000e-02 5.362550000e-01 9.113640000e+00
6.482305557e-01 -1.511138223e-01 -7.462981796e-01 8.251599493e-01 7.028013240e-02 9.877993956e-01 -1.389691223e-01 -2.472918513e-01 7.581940000e-01 3.763410000e-02 6.509420000e-01 9.210420000e+00
5.633863859e-01 -1.524594257e-01 -8.120050655e-01 7.011623017e-01 4.160281312e-02 9.868151045e-01 -1.564161923e-01 -2.724373391e-01 8.251460000e-01 5.434110000e-02 5.623000000e-01 9.321660000e+00
4.473415310e-01 -1.529604263e-01 -8.811860921e-01 5.754759060e-01 2.461297628e-02 9.869983815e-01 -1.588329119e-01 -2.883799300e-01 8.940250000e-01 4.936400000e-02 4.452900000e-01 9.354770000e+00
3.862856601e-01 -1.464394007e-01 -9.106801213e-01 3.448879463e-01 1.493011151e-02 9.881804287e-01 -1.525684405e-01 -3.392665989e-01 9.222580000e-01 4.533840000e-02 3.839060000e-01 9.477710000e+00
2.561020343e-01 -1.423134962e-01 -9.561164617e-01 2.503023930e-01 -2.185221777e-02 9.879986129e-01 -1.529121576e-01 -3.528653191e-01 9.664030000e-01 6.005440000e-02 2.499180000e-01 9.502990000e+00
1.622416267e-01 -1.475137711e-01 -9.756623204e-01 1.419058592e-01 -3.184994408e-02 9.874640007e-01 -1.545945028e-01 -3.741878172e-01 9.862370000e-01 5.615650000e-02 1.555100000e-01 9.502210000e+00
1.376104934e-01 -1.449570018e-01 -9.798214932e-01 -1.661828049e-02 -3.450800287e-02 9.879306866e-01 -1.510030977e-01 -3.995927945e-01 9.898850000e-01 5.459130000e-02 1.309470000e-01 9.540820000e+00
1.127768457e-01 -1.416922000e-01 -9.834651354e-01 -2.203541781e-01 -5.075468020e-02 9.876667954e-01 -1.481175304e-01 -4.317920393e-01 9.923230000e-01 6.661970000e-02 1.041950000e-01 9.599400000e+00
3.099137918e-02 -1.594727339e-01 -9.867159703e-01 -3.878273567e-01 -4.639559843e-02 9.858963595e-01 -1.607975496e-01 -4.549396976e-01 9.984420000e-01 5.076260000e-02 2.315540000e-02 9.604030000e+00
7.984104371e-03 -1.418861161e-01 -9.898509860e-01 -5.298697971e-01 -4.982507762e-02 9.885967552e-01 -1.421081551e-01 -4.944230591e-01 9.987260000e-01 5.045400000e-02 8.235730000e-04 9.617680000e+00
-1.251376747e-02 -1.546510745e-01 -9.878897180e-01 -7.179011415e-01 -5.618529391e-02 9.865154986e-01 -1.537241513e-01 -5.132081792e-01 9.983420000e-01 5.358120000e-02 -2.103420000e-02 9.635190000e+00
1.888574040e-02 -1.540686221e-01 -9.878794916e-01 -8.759530410e-01 -4.967777828e-02 9.866912690e-01 -1.548328587e-01 -5.417983961e-01 9.985870000e-01 5.199980000e-02 1.098060000e-02 9.638600000e+00
9.819275311e-02 -1.465629842e-01 -9.843155523e-01 -1.005958432e+00 -4.621422038e-02 9.873568193e-01 -1.516260431e-01 -5.727679063e-01 9.940940000e-01 6.037800000e-02 9.017800000e-02 9.677040000e+00
7.468215049e-02 -1.476424967e-01 -9.862170156e-01 -1.188341684e+00 -3.800328788e-02 9.878396168e-01 -1.507631022e-01 -6.146952776e-01 9.964830000e-01 4.873880000e-02 6.816300000e-02 9.713820000e+00
5.592069185e-02 -1.552295338e-01 -9.862941974e-01 -1.382268155e+00 -5.004722263e-02 9.861625247e-01 -1.580462421e-01 -6.357572165e-01 9.971800000e-01 5.819930000e-02 4.737800000e-02 9.745980000e+00
4.656230856e-02 -1.626314384e-01 -9.855875119e-01 -1.587377050e+00 -5.283713815e-02 9.848753881e-01 -1.650102202e-01 -6.736424593e-01 9.975170000e-01 5.975890000e-02 3.726510000e-02 9.771640000e+00
1.416741148e-02 -1.531281373e-01 -9.881044486e-01 -1.777101126e+00 -4.953366141e-02 9.868836216e-01 -1.536489395e-01 -7.154442896e-01 9.986720000e-01 5.112120000e-02 6.396590000e-03 9.789050000e+00
7.273340913e-03 -1.551365216e-01 -9.878658089e-01 -1.981706666e+00 -6.333710287e-02 9.858373826e-01 -1.552841286e-01 -7.458612352e-01 9.979660000e-01 6.369800000e-02 -2.655570000e-03 9.799740000e+00
-1.443269696e-02 -1.508651766e-01 -9.884491940e-01 -2.188172859e+00 -6.588082026e-02 9.865469291e-01 -1.496131212e-01 -7.810921595e-01 9.977230000e-01 6.296050000e-02 -2.417770000e-02 9.815600000e+00
1.165951449e-03 -1.512367232e-01 -9.884973017e-01 -2.376477392e+00 -5.082747511e-02 9.872112285e-01 -1.510999609e-01 -8.171801603e-01 9.987070000e-01 5.041900000e-02 -6.535940000e-03 9.836070000e+00
1.298714276e-01 -1.608044439e-01 -9.784039736e-01 -2.479651965e+00 -1.676186407e-02 9.862645009e-01 -1.643210919e-01 -8.452556080e-01 9.913890000e-01 3.774050000e-02 1.253920000e-01 9.862240000e+00
2.468378027e-01 -1.495484809e-01 -9.574473113e-01 -2.570019845e+00 -1.305410858e-02 9.874180216e-01 -1.575949238e-01 -8.580564595e-01 9.689690000e-01 5.139910000e-02 2.417800000e-01 9.897320000e+00
3.618300696e-01 -1.539251634e-01 -9.194490208e-01 -2.657199282e+00 1.404887688e-02 9.870631762e-01 -1.597158665e-01 -8.750945463e-01 9.321380000e-01 4.487280000e-02 3.593110000e-01 9.951750000e+00
3.303819188e-01 -1.538255008e-01 -9.312280118e-01 -2.847137328e+00 6.463067080e-03 9.869753350e-01 -1.607411606e-01 -9.016152414e-01 9.438250000e-01 4.708740000e-02 3.270730000e-01 1.002880000e+01
3.319545748e-01 -1.619256149e-01 -9.292935599e-01 -3.024132576e+00 2.401149008e-03 9.852979908e-01 -1.708264505e-01 -9.250385117e-01 9.432920000e-01 5.447520000e-02 3.274630000e-01 1.008770000e+01
2.884569026e-01 -1.627101943e-01 -9.435661253e-01 -3.184647857e+00 -8.708496410e-04 9.854106313e-01 -1.701919426e-01 -9.639837945e-01 9.574920000e-01 4.991480000e-02 2.841070000e-01 1.013350000e+01
1.338549828e-01 -1.599323772e-01 -9.780102863e-01 -3.284908841e+00 -3.859779312e-02 9.853017087e-01 -1.664072412e-01 -9.929437741e-01 9.902490000e-01 6.002350000e-02 1.257140000e-01 1.013920000e+01
7.036304319e-02 -1.631905159e-01 -9.840819238e-01 -3.466479456e+00 -4.869825794e-02 9.847887978e-01 -1.667897400e-01 -1.026026583e+00 9.963320000e-01 5.965900000e-02 6.134560000e-02 1.015460000e+01
5.415976916e-02 -1.635675486e-01 -9.850440786e-01 -3.667040285e+00 -4.680629624e-02 9.849917274e-01 -1.661323773e-01 -1.057966138e+00 9.974350000e-01 5.510400000e-02 4.569090000e-02 1.017420000e+01
4.188336101e-02 -1.633499676e-01 -9.856783877e-01 -3.929714631e+00 -4.856544733e-02 9.850448963e-01 -1.653086911e-01 -1.105141118e+00 9.979410000e-01 5.479360000e-02 3.332380000e-02 1.020210000e+01
1.686507442e-02 -1.573425497e-01 -9.874005214e-01 -4.230135377e+00 -5.515631142e-02 9.858902641e-01 -1.580441096e-01 -1.151461909e+00 9.983350000e-01 5.712680000e-02 7.948680000e-03 1.022620000e+01
1.084940879e-03 -1.613334709e-01 -9.868991827e-01 -4.608360055e+00 -6.079459819e-02 9.850640434e-01 -1.611001643e-01 -1.223428327e+00 9.981500000e-01 6.017300000e-02 -8.739470000e-03 1.026540000e+01
1.335333456e-01 -1.616888833e-01 -9.777653334e-01 -4.756037635e+00 -4.367224841e-02 9.846832005e-01 -1.687969596e-01 -1.250512662e+00 9.900820000e-01 6.524130000e-02 1.244270000e-01 1.029640000e+01
2.606582746e-01 -1.581260496e-01 -9.523933956e-01 -4.841301682e+00 -2.160253547e-02 9.852929827e-01 -1.695008831e-01 -1.258789733e+00 9.651890000e-01 6.475590000e-02 2.534090000e-01 1.033250000e+01
3.824766946e-01 -1.643103690e-01 -9.092377980e-01 -4.951380256e+00 3.508406599e-02 9.859335102e-01 -1.634119858e-01 -1.295349923e+00 9.232990000e-01 3.060150000e-02 3.828610000e-01 1.039060000e+01
4.392717664e-01 -1.574438644e-01 -8.844500689e-01 -5.121829117e+00 2.627013166e-02 9.863526042e-01 -1.625366392e-01 -1.328510378e+00 8.979700000e-01 4.816310000e-02 4.374130000e-01 1.050050000e+01
4.327565454e-01 -1.613612156e-01 -8.869525976e-01 -5.365058243e+00 2.806183328e-02 9.857853235e-01 -1.656499589e-01 -1.366321848e+00 9.010740000e-01 4.679650000e-02 4.311330000e-01 1.061410000e+01
4.434228618e-01 -1.527437505e-01 -8.832016365e-01 -5.556977107e+00 2.957419761e-02 9.873291893e-01 -1.559038480e-01 -1.404765276e+00 8.958250000e-01 4.301130000e-02 4.423210000e-01 1.069790000e+01
4.467505863e-01 -1.521468666e-01 -8.816269319e-01 -5.793952579e+00 2.944945357e-02 9.873999456e-01 -1.554778587e-01 -1.456931160e+00 8.941740000e-01 4.349630000e-02 4.456020000e-01 1.079250000e+01
4.692432474e-01 -1.590671652e-01 -8.686243522e-01 -5.965833339e+00 3.829402421e-02 9.863833225e-01 -1.599447892e-01 -1.485705545e+00 8.822380000e-01 4.178990000e-02 4.689450000e-01 1.089190000e+01
3.990937441e-01 -1.607053233e-01 -9.027169565e-01 -6.239698321e+00 2.481913999e-02 9.860533547e-01 -1.645685674e-01 -1.531892509e+00 9.165740000e-01 4.327360000e-02 3.975160000e-01 1.102680000e+01
2.654408975e-01 -1.609515763e-01 -9.505972765e-01 -6.354193114e+00 1.165371275e-02 9.864304355e-01 -1.637645006e-01 -1.569928279e+00 9.640570000e-01 3.239180000e-02 2.637150000e-01 1.102760000e+01
9.148872257e-02 -1.525333482e-01 -9.840550004e-01 -6.495009981e+00 -2.909245284e-02 9.873682063e-01 -1.557516620e-01 -1.591561192e+00 9.953810000e-01 4.287810000e-02 8.589540000e-02 1.100700000e+01
-1.447662422e-03 -1.557587233e-01 -9.877944563e-01 -6.704585336e+00 -3.367601299e-02 9.872427699e-01 -1.556224521e-01 -1.607134060e+00 9.994320000e-01 3.303970000e-02 -6.674520000e-03 1.094200000e+01
3.191079235e-02 -1.509723250e-01 -9.880223838e-01 -6.896059402e+00 -5.534803457e-02 9.867427925e-01 -1.525641745e-01 -1.655024991e+00 9.979570000e-01 5.955360000e-02 2.313180000e-02 1.095130000e+01
2.870885645e-02 -1.548945021e-01 -9.875139865e-01 -7.245883487e+00 -3.772986759e-02 9.870495413e-01 -1.559184062e-01 -1.717387437e+00 9.988750000e-01 4.173500000e-02 2.249290000e-02 1.096970000e+01
-4.431619427e-02 -1.502490233e-01 -9.876547129e-01 -7.484067423e+00 -5.513756446e-02 9.874870615e-01 -1.477494549e-01 -1.762406277e+00 9.974950000e-01 4.790910000e-02 -5.204600000e-02 1.094680000e+01
-1.744731791e-01 -1.681203216e-01 -9.702034199e-01 -7.595753163e+00 -9.039646231e-02 9.838896398e-01 -1.542359259e-01 -1.768493137e+00 9.805040000e-01 6.079290000e-02 -1.868600000e-01 1.092940000e+01
-3.044266418e-01 -1.691293136e-01 -9.374009357e-01 -7.678235643e+00 -1.182655667e-01 9.832067524e-01 -1.389865210e-01 -1.782407690e+00 9.451650000e-01 6.855110000e-02 -3.193170000e-01 1.089240000e+01
-4.247091773e-01 -1.626181987e-01 -8.906052908e-01 -7.752106495e+00 -1.268795802e-01 9.847176810e-01 -1.192967918e-01 -1.793451983e+00 8.963950000e-01 6.233310000e-02 -4.388510000e-01 1.083610000e+01
-5.760544125e-01 -1.577893705e-01 -8.020373016e-01 -7.860232566e+00 -1.414006984e-01 9.856358088e-01 -9.235019223e-02 -1.806101981e+00 8.050890000e-01 6.020990000e-02 -5.900910000e-01 1.077500000e+01
-7.004964950e-01 -1.760069435e-01 -6.916114811e-01 -7.950820722e+00 -1.655803460e-01 9.827487037e-01 -8.239045894e-02 -1.813945453e+00 6.941810000e-01 5.680300000e-02 -7.175550000e-01 1.066480000e+01
-7.812908321e-01 -1.688879908e-01 -6.008837245e-01 -8.008718517e+00 -1.729496621e-01 9.835794484e-01 -5.157533103e-02 -1.823242060e+00 5.997280000e-01 6.362740000e-02 -7.976700000e-01 1.059440000e+01
-8.604907166e-01 -1.614882388e-01 -4.831942007e-01 -8.050056358e+00 -1.710627205e-01 9.849541544e-01 -2.454606150e-02 -1.814820197e+00 4.798880000e-01 6.153490000e-02 -8.751690000e-01 1.050470000e+01
-9.221758083e-01 -1.735667724e-01 -3.456387452e-01 -8.086853655e+00 -1.877053391e-01 9.821958111e-01 7.582169111e-03 -1.837540258e+00 3.381690000e-01 7.187030000e-02 -9.383370000e-01 1.039090000e+01
-9.608733054e-01 -1.792308100e-01 -2.111840798e-01 -8.024164363e+00 -1.908945686e-01 9.809487948e-01 3.603109522e-02 -1.825003645e+00 2.007030000e-01 7.493530000e-02 -9.767820000e-01 1.030450000e+01
-9.780738928e-01 -1.806837522e-01 -1.035614816e-01 -7.956723771e+00 -1.872359416e-01 9.806360804e-01 5.741128511e-02 -1.809512530e+00 9.118280000e-02 7.554290000e-02 -9.929650000e-01 1.026620000e+01
-9.867686034e-01 -1.542184231e-01 5.004974979e-02 -7.952905780e+00 -1.499954962e-01 9.854982873e-01 7.934333810e-02 -1.818246925e+00 -6.156010000e-02 7.078620000e-02 -9.955900000e-01 1.027240000e+01
-9.659571647e-01 -1.816973578e-01 1.841552248e-01 -7.928472371e+00 -1.648734784e-01 9.809201788e-01 1.030116570e-01 -1.809156717e+00 -1.993580000e-01 6.914250000e-02 -9.774840000e-01 1.027150000e+01
-9.399825158e-01 -1.770733412e-01 2.916814314e-01 -7.910378658e+00 -1.462665105e-01 9.813899986e-01 1.244169232e-01 -1.822389679e+00 -3.082840000e-01 7.428650000e-02 -9.483890000e-01 1.028130000e+01
-8.828955365e-01 -1.691088528e-01 4.380622239e-01 -7.903560699e+00 -1.189483381e-01 9.830167403e-01 1.397474303e-01 -1.806127556e+00 -4.542550000e-01 7.127550000e-02 -8.880160000e-01 1.027110000e+01
-8.064485953e-01 -1.840419930e-01 5.619340073e-01 -7.865845935e+00 -1.163009281e-01 9.811351572e-01 1.544297359e-01 -1.796959336e+00 -5.797550000e-01 5.918620000e-02 -8.126390000e-01 1.027370000e+01
-7.089468299e-01 -1.736479644e-01 6.835501170e-01 -7.857774984e+00 -8.472957189e-02 9.831650356e-01 1.618841845e-01 -1.781624006e+00 -7.001540000e-01 5.685040000e-02 -7.117250000e-01 1.027820000e+01
-5.986988151e-01 -1.733841430e-01 7.819828461e-01 -7.860920831e+00 -4.626444012e-02 9.821460324e-01 1.823440174e-01 -1.791463032e+00 -7.996370000e-01 7.299110000e-02 -5.960310000e-01 1.028510000e+01
-4.783586436e-01 -1.587164854e-01 8.637030465e-01 -7.840675299e+00 -3.902854252e-02 9.864018891e-01 1.596484345e-01 -1.763794426e+00 -8.772970000e-01 4.266010000e-02 -4.780480000e-01 1.028740000e+01
-3.347883352e-01 -1.775283657e-01 9.254190941e-01 -7.838976974e+00 -1.256668205e-02 9.828464359e-01 1.839986127e-01 -1.786955053e+00 -9.422100000e-01 4.997110000e-02 -3.312760000e-01 1.030880000e+01
-1.964111620e-01 -1.742467008e-01 9.649150063e-01 -7.852793190e+00 1.394055075e-02 9.834879410e-01 1.804382170e-01 -1.790516090e+00 -9.804230000e-01 4.889150000e-02 -1.907390000e-01 1.032420000e+01
-5.729603751e-02 -1.772044708e-01 9.825045480e-01 -7.843329072e+00 4.996371904e-02 9.823793920e-01 1.800954010e-01 -1.797829255e+00 -9.971060000e-01 5.940840000e-02 -4.743260000e-02 1.033730000e+01
9.521392263e-02 -1.718067363e-01 9.805190888e-01 -7.841441504e+00 5.361453490e-02 9.844491060e-01 1.672892105e-01 -1.786458149e+00 -9.940120000e-01 3.664180000e-02 1.029450000e-01 1.034840000e+01
2.020253192e-01 -1.748096889e-01 9.636532752e-01 -7.788413359e+00 8.620944097e-02 9.832967580e-01 1.602996777e-01 -1.779852080e+00 -9.755790000e-01 5.069140000e-02 2.137210000e-01 1.035840000e+01
2.738840384e-01 -1.714590148e-01 9.463561136e-01 -7.638321547e+00 7.516176091e-02 9.847874422e-01 1.566694774e-01 -1.762213905e+00 -9.588210000e-01 2.822050000e-02 2.826040000e-01 1.037460000e+01
2.380046828e-01 -1.847838019e-01 9.535238519e-01 -7.413113154e+00 7.437238553e-02 9.823205094e-01 1.718003830e-01 -1.731069487e+00 -9.684120000e-01 3.002650000e-02 2.475400000e-01 1.044360000e+01
2.356191839e-01 -1.758207690e-01 9.558090320e-01 -7.126919904e+00 6.390294695e-02 9.841731134e-01 1.652854577e-01 -1.674694986e+00 -9.697420000e-01 2.213460000e-02 2.431260000e-01 1.050030000e+01
2.234012767e-01 -1.740987674e-01 9.590524128e-01 -6.950241836e+00 7.486872886e-02 9.840776485e-01 1.612016877e-01 -1.645206949e+00 -9.718470000e-01 3.579040000e-02 2.328790000e-01 1.054170000e+01
2.202476064e-01 -1.756222867e-01 9.595044176e-01 -6.715895527e+00 8.764595585e-02 9.832427929e-01 1.598488575e-01 -1.615957643e+00 -9.714980000e-01 4.889030000e-02 2.319490000e-01 1.058150000e+01
1.039885936e-01 -1.751830023e-01 9.790283715e-01 -6.458834537e+00 7.375251545e-02 9.830133654e-01 1.680622960e-01 -1.555450268e+00 -9.918400000e-01 5.472930000e-02 1.151420000e-01 1.059010000e+01
8.310058525e-02 -1.760900051e-01 9.808605763e-01 -6.249322668e+00 7.261894130e-02 9.827176983e-01 1.702712112e-01 -1.517629657e+00 -9.938920000e-01 5.707940000e-02 9.445190000e-02 1.058900000e+01
1.007391657e-01 -1.824934692e-01 9.780328107e-01 -5.968760071e+00 5.094306161e-02 9.826897051e-01 1.781153764e-01 -1.476703983e+00 -9.936080000e-01 3.188080000e-02 1.082920000e-01 1.058660000e+01
9.590285189e-02 -1.777045139e-01 9.793993781e-01 -5.719581021e+00 5.210147097e-02 9.834819640e-01 1.733435641e-01 -1.435346330e+00 -9.940260000e-01 3.440400000e-02 1.035780000e-01 1.060720000e+01
3.229033520e-02 -1.712666827e-01 9.846950853e-01 -5.472155142e+00 4.836584810e-02 9.843228969e-01 1.696157425e-01 -1.385142405e+00 -9.983080000e-01 4.214870000e-02 4.006760000e-02 1.058790000e+01
4.132168652e-02 -1.789422290e-01 9.829915497e-01 -5.171288333e+00 5.736861888e-02 9.826332159e-01 1.764655096e-01 -1.329530220e+00 -9.974980000e-01 4.910100000e-02 5.086970000e-02 1.058590000e+01
5.343600442e-02 -1.762664516e-01 9.828906479e-01 -4.933071801e+00 5.589786118e-02 9.832814693e-01 1.732975342e-01 -1.286018810e+00 -9.970060000e-01 4.568120000e-02 6.239560000e-02 1.057890000e+01
-2.123971491e-02 -1.835386115e-01 9.827833107e-01 -4.735757407e+00 5.162015396e-02 9.814926034e-01 1.844131790e-01 -1.240131427e+00 -9.984410000e-01 5.464830000e-02 -1.137230000e-02 1.055870000e+01
-4.482201021e-02 -1.854797973e-01 9.816257236e-01 -4.492743952e+00 4.023452482e-02 9.814801279e-01 1.872896334e-01 -1.215290571e+00 -9.981840000e-01 4.788990000e-02 -3.652920000e-02 1.053060000e+01
-3.255226077e-02 -1.747137529e-01 9.840809251e-01 -4.164170583e+00 3.613990955e-02 9.837528117e-01 1.758510895e-01 -1.144413739e+00 -9.988160000e-01 4.128890000e-02 -2.570920000e-02 1.049390000e+01
-1.374264184e-01 -1.808463133e-01 9.738626415e-01 -3.961704865e+00 3.117571981e-02 9.819139219e-01 1.867408946e-01 -1.119049462e+00 -9.900210000e-01 5.602400000e-02 -1.293030000e-01 1.046010000e+01
-2.385241837e-01 -1.824918829e-01 9.538354261e-01 -3.719946629e+00 9.107276907e-03 9.817212788e-01 1.901045461e-01 -1.079560402e+00 -9.710940000e-01 5.403140000e-02 -2.325030000e-01 1.036310000e+01
-1.163148234e-01 -1.798311055e-01 9.767969985e-01 -3.493919827e+00 3.064145986e-02 9.823542678e-01 1.845031028e-01 -1.033362743e+00 -9.927400000e-01 5.139100000e-02 -1.087530000e-01 1.033660000e+01
-3.733173073e-02 -1.769782898e-01 9.835060946e-01 -3.280254320e+00 4.631517011e-02 9.828287192e-01 1.786142770e-01 -9.974754957e-01 -9.982290000e-01 5.221920000e-02 -2.849390000e-02 1.031560000e+01
-1.926159871e-02 -1.815951266e-01 9.831851938e-01 -2.919134314e+00 3.471728022e-02 9.826528394e-01 1.821770898e-01 -9.297398563e-01 -9.992120000e-01 3.764260000e-02 -1.262300000e-02 1.028020000e+01
-1.793959126e-02 -1.878776531e-01 9.820290190e-01 -2.559661344e+00 4.640954615e-02 9.809714008e-01 1.885233169e-01 -8.727229517e-01 -9.987610000e-01 4.895750000e-02 -8.878870000e-03 1.026360000e+01
-1.140519223e-02 -1.776464991e-01 9.840279672e-01 -2.301778511e+00 3.500728254e-02 9.834185011e-01 1.779419662e-01 -8.089038483e-01 -9.993220000e-01 3.647760000e-02 -4.997150000e-03 1.024730000e+01
-6.694539951e-03 -1.738800716e-01 9.847444596e-01 -2.058005469e+00 2.679196073e-02 9.843814720e-01 1.739981630e-01 -7.845034177e-01 -9.996190000e-01 2.754810000e-02 -1.931400000e-03 1.023100000e+01
3.618778739e-03 -1.814561727e-01 9.833923331e-01 -1.670879677e+00 3.678017307e-02 9.827574488e-01 1.812036589e-01 -7.226382262e-01 -9.993170000e-01 3.551360000e-02 1.023040000e-02 1.021910000e+01
-1.504612106e-01 -1.807886067e-01 9.719452807e-01 -1.473293164e+00 1.883988635e-02 9.824342325e-01 1.856561900e-01 -6.824987986e-01 -9.884360000e-01 4.624540000e-02 -1.444130000e-01 1.017380000e+01
-3.097492077e-01 -1.815159161e-01 9.333311876e-01 -1.352050346e+00 -2.348606061e-02 9.827691525e-01 1.833363683e-01 -6.669801615e-01 -9.505280000e-01 3.486810000e-02 -3.086760000e-01 1.012560000e+01
-4.664645712e-01 -1.741472701e-01 8.672275969e-01 -1.244725724e+00 -3.171801505e-02 9.830899771e-01 1.803531580e-01 -6.217099845e-01 -8.839710000e-01 5.662160000e-02 -4.641000000e-01 1.006590000e+01
-5.762634023e-01 -1.781080997e-01 7.976202915e-01 -1.156879816e+00 -7.008875372e-02 9.831387120e-01 1.688965348e-01 -5.966460757e-01 -8.142530000e-01 4.142460000e-02 -5.790300000e-01 9.969310000e+00
-6.643911024e-01 -1.769325799e-01 7.261408113e-01 -1.077529438e+00 -7.877687015e-02 9.827402747e-01 1.673785096e-01 -5.925251611e-01 -7.432220000e-01 5.400170000e-02 -6.668620000e-01 9.791760000e+00
-6.123912448e-01 -1.747671500e-01 7.709953168e-01 -1.023012584e+00 -5.966488802e-02 9.826937396e-01 1.753636359e-01 -5.660626007e-01 -7.883000000e-01 6.138980000e-02 -6.122210000e-01 9.641960000e+00
-5.630698171e-01 -1.737026289e-01 8.079476587e-01 -9.799102511e-01 -5.350775948e-02 9.832724078e-01 1.741057056e-01 -5.550755978e-01 -8.246750000e-01 5.480220000e-02 -5.629450000e-01 9.594660000e+00
-4.974888044e-01 -1.713951905e-01 8.503698500e-01 -8.927340940e-01 -2.695225541e-02 9.828672969e-01 1.823328331e-01 -5.487305212e-01 -8.670520000e-01 6.778920000e-02 -4.935850000e-01 9.540940000e+00
-3.933389534e-01 -1.766576954e-01 9.022620411e-01 -7.568684037e-01 -2.701666660e-02 9.831631971e-01 1.807199450e-01 -5.250393066e-01 -9.189970000e-01 4.670800000e-02 -3.914890000e-01 9.510440000e+00
-2.568060044e-01 -1.772726074e-01 9.500656779e-01 -6.174926863e-01 1.520495600e-03 9.829585683e-01 1.838210927e-01 -4.972651381e-01 -9.664620000e-01 4.865100000e-02 -2.521600000e-01 9.483750000e+00
-2.308986060e-01 -1.762518263e-01 9.568807444e-01 -3.462199280e-01 6.205672561e-03 9.831694121e-01 1.825914144e-01 -4.570476845e-01 -9.729580000e-01 4.809820000e-02 -2.259190000e-01 9.430980000e+00
-1.277911533e-01 -1.724080903e-01 9.767008780e-01 -5.418224135e-02 2.376710361e-02 9.839595472e-01 1.767992034e-01 -3.853000071e-01 -9.915160000e-01 4.580680000e-02 -1.216440000e-01 9.404010000e+00
4.168577756e-02 -1.808382310e-01 9.826288657e-01 7.471565961e-02 5.588965207e-02 9.823655603e-01 1.784189018e-01 -3.813112948e-01 -9.975660000e-01 4.748130000e-02 5.105770000e-02 9.414000000e+00
1.529658252e-01 -1.743715538e-01 9.727263016e-01 1.641084054e-01 6.591816004e-02 9.839176413e-01 1.660119293e-01 -3.626857191e-01 -9.860310000e-01 3.872610000e-02 1.620000000e-01 9.430190000e+00
2.083152475e-01 -1.710325336e-01 9.629916965e-01 3.886712694e-01 5.824219327e-02 9.850137529e-01 1.623447946e-01 -3.328330734e-01 -9.763260000e-01 2.226790000e-02 2.151540000e-01 9.461610000e+00
1.552104940e-01 -1.804878746e-01 9.712537666e-01 6.107964164e-01 7.700845380e-02 9.823871111e-01 1.702505064e-01 -2.954001667e-01 -9.848750000e-01 4.837010000e-02 1.663760000e-01 9.521430000e+00
4.443683247e-02 -1.766471518e-01 9.832706486e-01 7.263365364e-01 2.903172578e-02 9.840555738e-01 1.754761531e-01 -2.695001209e-01 -9.985900000e-01 2.074840000e-02 4.885660000e-02 9.498320000e+00
-4.472600466e-02 -1.882415014e-01 9.811034886e-01 8.031583021e-01 2.337111181e-02 9.816206340e-01 1.894060830e-01 -2.723214516e-01 -9.987260000e-01 3.140080000e-02 -3.950460000e-02 9.469400000e+00
-7.312294493e-02 -1.904256649e-01 9.789748662e-01 1.019376148e+00 7.661919313e-03 9.814665320e-01 1.914826289e-01 -2.318602161e-01 -9.972940000e-01 2.150260000e-02 -7.030870000e-02 9.453550000e+00
-9.694474882e-02 -1.877778007e-01 9.774153672e-01 1.244155952e+00 3.017838217e-03 9.819815268e-01 1.889542318e-01 -1.853389301e-01 -9.952850000e-01 2.126780000e-02 -9.463130000e-02 9.423970000e+00
-1.328528138e-01 -1.821037570e-01 9.742627803e-01 1.515587380e+00 1.116365304e-02 9.826390787e-01 1.851917042e-01 -1.370264722e-01 -9.910730000e-01 3.547950000e-02 -1.285140000e-01 9.402250000e+00
-1.553068369e-01 -1.860648611e-01 9.701855761e-01 1.768949938e+00 -6.012697118e-03 9.822615272e-01 1.874185551e-01 -8.921944789e-02 -9.878480000e-01 2.327400000e-02 -1.536710000e-01 9.353040000e+00
-6.821111121e-02 -1.858392873e-01 9.802096143e-01 1.936222433e+00 1.009351633e-02 9.823188631e-01 1.869416543e-01 -5.751680475e-02 -9.976200000e-01 2.264530000e-02 -6.512930000e-02 9.352970000e+00
-2.821550442e-02 -1.786746555e-01 9.835039531e-01 2.158910049e+00 4.468120501e-02 9.826864249e-01 1.798081718e-01 -1.631918023e-02 -9.986030000e-01 4.901750000e-02 -1.974350000e-02 9.369110000e+00
-3.637678356e-02 -1.811609871e-01 9.827800627e-01 2.444135523e+00 3.682174718e-02 9.825206563e-01 1.824760192e-01 2.889281467e-02 -9.986600000e-01 4.282560000e-02 -2.907030000e-02 9.354520000e+00
-4.451573596e-02 -1.829213910e-01 9.821190546e-01 2.803598852e+00 2.427957333e-02 9.826056087e-01 1.841123431e-01 9.165864575e-02 -9.987140000e-01 3.204130000e-02 -3.930010000e-02 9.344400000e+00
-5.135781554e-02 -1.795196954e-01 9.824131275e-01 3.194439943e+00 3.474426818e-02 9.827945062e-01 1.814056835e-01 1.595722816e-01 -9.980760000e-01 4.344980000e-02 -4.423690000e-02 9.339500000e+00
-3.678544532e-02 -1.908796811e-01 9.809241719e-01 3.544549319e+00 3.946695851e-02 9.805454207e-01 1.922859278e-01 2.101999724e-01 -9.985440000e-01 4.578740000e-02 -2.853630000e-02 9.345240000e+00
-1.595009032e-01 -1.801867371e-01 9.706142534e-01 3.735882414e+00 4.747930799e-03 9.830501226e-01 1.832755376e-01 2.548921801e-01 -9.871860000e-01 3.384100000e-02 -1.559420000e-01 9.318210000e+00
-2.935042853e-01 -1.808460559e-01 9.386954879e-01 3.834857220e+00 -1.475167335e-02 9.826826177e-01 1.847080185e-01 2.716615737e-01 -9.558440000e-01 4.036530000e-02 -2.910900000e-01 9.261800000e+00
-4.370041241e-01 -1.773113315e-01 8.818092407e-01 3.928821101e+00 -5.346185654e-02 9.837641423e-01 1.713176635e-01 2.936220715e-01 -8.978690000e-01 2.772340000e-02 -4.393890000e-01 9.175390000e+00
-5.214978473e-01 -1.767592267e-01 8.347434292e-01 4.014535521e+00 -6.094817352e-02 9.835255100e-01 1.701873519e-01 3.175515273e-01 -8.510730000e-01 3.787620000e-02 -5.236790000e-01 9.047150000e+00
-4.419745557e-01 -1.838572092e-01 8.779832561e-01 4.155940948e+00 -3.953662066e-02 9.818109113e-01 1.856970822e-01 3.405145733e-01 -8.961560000e-01 4.736090000e-02 -4.412050000e-01 8.937390000e+00
-2.712341200e-01 -1.826357007e-01 9.450270543e-01 4.290685149e+00 -2.546144195e-03 9.819654599e-01 1.890436094e-01 3.620917991e-01 -9.625100000e-01 4.886890000e-02 -2.668080000e-01 8.905830000e+00
-1.230838054e-01 -1.891568521e-01 9.742024485e-01 4.402539043e+00 2.781177885e-02 9.806238047e-01 1.939174545e-01 3.853181212e-01 -9.920060000e-01 5.096240000e-02 -1.154380000e-01 8.901210000e+00
-6.683845865e-02 -1.807227007e-01 9.812604178e-01 4.726491217e+00 4.301949310e-02 9.820234197e-01 1.837933543e-01 4.400402412e-01 -9.968360000e-01 5.449780000e-02 -5.786230000e-02 8.861710000e+00
-5.082943686e-02 -1.811006687e-01 9.821499392e-01 5.050401193e+00 4.034720202e-02 9.822464175e-01 1.832063647e-01 5.101850958e-01 -9.978920000e-01 4.893930000e-02 -4.262010000e-02 8.791830000e+00
-2.688304247e-02 -1.838159155e-01 9.825928655e-01 5.323638803e+00 4.385399523e-02 9.817854726e-01 1.848644579e-01 5.498466945e-01 -9.986760000e-01 4.806040000e-02 -1.833230000e-02 8.747810000e+00
-1.321139582e-02 -1.789965432e-01 9.837608388e-01 5.481830655e+00 5.336304143e-02 9.823184310e-01 1.794507844e-01 5.864504685e-01 -9.984880000e-01 5.486720000e-02 -3.425990000e-03 8.726050000e+00
1.005433065e-02 -1.788950361e-01 9.838164652e-01 5.696434295e+00 4.997104362e-02 9.827267939e-01 1.781862170e-01 6.208550466e-01 -9.987000000e-01 4.737090000e-02 1.882020000e-02 8.698650000e+00
2.331507301e-02 -1.820046003e-01 9.830214669e-01 5.934754908e+00 4.823255379e-02 9.823481425e-01 1.807361766e-01 6.659781719e-01 -9.985640000e-01 4.319970000e-02 3.168200000e-02 8.680840000e+00
4.822833220e-02 -1.866040648e-01 9.812509544e-01 6.140791687e+00 5.138405743e-02 9.815565741e-01 1.841368443e-01 7.027368507e-01 -9.975140000e-01 4.154010000e-02 5.692730000e-02 8.649060000e+00
4.807026748e-02 -1.799877765e-01 9.824934955e-01 6.368928511e+00 3.951038641e-02 9.832036696e-01 1.781847058e-01 7.380764429e-01 -9.980620000e-01 3.025330000e-02 5.437420000e-02 8.651380000e+00
-6.510050046e-02 -1.757829546e-01 9.822740575e-01 6.524305266e+00 2.269632022e-02 9.838461806e-01 1.775686669e-01 7.594621673e-01 -9.976210000e-01 3.385390000e-02 -6.005930000e-02 8.613420000e+00
-4.111064595e-02 -1.726990188e-01 9.841159708e-01 6.777301651e+00 3.250260339e-02 9.841969452e-01 1.740707850e-01 8.134653689e-01 -9.986260000e-01 3.914250000e-02 -3.484780000e-02 8.589540000e+00
-2.108514679e-02 -1.865362449e-01 9.822214741e-01 7.009996607e+00 3.880825808e-02 9.815470291e-01 1.872412428e-01 8.524784255e-01 -9.990240000e-01 4.206630000e-02 -1.345690000e-02 8.560900000e+00
-1.258663762e-02 -1.854055666e-01 9.825813604e-01 7.198721103e+00 3.773943944e-02 9.818714804e-01 1.857549105e-01 8.891645237e-01 -9.992080000e-01 3.942010000e-02 -5.361350000e-03 8.545960000e+00
-1.054250061e-01 -1.828562000e-01 9.774711367e-01 7.334065319e+00 1.409293261e-02 9.825754885e-01 1.853309819e-01 9.083696048e-01 -9.943270000e-01 3.331390000e-02 -1.010110000e-01 8.519770000e+00
-2.321965670e-01 -1.885258186e-01 9.542240069e-01 7.426991102e+00 -1.656843002e-02 9.816609996e-01 1.899148748e-01 9.251301068e-01 -9.725280000e-01 2.828760000e-02 -2.310620000e-01 8.485590000e+00
-3.433077025e-01 -1.838904454e-01 9.210454088e-01 7.499463316e+00 -2.655311568e-02 9.821546562e-01 1.861936976e-01 9.424570505e-01 -9.388480000e-01 3.946510000e-02 -3.420640000e-01 8.451800000e+00
-4.424129561e-01 -1.851381288e-01 8.774931168e-01 7.572952464e+00 -5.050100721e-02 9.820499180e-01 1.817362959e-01 9.578893162e-01 -8.953890000e-01 3.608820000e-02 -4.438210000e-01 8.413020000e+00
-5.360978217e-01 -1.706591484e-01 8.267251961e-01 7.641301277e+00 -6.057537800e-02 9.846042513e-01 1.639688887e-01 9.803457279e-01 -8.419800000e-01 3.782420000e-02 -5.381820000e-01 8.353530000e+00
-6.378136108e-01 -1.811711003e-01 7.485786118e-01 7.724027116e+00 -8.341883136e-02 9.824717449e-01 1.667022868e-01 9.893536592e-01 -7.656600000e-01 4.387950000e-02 -6.417480000e-01 8.251400000e+00
-6.426759547e-01 -1.820989637e-01 7.441826681e-01 7.772170179e+00 -8.535827545e-02 9.823135095e-01 1.666535795e-01 1.002041428e+00 -7.613680000e-01 4.358210000e-02 -6.468530000e-01 8.194670000e+00
-6.415009139e-01 -1.783040891e-01 7.461130312e-01 7.840259031e+00 -8.059557315e-02 9.828946819e-01 1.655945543e-01 1.010560355e+00 -7.628770000e-01 4.609570000e-02 -6.448990000e-01 8.133120000e+00
-7.263140571e-01 -1.706350264e-01 6.658468077e-01 7.896099923e+00 -9.605511742e-02 9.843884983e-01 1.474889255e-01 1.037940101e+00 -6.806180000e-01 4.316520000e-02 -7.313650000e-01 8.027140000e+00
-7.855443420e-01 -1.819027341e-01 5.914650857e-01 7.925122653e+00 -1.157325078e-01 9.821404172e-01 1.483450733e-01 1.038554102e+00 -6.078860000e-01 4.807990000e-02 -7.925670000e-01 7.943270000e+00
-8.504121601e-01 -1.617520932e-01 5.006347851e-01 7.918643198e+00 -1.158286935e-01 9.857802306e-01 1.217448036e-01 1.038517826e+00 -5.132080000e-01 4.554540000e-02 -8.570550000e-01 7.931200000e+00
-9.066119362e-01 -1.813255087e-01 3.810187229e-01 7.886410271e+00 -1.482837787e-01 9.822790817e-01 1.146303831e-01 1.029866489e+00 -3.950520000e-01 4.742640000e-02 -9.174340000e-01 7.932820000e+00
-9.445163753e-01 -1.685778693e-01 2.819059333e-01 7.868498827e+00 -1.453455768e-01 9.841558622e-01 1.015438563e-01 1.024632507e+00 -2.945580000e-01 5.493600000e-02 -9.540530000e-01 7.922740000e+00
-9.749154127e-01 -1.634914821e-01 1.510332612e-01 7.870662994e+00 -1.525028843e-01 9.849156812e-01 8.175654135e-02 1.027170548e+00 -1.621210000e-01 5.667270000e-02 -9.851420000e-01 7.927290000e+00
-9.833436859e-01 -1.807754539e-01 1.885257999e-02 7.840150902e+00 -1.794933667e-01 9.821805570e-01 5.571410906e-02 1.012740856e+00 -2.858840000e-02 5.140220000e-02 -9.982690000e-01 7.909000000e+00
-9.860922601e-01 -1.656685977e-01 -1.327966033e-02 7.838501852e+00 -1.661697511e-01 9.842838109e-01 5.978006987e-02 1.020926103e+00 3.167270000e-03 6.115530000e-02 -9.981230000e-01 7.808840000e+00
-9.842502284e-01 -1.764327580e-01 1.110264300e-02 7.833326286e+00 -1.755626561e-01 9.828962117e-01 5.561692068e-02 1.026280550e+00 -2.072530000e-02 5.279170000e-02 -9.983900000e-01 7.761830000e+00
-9.856430835e-01 -1.673157310e-01 2.265305682e-02 7.825696735e+00 -1.657628450e-01 9.844252768e-01 5.856741056e-02 1.023465028e+00 -3.209950000e-02 5.397160000e-02 -9.980260000e-01 7.649640000e+00
-9.843684022e-01 -1.714373754e-01 4.033828288e-02 7.800493332e+00 -1.687595083e-01 9.836794490e-01 6.241280106e-02 1.036050677e+00 -5.037990000e-02 5.462970000e-02 -9.972350000e-01 7.457760000e+00
-9.849849262e-01 -1.657643689e-01 4.823224702e-02 7.802360017e+00 -1.623655135e-01 9.844216986e-01 6.747039790e-02 1.035993265e+00 -5.866500000e-02 5.862610000e-02 -9.965550000e-01 7.296840000e+00
-9.852153386e-01 -1.644796595e-01 4.793528097e-02 7.765432430e+00 -1.604117919e-01 9.838812217e-01 7.903087223e-02 1.041103669e+00 -6.016160000e-02 7.017310000e-02 -9.957190000e-01 7.076840000e+00
-9.858112766e-01 -1.669590441e-01 -1.732706184e-02 7.740567332e+00 -1.676623567e-01 9.843689429e-01 5.391912824e-02 1.041368791e+00 8.053940000e-03 5.605920000e-02 -9.983950000e-01 6.886660000e+00
-9.788889912e-01 -1.598772170e-01 -1.273403369e-01 7.736537467e+00 -1.656619512e-01 9.855196478e-01 3.614259928e-02 1.042076875e+00 1.197180000e-01 5.647500000e-02 -9.912000000e-01 6.805440000e+00
-9.588800360e-01 -1.549589016e-01 -2.377756166e-01 7.714256795e+00 -1.652328822e-01 9.859676929e-01 2.377807188e-02 1.030705074e+00 2.307550000e-01 6.208860000e-02 -9.710290000e-01 6.743670000e+00
-9.138632810e-01 -1.750414467e-01 -3.663530476e-01 7.661474337e+00 -1.803816213e-01 9.833951026e-01 -1.990110072e-02 1.039486123e+00 3.637530000e-01 4.789650000e-02 -9.302630000e-01 6.648190000e+00
-8.819281506e-01 -1.569437644e-01 -4.444913470e-01 7.566953040e+00 -1.601632621e-01 9.866166577e-01 -3.057664681e-02 1.026273599e+00 4.433410000e-01 4.422480000e-02 -8.952610000e-01 6.543160000e+00
-8.864894595e-01 -1.618046589e-01 -4.335377409e-01 7.497009508e+00 -1.693819278e-01 9.853182249e-01 -2.139066503e-02 1.023479849e+00 4.306340000e-01 5.447080000e-02 -9.008810000e-01 6.371340000e+00
-8.840969031e-01 -1.699686118e-01 -4.352974155e-01 7.391818851e+00 -1.809055409e-01 9.833611033e-01 -1.654648762e-02 1.007590429e+00 4.308670000e-01 6.411900000e-02 -9.001350000e-01 6.230140000e+00
-8.963992080e-01 -1.518317773e-01 -4.164320338e-01 7.283062274e+00 -1.598872776e-01 9.870104342e-01 -1.569716531e-02 9.962486820e-01 4.134060000e-01 5.251130000e-02 -9.090310000e-01 6.063520000e+00
-8.980049364e-01 -1.527110852e-01 -4.126330441e-01 7.212979102e+00 -1.606774645e-01 9.868843567e-01 -1.555609877e-02 9.929453912e-01 4.095970000e-01 5.233140000e-02 -9.107650000e-01 5.904060000e+00
-9.025321590e-01 -1.532403199e-01 -4.024338249e-01 7.115570441e+00 -1.604210174e-01 9.869181686e-01 -1.602899116e-02 9.869663552e-01 3.996260000e-01 5.009220000e-02 -9.153090000e-01 5.724070000e+00
-9.043621110e-01 -1.486228977e-01 -4.000512868e-01 7.033686915e+00 -1.544507152e-01 9.878395595e-01 -1.783841990e-02 9.892928756e-01 3.978380000e-01 4.565580000e-02 -9.163190000e-01 5.544050000e+00
-9.067690092e-01 -1.559950885e-01 -3.917089694e-01 6.928582502e+00 -1.621918818e-01 9.866051322e-01 -1.744920465e-02 9.785492642e-01 3.891840000e-01 4.770960000e-02 -9.199240000e-01 5.350340000e+00
-9.063525800e-01 -1.589290286e-01 -3.914938307e-01 6.837016114e+00 -1.644379219e-01 9.861918668e-01 -1.965771582e-02 9.711921256e-01 3.892120000e-01 4.655960000e-02 -9.199710000e-01 5.161940000e+00
-9.126573002e-01 -1.622250276e-01 -3.751519321e-01 6.730751354e+00 -1.666826989e-01 9.857917484e-01 -2.078018946e-02 9.632804563e-01 3.731930000e-01 4.356610000e-02 -9.267300000e-01 4.967610000e+00
-9.165792669e-01 -1.563433159e-01 -3.680206215e-01 6.637551441e+00 -1.621882934e-01 9.866424680e-01 -1.520735293e-02 9.513588585e-01 3.654820000e-01 4.574980000e-02 -9.296930000e-01 4.757920000e+00
-9.209714741e-01 -1.506675107e-01 -3.593211091e-01 6.561297127e+00 -1.551476340e-01 9.877527792e-01 -1.651989551e-02 9.483371441e-01 3.574090000e-01 4.053350000e-02 -9.330680000e-01 4.586270000e+00
-9.392096857e-01 -1.547216386e-01 -3.065059742e-01 6.494870711e+00 -1.631830447e-01 9.865933375e-01 2.008677940e-03 9.205316478e-01 3.020860000e-01 5.190310000e-02 -9.518670000e-01 4.448960000e+00
-9.727016974e-01 -1.558614774e-01 -1.719248879e-01 6.497897734e+00 -1.618033288e-01 9.865988846e-01 2.101865363e-02 9.322002929e-01 1.663450000e-01 4.826300000e-02 -9.848860000e-01 4.338830000e+00
-9.847477657e-01 -1.670079640e-01 -4.879451905e-02 6.501793920e+00 -1.687837708e-01 9.850367080e-01 3.484613800e-02 9.530972341e-01 4.224480000e-02 4.255040000e-02 -9.982010000e-01 4.209550000e+00
-9.854706071e-01 -1.587750891e-01 -6.031451205e-02 6.507307643e+00 -1.611806996e-01 9.862188125e-01 3.733806174e-02 9.548812344e-01 5.355500000e-02 4.651710000e-02 -9.974810000e-01 4.022430000e+00
-9.841150033e-01 -1.607048768e-01 -7.544724373e-02 6.469689302e+00 -1.634112337e-01 9.860665491e-01 3.114450706e-02 9.623625932e-01 6.939090000e-02 4.297870000e-02 -9.966630000e-01 3.715480000e+00
-9.804774414e-01 -1.563527511e-01 -1.192403497e-01 6.421270404e+00 -1.603456582e-01 9.867542532e-01 2.460080619e-02 9.734865498e-01 1.138150000e-01 4.324020000e-02 -9.925610000e-01 3.287870000e+00
-9.785830507e-01 -1.606622626e-01 -1.286971321e-01 6.405614762e+00 -1.644752450e-01 9.861887677e-01 1.949879602e-02 9.885390629e-01 1.237870000e-01 4.024870000e-02 -9.914920000e-01 2.957820000e+00
-9.794802369e-01 -1.526861085e-01 -1.315521374e-01 6.366556188e+00 -1.563636574e-01 9.875353607e-01 1.803275574e-02 9.942868389e-01 1.271590000e-01 3.823270000e-02 -9.911450000e-01 2.610500000e+00
-9.800855810e-01 -1.563934499e-01 -1.223634082e-01 6.357311630e+00 -1.615099794e-01 9.863181770e-01 3.301557496e-02 9.852143503e-01 1.155260000e-01 5.212100000e-02 -9.919360000e-01 2.260770000e+00
-9.811139872e-01 -1.633087042e-01 -1.036591552e-01 6.333643896e+00 -1.670266660e-01 9.855487271e-01 2.820379876e-02 9.886365396e-01 9.755520000e-02 4.498500000e-02 -9.942130000e-01 2.030880000e+00
-9.806268595e-01 -1.664400085e-01 -1.032926875e-01 6.271483208e+00 -1.708207760e-01 9.846781124e-01 3.506082905e-02 9.897109874e-01 9.587450000e-02 5.202610000e-02 -9.940330000e-01 1.710210000e+00
-9.816688146e-01 -1.660467039e-01 -9.356606539e-02 6.230899572e+00 -1.698793197e-01 9.848593016e-01 3.454950415e-02 9.837404445e-01 8.641250000e-02 4.981110000e-02 -9.950130000e-01 1.478890000e+00
-9.809937042e-01 -1.686758450e-01 -9.591773591e-02 6.193228757e+00 -1.716502995e-01 9.848752336e-01 2.359438974e-02 1.016445753e+00 9.048720000e-02 3.961020000e-02 -9.951100000e-01 1.112830000e+00
-9.825736472e-01 -1.597534567e-01 -9.501727031e-02 6.131431212e+00 -1.622465802e-01 9.865654965e-01 1.906869487e-02 1.015393143e+00 9.069450000e-02 3.415260000e-02 -9.952930000e-01 7.484040000e-01
-9.767643353e-01 -1.876945176e-01 -1.034542836e-01 6.088993939e+00 -1.905772277e-01 9.814954107e-01 1.863298155e-02 1.020537529e+00 9.804260000e-02 3.791600000e-02 -9.944600000e-01 4.681400000e-01
-9.834694434e-01 -1.563949197e-01 -9.126547805e-02 6.044976631e+00 -1.600318550e-01 9.865280613e-01 3.394898131e-02 1.012361694e+00 8.472650000e-02 4.799310000e-02 -9.952480000e-01 2.349430000e-01
-9.854621725e-01 -1.503039917e-01 -7.920449400e-02 6.031915907e+00 -1.531372646e-01 9.877196385e-01 3.096705557e-02 1.026426675e+00 7.357730000e-02 4.264600000e-02 -9.963770000e-01 3.036720000e-02
-9.799914927e-01 -1.807171987e-01 -8.341695224e-02 5.990574499e+00 -1.827159328e-01 9.830201259e-01 1.692030531e-02 1.031322905e+00 7.894270000e-02 3.182340000e-02 -9.963710000e-01 -1.228430000e-01
-9.827766330e-01 -1.641483523e-01 -8.488406381e-02 5.995950626e+00 -1.667207459e-01 9.857090887e-01 2.411045647e-02 1.040110515e+00 7.971330000e-02 3.784710000e-02 -9.960990000e-01 -2.452340000e-01
-9.831163293e-01 -1.701919025e-01 -6.720896310e-02 5.961963716e+00 -1.722576522e-01 9.847030316e-01 2.619699542e-02 1.031150311e+00 6.172240000e-02 3.733200000e-02 -9.973950000e-01 -2.583910000e-01
-9.860457284e-01 -1.547310706e-01 -6.141085552e-02 5.970312815e+00 -1.564625734e-01 9.873818665e-01 2.443844261e-02 1.037641685e+00 5.685460000e-02 3.370590000e-02 -9.978130000e-01 -3.037560000e-01
-9.843271348e-01 -1.630864585e-01 -6.710577951e-02 5.963835016e+00 -1.647532779e-01 9.861308232e-01 2.006593363e-02 1.041357529e+00 6.290250000e-02 3.080730000e-02 -9.975440000e-01 -4.230950000e-01
-9.868602360e-01 -1.531499361e-01 -5.149175419e-02 5.927760323e+00 -1.545495072e-01 9.876845324e-01 2.437478267e-02 1.037062819e+00 4.712460000e-02 3.201260000e-02 -9.983760000e-01 -5.444100000e-01
-9.866424899e-01 -1.552500260e-01 -4.933039229e-02 5.930928774e+00 -1.568189584e-01 9.871807853e-01 2.968434445e-02 1.037369040e+00 4.408960000e-02 3.702380000e-02 -9.983410000e-01 -7.041120000e-01
-9.844339922e-01 -1.675159973e-01 -5.317492493e-02 5.902445819e+00 -1.689659011e-01 9.853290817e-01 2.402467567e-02 1.025361520e+00 4.837030000e-02 3.263550000e-02 -9.982960000e-01 -8.723940000e-01
-9.842526537e-01 -1.743160992e-01 -2.934471353e-02 5.877065084e+00 -1.749490838e-01 9.843628869e-01 2.057721408e-02 1.050627246e+00 2.529890000e-02 2.538700000e-02 -9.993580000e-01 -1.027710000e+00
-9.872062020e-01 -1.593565428e-01 -5.337171315e-03 5.835884932e+00 -1.594458132e-01 9.866360921e-01 3.356569637e-02 1.025486890e+00 -8.306830000e-05 3.398720000e-02 -9.994220000e-01 -1.185150000e+00
-9.884603816e-01 -1.510451530e-01 1.146912141e-02 5.835895858e+00 -1.506635939e-01 9.881616753e-01 2.894445434e-02 1.050549156e+00 -1.570520000e-02 2.688240000e-02 -9.995150000e-01 -1.322030000e+00
-9.872839012e-01 -1.588783298e-01 -5.341495357e-03 5.817139750e+00 -1.589634481e-01 9.869546061e-01 2.552284606e-02 1.047845040e+00 1.216790000e-03 2.604740000e-02 -9.996600000e-01 -1.449410000e+00
-9.853001227e-01 -1.599951678e-01 5.986853872e-02 5.819840978e+00 -1.577988952e-01 9.866684858e-01 3.980218675e-02 1.059318745e+00 -6.543860000e-02 2.976990000e-02 -9.974120000e-01 -1.585450000e+00
-9.744559615e-01 -1.823054777e-01 1.311493851e-01 5.831039443e+00 -1.791252594e-01 9.831760233e-01 3.575165430e-02 1.059340896e+00 -1.354610000e-01 1.134620000e-02 -9.907180000e-01 -1.682860000e+00
-9.604663890e-01 -1.650103676e-01 2.242212755e-01 5.859504394e+00 -1.548396053e-01 9.859713154e-01 6.233591759e-02 1.077298166e+00 -2.313620000e-01 2.515320000e-02 -9.725430000e-01 -1.757780000e+00
-9.595671954e-01 -1.679682464e-01 2.258691840e-01 5.883885524e+00 -1.551040186e-01 9.851475890e-01 7.367344103e-02 1.077666101e+00 -2.348890000e-01 3.566140000e-02 -9.713680000e-01 -1.870110000e+00
-9.317812987e-01 -1.762889740e-01 3.173414103e-01 5.922104395e+00 -1.568582824e-01 9.838701636e-01 8.598896698e-02 1.080023443e+00 -3.273820000e-01 3.034530000e-02 -9.444050000e-01 -1.948620000e+00
-8.967562758e-01 -1.748362481e-01 4.065228507e-01 5.969989713e+00 -1.481378841e-01 9.842454713e-01 9.652174835e-02 1.087492920e+00 -4.169930000e-01 2.633500000e-02 -9.085280000e-01 -2.022200000e+00
-8.510236872e-01 -1.767843133e-01 4.944757610e-01 6.020336591e+00 -1.380957121e-01 9.838290015e-01 1.140656937e-01 1.106274745e+00 -5.066440000e-01 2.878760000e-02 -8.616740000e-01 -2.093630000e+00
-8.144999497e-01 -1.989966850e-01 5.449676784e-01 6.068258700e+00 -1.638228153e-01 9.799959365e-01 1.130018951e-01 1.127901470e+00 -5.565530000e-01 2.761900000e-03 -8.308080000e-01 -2.136990000e+00
-7.489726121e-01 -1.700999744e-01 6.403949503e-01 6.118296338e+00 -1.044150799e-01 9.847100465e-01 1.394376555e-01 1.140974869e+00 -6.543220000e-01 3.756810000e-02 -7.552830000e-01 -2.169920000e+00
-7.017400062e-01 -1.886044238e-01 6.870139476e-01 6.165279008e+00 -1.228075519e-01 9.819104161e-01 1.441212542e-01 1.150600725e+00 -7.017680000e-01 1.676520000e-02 -7.122080000e-01 -2.234200000e+00
-6.098416530e-01 -1.721405255e-01 7.736025258e-01 6.205690275e+00 -8.161674813e-02 9.845773811e-01 1.547465392e-01 1.148693297e+00 -7.883090000e-01 3.123200000e-02 -6.144860000e-01 -2.257380000e+00
-5.361320863e-01 -1.868200038e-01 8.232010675e-01 6.325924629e+00 -7.349343245e-02 9.818298896e-01 1.749549008e-01 1.148719554e+00 -8.409290000e-01 3.329900000e-02 -5.401200000e-01 -2.276310000e+00
-4.287920846e-01 -1.835528131e-01 8.845595209e-01 6.404924392e+00 -4.994815324e-02 9.824602455e-01 1.796556307e-01 1.174550421e+00 -9.020210000e-01 3.285280000e-02 -4.304400000e-01 -2.305070000e+00
-3.490130873e-01 -1.922669116e-01 9.171826783e-01 6.471628825e+00 -4.482130857e-02 9.810319233e-01 1.885956952e-01 1.201750545e+00 -9.360450000e-01 2.471310000e-02 -3.510110000e-01 -2.318780000e+00
-2.368786732e-01 -1.859655930e-01 9.535754586e-01 6.561838013e+00 -1.327725414e-02 9.820372713e-01 1.882182427e-01 1.205725102e+00 -9.714490000e-01 3.192400000e-02 -2.350930000e-01 -2.343430000e+00
-1.275497525e-01 -1.855119500e-01 9.743289838e-01 6.655331773e+00 8.385429182e-03 9.821159357e-01 1.880923294e-01 1.213734385e+00 -9.917970000e-01 3.216130000e-02 -1.237130000e-01 -2.335320000e+00
-1.248453800e-01 -1.826170577e-01 9.752256222e-01 6.765727004e+00 1.671949293e-02 9.823882985e-01 1.860989282e-01 1.229249466e+00 -9.920350000e-01 3.953880000e-02 -1.195930000e-01 -2.339760000e+00
-1.077216129e-01 -1.775755148e-01 9.781931960e-01 6.909739449e+00 8.175468777e-03 9.837275766e-01 1.794803625e-01 1.266194948e+00 -9.941470000e-01 2.733110000e-02 -1.045170000e-01 -2.344400000e+00
-1.022100400e-01 -1.784337458e-01 9.786284615e-01 7.049327973e+00 1.475030354e-02 9.834014739e-01 1.808443463e-01 1.291137872e+00 -9.946530000e-01 3.291920000e-02 -9.788150000e-02 -2.371280000e+00
-9.951750126e-02 -1.750527089e-01 9.795164577e-01 7.187982905e+00 2.188575761e-02 9.837803554e-01 1.780382299e-01 1.328467758e+00 -9.947950000e-01 3.915540000e-02 -9.407210000e-02 -2.398160000e+00
-7.288659390e-02 -1.776097394e-01 9.813982829e-01 7.300065925e+00 2.566337344e-02 9.833560552e-01 1.798698732e-01 1.346177375e+00 -9.970100000e-01 3.829610000e-02 -6.711540000e-02 -2.405800000e+00
-7.885084941e-02 -1.881455996e-01 9.789705059e-01 7.424129581e+00 3.241276005e-02 9.810252055e-01 1.911511115e-01 1.359688227e+00 -9.963590000e-01 4.680360000e-02 -7.125640000e-02 -2.417820000e+00
-7.032638088e-02 -1.936675928e-01 9.785432537e-01 7.543158908e+00 2.979284128e-02 9.801266638e-01 1.961220795e-01 1.371098228e+00 -9.970790000e-01 4.294620000e-02 -6.315890000e-02 -2.433140000e+00
-5.115587947e-02 -1.821549017e-01 9.819386507e-01 7.633462429e+00 3.261508833e-02 9.823964591e-01 1.839391131e-01 1.398696462e+00 -9.981580000e-01 4.143560000e-02 -4.431440000e-02 -2.443360000e+00
-6.626067222e-02 -1.745755936e-01 9.824112968e-01 7.765979816e+00 2.187405545e-02 9.840845725e-01 1.763481307e-01 1.421442764e+00 -9.975630000e-01 3.317420000e-02 -6.138740000e-02 -2.476200000e+00
-1.590240974e-01 -1.946176829e-01 9.679029123e-01 7.833718739e+00 1.241709083e-02 9.799066834e-01 1.990714309e-01 1.426172661e+00 -9.871970000e-01 4.367570000e-02 -1.534120000e-01 -2.484500000e+00
-2.302358922e-01 -1.814641177e-01 9.560660739e-01 7.895708737e+00 -1.460941418e-02 9.829936839e-01 1.830569339e-01 1.442702593e+00 -9.730250000e-01 2.817870000e-02 -2.289720000e-01 -2.513760000e+00
-2.251171986e-01 -1.963754602e-01 9.543364170e-01 7.997590201e+00 -8.144902665e-03 9.798233285e-01 1.996985920e-01 1.469004275e+00 -9.742980000e-01 3.718260000e-02 -2.221750000e-01 -2.559850000e+00
-2.162061008e-01 -1.763847242e-01 9.602830983e-01 8.051244143e+00 9.095213846e-03 9.831393989e-01 1.826308150e-01 1.483496042e+00 -9.763050000e-01 4.821980000e-02 -2.109560000e-01 -2.559550000e+00
-2.189087532e-01 -1.733676627e-01 9.602204602e-01 8.131516885e+00 8.184258417e-03 9.837281175e-01 1.794778777e-01 1.495974114e+00 -9.757110000e-01 4.714790000e-02 -2.139280000e-01 -2.564630000e+00
-1.473838921e-01 -1.905321266e-01 9.705546666e-01 8.207583723e+00 4.007562331e-02 9.793140929e-01 1.983376301e-01 1.500526956e+00 -9.882670000e-01 6.812740000e-02 -1.366990000e-01 -2.589420000e+00
-8.192670400e-02 -1.908679621e-01 9.781904223e-01 8.251513763e+00 3.322946650e-02 9.804218395e-01 1.940862090e-01 1.517482991e+00 -9.960840000e-01 4.840560000e-02 -7.398030000e-02 -2.611970000e+00
1.058843704e-02 -1.738469021e-01 9.847160187e-01 8.321016619e+00 4.383622549e-02 9.839053991e-01 1.732323271e-01 1.527280777e+00 -9.989830000e-01 4.133190000e-02 1.803880000e-02 -2.576800000e+00
9.720084914e-02 -1.828587665e-01 9.783225647e-01 8.398681088e+00 6.377577691e-02 9.821014032e-01 1.772286429e-01 1.542473611e+00 -9.932190000e-01 4.516650000e-02 1.071230000e-01 -2.564420000e+00
1.821081512e-01 -1.859609433e-01 9.655333778e-01 8.466389346e+00 7.849520557e-02 9.815692627e-01 1.742442756e-01 1.553029239e+00 -9.801400000e-01 4.405850000e-02 1.933480000e-01 -2.528910000e+00
2.059358017e-01 -1.872030008e-01 9.604918715e-01 8.486904734e+00 8.069505489e-02 9.814370429e-01 1.739834488e-01 1.546702101e+00 -9.752330000e-01 4.167760000e-02 2.172200000e-01 -2.528690000e+00
2.520715964e-01 -1.929619434e-01 9.482751417e-01 8.488275257e+00 9.339892710e-02 9.801947090e-01 1.746296692e-01 1.554819983e+00 -9.631910000e-01 4.454870000e-02 2.651020000e-01 -2.551300000e+00
3.541836655e-01 -1.826925314e-01 9.171568165e-01 8.478265711e+00 1.075052640e-01 9.821846413e-01 1.541296230e-01 1.549918634e+00 -9.289760000e-01 4.400900000e-02 3.675140000e-01 -2.523330000e+00
4.386705363e-01 -1.834642402e-01 8.797209233e-01 8.486147567e+00 1.208132246e-01 9.820910391e-01 1.445701735e-01 1.550179126e+00 -8.904900000e-01 4.286320000e-02 4.529800000e-01 -2.477670000e+00
5.321571705e-01 -1.896401824e-01 8.251332815e-01 8.475167689e+00 1.319972380e-01 9.812580637e-01 1.403924984e-01 1.544288278e+00 -8.362930000e-01 3.420450000e-02 5.472150000e-01 -2.485860000e+00
6.020080053e-01 -1.915573091e-01 7.751722860e-01 8.469637318e+00 1.434105223e-01 9.809500311e-01 1.310340087e-01 1.545532912e+00 -7.855060000e-01 3.228430000e-02 6.180110000e-01 -2.495490000e+00
6.735644399e-01 -1.913356180e-01 7.139337373e-01 8.469151999e+00 1.556361781e-01 9.809714625e-01 1.160666637e-01 1.531475498e+00 -7.225570000e-01 3.293560000e-02 6.905270000e-01 -2.464270000e+00
6.777790662e-01 -1.874066505e-01 7.109812836e-01 8.555608269e+00 1.534373579e-01 9.817333178e-01 1.125019896e-01 1.557645747e+00 -7.190780000e-01 3.283960000e-02 6.941530000e-01 -2.381800000e+00
6.639316113e-01 -1.809781762e-01 7.255631953e-01 8.583222680e+00 1.502947925e-01 9.827678624e-01 1.076047476e-01 1.569297416e+00 -7.325340000e-01 3.760620000e-02 6.796910000e-01 -2.360380000e+00
6.953958898e-01 -1.764993386e-01 6.966145837e-01 8.589709647e+00 1.510137500e-01 9.836149982e-01 9.846632983e-02 1.568783771e+00 -7.025800000e-01 3.672530000e-02 7.106560000e-01 -2.338390000e+00
7.663743255e-01 -1.658163116e-01 6.206252381e-01 8.584043012e+00 1.523191007e-01 9.854657880e-01 7.520319967e-02 1.569211072e+00 -6.240750000e-01 3.689930000e-02 7.804920000e-01 -2.336440000e+00
7.980926309e-01 -1.685339069e-01 5.784841527e-01 8.574009735e+00 1.534180154e-01 9.852812667e-01 7.538910663e-02 1.563198307e+00 -5.826750000e-01 2.858240000e-02 8.122020000e-01 -2.339740000e+00
8.537917321e-01 -1.773213198e-01 4.894865865e-01 8.566816379e+00 1.678758370e-01 9.837576713e-01 6.355646559e-02 1.561647914e+00 -4.928060000e-01 2.790900000e-02 8.696920000e-01 -2.330120000e+00
9.062166328e-01 -1.699844095e-01 3.871384466e-01 8.551221778e+00 1.680283544e-01 9.850032415e-01 3.917235513e-02 1.553901750e+00 -3.879910000e-01 2.955160000e-02 9.211890000e-01 -2.327650000e+00
9.491627996e-01 -1.779001211e-01 2.596954897e-01 8.546405471e+00 1.787711330e-01 9.836783763e-01 2.046061850e-02 1.547782560e+00 -2.590970000e-01 2.700560000e-02 9.654740000e-01 -2.321500000e+00
9.770874231e-01 -1.698530413e-01 1.282574744e-01 8.536209794e+00 1.727677649e-01 9.848906181e-01 -1.186989039e-02 1.568547750e+00 -1.243040000e-01 3.375670000e-02 9.916700000e-01 -2.307530000e+00
9.856122753e-01 -1.683357392e-01 1.523207073e-02 8.526379564e+00 1.686921956e-01 9.853175334e-01 -2.632710247e-02 1.555071206e+00 -1.057660000e-02 2.851780000e-02 9.995370000e-01 -2.304970000e+00
9.808537166e-01 -1.633334317e-01 -1.060537923e-01 8.517257681e+00 1.593193172e-01 9.861855910e-01 -4.533527167e-02 1.550107230e+00 1.119940000e-01 2.757080000e-02 9.933260000e-01 -2.331830000e+00
9.527973521e-01 -1.658600736e-01 -2.542993338e-01 8.499516558e+00 1.506328601e-01 9.854787547e-01 -7.836846141e-02 1.552268521e+00 2.636040000e-01 3.636340000e-02 9.639450000e-01 -2.330580000e+00
9.099727800e-01 -1.582506693e-01 -3.832836800e-01 8.506100087e+00 1.355270798e-01 9.870539814e-01 -8.577449786e-02 1.548235404e+00 3.918960000e-01 2.610710000e-02 9.196390000e-01 -2.333950000e+00
8.461654020e-01 -1.619097199e-01 -5.077293677e-01 8.469615869e+00 1.225568912e-01 9.863153664e-01 -1.102767678e-01 1.546535885e+00 5.186370000e-01 3.108660000e-02 8.544290000e-01 -2.354450000e+00
7.619316940e-01 -1.550371829e-01 -6.288265406e-01 8.479176694e+00 9.764774228e-02 9.873262062e-01 -1.251079455e-01 1.545431201e+00 6.402530000e-01 3.392030000e-02 7.674140000e-01 -2.379370000e+00
6.626738191e-01 -1.552052196e-01 -7.326494951e-01 8.458626289e+00 8.648314578e-02 9.876043150e-01 -1.309919739e-01 1.538653830e+00 7.438980000e-01 2.344310000e-02 6.678820000e-01 -2.381650000e+00
5.542941028e-01 -1.572479445e-01 -8.173313791e-01 8.427450364e+00 5.796227919e-02 9.868996438e-01 -1.505629018e-01 1.536560887e+00 8.303000000e-01 3.608180000e-02 5.561470000e-01 -2.399220000e+00
4.396043297e-01 -1.563483939e-01 -8.844790961e-01 8.466010094e+00 4.223948560e-02 9.872427342e-01 -1.535196790e-01 1.550085502e+00 8.971980000e-01 3.012790000e-02 4.406000000e-01 -2.412960000e+00
3.044952592e-01 -1.528522631e-01 -9.401692513e-01 8.467265658e+00 1.602668986e-02 9.877228313e-01 -1.553927425e-01 1.536002983e+00 9.523790000e-01 3.224850000e-02 3.032070000e-01 -2.418700000e+00
2.072272694e-01 -1.540439589e-01 -9.660884506e-01 8.462401262e+00 -2.708442850e-03 9.874311140e-01 -1.580278537e-01 1.538672596e+00 9.782890000e-01 3.536430000e-02 2.042050000e-01 -2.436360000e+00
7.375460099e-02 -1.488115125e-01 -9.861114352e-01 8.455246397e+00 -3.517047527e-02 9.878006112e-01 -1.516971417e-01 1.545728379e+00 9.966560000e-01 4.587040000e-02 6.762110000e-02 -2.455180000e+00
-5.239807606e-02 -1.567620255e-01 -9.862456736e-01 8.464315763e+00 -4.120560549e-02 9.871000664e-01 -1.547088544e-01 1.529544232e+00 9.977760000e-01 3.253240000e-02 -5.818170000e-02 -2.495090000e+00
-1.437075765e-01 -1.527253158e-01 -9.777639056e-01 8.478981442e+00 -4.142529028e-02 9.880822894e-01 -1.482483459e-01 1.526067763e+00 9.887530000e-01 1.919980000e-02 -1.483210000e-01 -2.502790000e+00
-2.441947826e-01 -1.437766675e-01 -9.590080431e-01 8.491724118e+00 -6.319174720e-02 9.892045908e-01 -1.322131188e-01 1.530075074e+00 9.676650000e-01 2.831570000e-02 -2.506440000e-01 -2.506310000e+00
-3.507556308e-01 -1.536568696e-01 -9.237748959e-01 8.487862347e+00 -7.811155180e-02 9.878093918e-01 -1.346494320e-01 1.542383921e+00 9.332040000e-01 2.492840000e-02 -3.584820000e-01 -2.533910000e+00
-4.672094904e-01 -1.620600248e-01 -8.691674000e-01 8.473391398e+00 -9.866681026e-02 9.864737795e-01 -1.308954024e-01 1.543994217e+00 8.786240000e-01 2.460240000e-02 -4.768800000e-01 -2.546270000e+00
-5.406065204e-01 -1.773019869e-01 -8.223800516e-01 8.469564432e+00 -1.390620428e-01 9.829250977e-01 -1.204999322e-01 1.555632281e+00 8.297030000e-01 4.921880000e-02 -5.560320000e-01 -2.530720000e+00
-6.322133019e-01 -1.726914882e-01 -7.553036453e-01 8.486365098e+00 -1.319181164e-01 9.846020421e-01 -1.146983200e-01 1.559017829e+00 7.634820000e-01 2.712440000e-02 -6.452600000e-01 -2.548160000e+00
-7.290680646e-01 -1.633984818e-01 -6.646507406e-01 8.526687003e+00 -1.385318789e-01 9.862147211e-01 -9.049387331e-02 1.579824144e+00 6.702750000e-01 2.609910000e-02 -7.416530000e-01 -2.579840000e+00
-7.787702401e-01 -1.706354363e-01 -6.036555159e-01 8.524454380e+00 -1.544111979e-01 9.848288282e-01 -7.917738058e-02 1.559445697e+00 6.080080000e-01 3.155020000e-02 -7.933040000e-01 -2.579150000e+00
-8.455026787e-01 -1.543964530e-01 -5.111629214e-01 8.537052196e+00 -1.479311657e-01 9.875446078e-01 -5.359780278e-02 1.560139593e+00 5.130710000e-01 3.029990000e-02 -8.578110000e-01 -2.585810000e+00
-8.904938326e-01 -1.458879819e-01 -4.309739559e-01 8.546154216e+00 -1.509503523e-01 9.882820906e-01 -2.264221228e-02 1.575185228e+00 4.292270000e-01 4.489290000e-02 -9.020800000e-01 -2.585080000e+00
-9.075447380e-01 -1.916444436e-01 -3.736768760e-01 8.561046485e+00 -1.913006662e-01 9.807800676e-01 -3.839428930e-02 1.572459143e+00 3.738530000e-01 3.664010000e-02 -9.267640000e-01 -2.592690000e+00
-9.511876337e-01 -1.407418678e-01 -2.746515070e-01 8.562133443e+00 -1.444523303e-01 9.894887727e-01 -6.776218858e-03 1.567586654e+00 2.727180000e-01 3.322860000e-02 -9.615200000e-01 -2.584640000e+00
-9.709166803e-01 -1.711993295e-01 -1.673642309e-01 8.491924896e+00 -1.758160962e-01 9.843365171e-01 1.305643195e-02 1.554086605e+00 1.625080000e-01 4.210200000e-02 -9.858090000e-01 -2.582000000e+00
-9.783368922e-01 -1.914171432e-01 -7.884619189e-02 8.482489651e+00 -1.931132394e-01 9.810709739e-01 1.440841512e-02 1.545928677e+00 7.459560000e-02 2.932250000e-02 -9.967830000e-01 -2.586230000e+00
-9.824109469e-01 -1.858723569e-01 1.788111489e-02 8.499487587e+00 -1.849433266e-01 9.817545837e-01 4.420896991e-02 1.578463456e+00 -2.577210000e-02 4.012440000e-02 -9.988620000e-01 -2.570470000e+00
-9.763783460e-01 -1.727598783e-01 1.297657673e-01 8.560728761e+00 -1.619949717e-01 9.827287456e-01 8.945149952e-02 1.562123414e+00 -1.429790000e-01 6.631710000e-02 -9.875010000e-01 -2.592230000e+00
-9.618823383e-01 -1.802787267e-01 2.056253037e-01 8.549189271e+00 -1.635613002e-01 9.818774844e-01 9.573166094e-02 1.587010444e+00 -2.191570000e-01 5.845030000e-02 -9.739370000e-01 -2.581580000e+00
-9.396337232e-01 -1.848356708e-01 2.879645559e-01 8.559667605e+00 -1.576026514e-01 9.807535922e-01 1.152549324e-01 1.578673900e+00 -3.037260000e-01 6.291340000e-02 -9.506800000e-01 -2.573420000e+00
-9.154327696e-01 -1.624937393e-01 3.682104807e-01 8.577889655e+00 -1.365526361e-01 9.860050345e-01 9.563842801e-02 1.581298015e+00 -3.785980000e-01 3.727040000e-02 -9.248100000e-01 -2.579310000e+00
-8.806383864e-01 -1.607421198e-01 4.456873348e-01 8.586377117e+00 -1.166450532e-01 9.852915826e-01 1.248760902e-01 1.584402121e+00 -4.592050000e-01 5.798350000e-02 -8.864360000e-01 -2.582180000e+00
-8.340312872e-01 -1.790586556e-01 5.218526802e-01 8.575701493e+00 -1.237229955e-01 9.824802974e-01 1.393743017e-01 1.569341749e+00 -5.376660000e-01 5.167730000e-02 -8.415730000e-01 -2.560840000e+00
-7.760960287e-01 -1.800799517e-01 6.043559629e-01 8.583246224e+00 -8.707941001e-02 9.797826012e-01 1.801209476e-01 1.571262310e+00 -6.245730000e-01 8.716420000e-02 -7.760870000e-01 -2.539180000e+00
-7.053656104e-01 -1.770650669e-01 6.863724286e-01 8.611548455e+00 -8.898002950e-02 9.827577928e-01 1.620816809e-01 1.574030316e+00 -7.032370000e-01 5.325350000e-02 -7.089590000e-01 -2.528390000e+00
-6.267735402e-01 -1.864900140e-01 7.565551056e-01 8.618134592e+00 -7.577104096e-02 9.809223143e-01 1.790231789e-01 1.560604979e+00 -7.755090000e-01 5.488210000e-02 -6.289470000e-01 -2.526520000e+00
-5.600392642e-01 -1.895426682e-01 8.064927136e-01 8.628205337e+00 -6.762083423e-02 9.806860961e-01 1.835253857e-01 1.566141273e+00 -8.257020000e-01 4.824570000e-02 -5.620400000e-01 -2.513200000e+00
-5.389418631e-01 -1.684790537e-01 8.253223076e-01 8.710153354e+00 -5.684923791e-02 9.848345396e-01 1.639185370e-01 1.594820687e+00 -8.404220000e-01 4.142360000e-02 -5.403460000e-01 -2.561210000e+00
-5.060944753e-01 -1.690565391e-01 8.457470621e-01 8.814922302e+00 -4.011887313e-02 9.841544434e-01 1.727155380e-01 1.620563405e+00 -8.615450000e-01 5.348000000e-02 -5.048570000e-01 -2.622250000e+00
-4.190802169e-01 -1.796529010e-01 8.899984556e-01 8.885680735e+00 -2.858771892e-02 9.823533528e-01 1.848344262e-01 1.625794493e+00 -9.074990000e-01 5.201740000e-02 -4.168210000e-01 -2.653210000e+00
-3.783187350e-01 -1.872328784e-01 9.065426030e-01 8.970271671e+00 -2.607609802e-02 9.810974518e-01 1.917491173e-01 1.638093858e+00 -9.253080000e-01 4.890310000e-02 -3.760500000e-01 -2.677000000e+00
-3.909415024e-01 -1.889388106e-01 9.008141359e-01 9.081840881e+00 -9.274174027e-03 9.794629414e-01 2.014098161e-01 1.655297075e+00 -9.203690000e-01 7.038520000e-02 -3.846650000e-01 -2.718000000e+00
-3.161056422e-01 -1.790949723e-01 9.316665112e-01 9.145199469e+00 -2.479913616e-02 9.832448011e-01 1.805958467e-01 1.689048326e+00 -9.484000000e-01 3.398290000e-02 -3.152510000e-01 -2.744510000e+00
-2.246596050e-01 -1.639759904e-01 9.605410864e-01 9.219950177e+00 1.470016939e-02 9.850568611e-01 1.715993229e-01 1.703919651e+00 -9.743260000e-01 5.267160000e-02 -2.188920000e-01 -2.759620000e+00
-2.232845228e-01 -1.667717466e-01 9.603809130e-01 9.321141136e+00 7.198353431e-03 9.849460682e-01 1.727112474e-01 1.703687709e+00 -9.747270000e-01 4.547690000e-02 -2.187230000e-01 -2.775210000e+00
-2.159453919e-01 -1.906358001e-01 9.576142103e-01 9.372862720e+00 7.865876495e-03 9.803831463e-01 1.969422952e-01 1.707336324e+00 -9.763740000e-01 5.006120000e-02 -2.102100000e-01 -2.792890000e+00
-2.143948538e-01 -1.690948500e-01 9.619985772e-01 9.481380875e+00 6.814239205e-03 9.846176642e-01 1.745892544e-01 1.742084728e+00 -9.767230000e-01 4.398630000e-02 -2.099450000e-01 -2.823900000e+00
-2.263160379e-01 -1.824650324e-01 9.568110943e-01 9.535969902e+00 1.918066107e-02 9.812725889e-01 1.916667358e-01 1.751493523e+00 -9.738650000e-01 6.172950000e-02 -2.185780000e-01 -2.840560000e+00
-1.986048799e-01 -1.827380853e-01 9.628931893e-01 9.595753255e+00 1.266129186e-02 9.819034244e-01 1.889576013e-01 1.757759448e+00 -9.799980000e-01 4.971940000e-02 -1.926980000e-01 -2.866660000e+00
-1.668065635e-01 -1.642082541e-01 9.722195839e-01 9.719701689e+00 -2.801856026e-03 9.861096448e-01 1.660734884e-01 1.801196266e+00 -9.859860000e-01 2.497810000e-02 -1.649500000e-01 -2.887960000e+00
-6.942299679e-02 -1.811504910e-01 9.810021761e-01 9.781417328e+00 3.805548427e-02 9.821777172e-01 1.840608550e-01 1.787627653e+00 -9.968610000e-01 5.011050000e-02 -6.129200000e-02 -2.859100000e+00
3.353377110e-02 -1.754998942e-01 9.839082280e-01 9.884172979e+00 5.536185490e-02 9.832763624e-01 1.735003473e-01 1.813109263e+00 -9.979030000e-01 4.865280000e-02 4.268900000e-02 -2.824010000e+00
1.358098658e-01 -1.715653725e-01 9.757666886e-01 9.962164979e+00 6.929142799e-02 9.841248632e-01 1.633908491e-01 1.824365999e+00 -9.883090000e-01 4.542220000e-02 1.455410000e-01 -2.823110000e+00
2.235171949e-01 -1.744079904e-01 9.589689862e-01 1.003326915e+01 8.023199327e-02 9.838144826e-01 1.602259170e-01 1.836469249e+00 -9.713920000e-01 4.112670000e-02 2.338920000e-01 -2.799610000e+00
3.133033150e-01 -1.938192683e-01 9.296636369e-01 1.010216696e+01 9.889836923e-02 9.802869020e-01 1.710438295e-01 1.829997722e+00 -9.444890000e-01 3.835360000e-02 3.262960000e-01 -2.785050000e+00
3.986368039e-01 -1.967914596e-01 8.957470281e-01 1.018465398e+01 1.146124228e-01 9.797399178e-01 1.642381937e-01 1.852260095e+00 -9.099190000e-01 3.719230000e-02 4.131150000e-01 -2.736010000e+00
5.124303582e-01 -1.745611932e-01 8.407993894e-01 1.026685294e+01 1.258846673e-01 9.838128933e-01 1.275317585e-01 1.880808540e+00 -8.494520000e-01 4.049260000e-02 5.261100000e-01 -2.668140000e+00
6.065654495e-01 -1.786223735e-01 7.747080738e-01 1.032900775e+01 1.372036389e-01 9.833322220e-01 1.192995037e-01 1.879136308e+00 -7.831050000e-01 3.392980000e-02 6.209630000e-01 -2.621700000e+00
6.938133095e-01 -1.712562794e-01 6.994963587e-01 1.039925236e+01 1.460058966e-01 9.845920438e-01 9.623605251e-02 1.886630593e+00 -7.051990000e-01 3.536070000e-02 7.081270000e-01 -2.564510000e+00
7.645726785e-01 -1.812289374e-01 6.185343878e-01 1.044644975e+01 1.638567637e-01 9.827796686e-01 8.540807768e-02 1.893539614e+00 -6.233620000e-01 3.605030000e-02 7.811020000e-01 -2.512420000e+00
8.335694485e-01 -1.701232590e-01 5.255660882e-01 1.048298702e+01 1.625482173e-01 9.848148116e-01 6.097158272e-02 1.900121250e+00 -5.279580000e-01 3.460580000e-02 8.485650000e-01 -2.435590000e+00
8.876984726e-01 -1.751543542e-01 4.258073497e-01 1.052647610e+01 1.708663684e-01 9.840951791e-01 4.859173720e-02 1.888363073e+00 -4.275460000e-01 2.962130000e-02 9.035080000e-01 -2.331510000e+00
9.326354726e-01 -1.743686686e-01 3.158903022e-01 1.053552968e+01 1.748983207e-01 9.842190510e-01 2.690964242e-02 1.892173940e+00 -3.155970000e-01 3.015180000e-02 9.484140000e-01 -2.220000000e+00
9.684806100e-01 -1.593327954e-01 1.914616682e-01 1.056279298e+01 1.627551134e-01 9.866637112e-01 -2.179329371e-03 1.896494115e+00 -1.885610000e-01 3.327200000e-02 9.814980000e-01 -2.118560000e+00
9.768062181e-01 -1.648700698e-01 1.366294532e-01 1.058533784e+01 1.671604940e-01 9.859145056e-01 -5.383140646e-03 1.894220147e+00 -1.338170000e-01 2.809730000e-02 9.906080000e-01 -1.943950000e+00
9.762585461e-01 -1.716569446e-01 1.321070402e-01 1.062602658e+01 1.740078014e-01 9.847239377e-01 -6.374853306e-03 1.897179284e+00 -1.289950000e-01 2.921110000e-02 9.912150000e-01 -1.723220000e+00
9.776921676e-01 -1.714228848e-01 1.213739949e-01 1.066329024e+01 1.737142541e-01 9.847592491e-01 -8.476182816e-03 1.882320570e+00 -1.180720000e-01 2.937150000e-02 9.925710000e-01 -1.445730000e+00
9.788825175e-01 -1.724763553e-01 1.097300179e-01 1.071653708e+01 1.745345488e-01 9.846063796e-01 -9.364196818e-03 1.886465915e+00 -1.064250000e-01 2.831810000e-02 9.939170000e-01 -1.153360000e+00
9.799100885e-01 -1.778748757e-01 9.020387195e-02 1.076943245e+01 1.794250786e-01 9.837274200e-01 -9.312487557e-03 1.873198260e+00 -8.707960000e-02 2.531030000e-02 9.958800000e-01 -9.176820000e-01
9.825262815e-01 -1.677247547e-01 8.068458948e-02 1.079417630e+01 1.690703040e-01 9.855519055e-01 -1.009485656e-02 1.866116036e+00 -7.782580000e-02 2.355990000e-02 9.966890000e-01 -6.425770000e-01
9.830432977e-01 -1.656393991e-01 7.867549567e-02 1.084829496e+01 1.675089507e-01 9.857111450e-01 -1.774328162e-02 1.876914442e+00 -7.461230000e-02 3.062130000e-02 9.967420000e-01 -2.615420000e-01
9.815977845e-01 -1.788707802e-01 6.686457740e-02 1.089218286e+01 1.806544845e-01 9.833090109e-01 -2.160695408e-02 1.874424780e+00 -6.188370000e-02 3.328880000e-02 9.975280000e-01 6.311750000e-02
9.827176377e-01 -1.767883070e-01 5.488718442e-02 1.093830284e+01 1.783060782e-01 9.836809640e-01 -2.407082088e-02 1.866894203e+00 -4.973600000e-02 3.344150000e-02 9.982020000e-01 4.126990000e-01
9.837738273e-01 -1.717579002e-01 5.183975763e-02 1.096619887e+01 1.732096246e-01 9.845701895e-01 -2.491758667e-02 1.869606454e+00 -4.676000000e-02 3.349240000e-02 9.983450000e-01 7.504060000e-01
9.665697742e-01 -1.972108757e-01 1.638614666e-01 1.099359395e+01 1.988147452e-01 9.800135839e-01 6.720079787e-03 1.848855366e+00 -1.619120000e-01 2.608270000e-02 9.864600000e-01 9.222610000e-01
9.374626076e-01 -1.758127233e-01 3.004221546e-01 1.105479683e+01 1.742944444e-01 9.841712276e-01 3.207251451e-02 1.864527916e+00 -3.013050000e-01 2.229510000e-02 9.532670000e-01 1.005840000e+00
8.920650390e-01 -1.782225156e-01 4.152789691e-01 1.111781015e+01 1.738485691e-01 9.835688868e-01 4.866610722e-02 1.863921193e+00 -4.171290000e-01 2.878230000e-02 9.083920000e-01 1.112120000e+00
8.843614841e-01 -1.803279946e-01 4.305642405e-01 1.121801028e+01 1.752958012e-01 9.831562891e-01 5.171287650e-02 1.861778688e+00 -4.326380000e-01 2.974330000e-02 9.010770000e-01 1.293040000e+00
8.882633087e-01 -1.820422426e-01 4.217209712e-01 1.133935334e+01 1.800328443e-01 9.826326770e-01 4.496759512e-02 1.881421536e+00 -4.225820000e-01 3.598050000e-02 9.056100000e-01 1.544370000e+00
8.889576613e-01 -1.869359664e-01 4.181024769e-01 1.143816129e+01 1.825365685e-01 9.818810702e-01 5.090040730e-02 1.884806063e+00 -4.200420000e-01 3.107070000e-02 9.069730000e-01 1.752920000e+00
8.984634989e-01 -1.670769560e-01 4.060160498e-01 1.155718031e+01 1.633689566e-01 9.855814204e-01 4.405458354e-02 1.910136319e+00 -4.075220000e-01 2.674900000e-02 9.128030000e-01 2.016390000e+00
9.459846978e-01 -1.724539036e-01 2.745413731e-01 1.161191978e+01 1.734765466e-01 9.846196737e-01 2.074499936e-02 1.902367132e+00 -2.738970000e-01 2.800210000e-02 9.613510000e-01 2.151820000e+00
9.740385512e-01 -1.809823634e-01 1.359944107e-01 1.159986739e+01 1.835157291e-01 9.829975615e-01 -6.223135149e-03 1.889103794e+00 -1.325560000e-01 3.101870000e-02 9.906900000e-01 2.270750000e+00
9.767247846e-01 -1.711736399e-01 1.292631609e-01 1.166247544e+01 1.735917094e-01 9.847886397e-01 -7.592451311e-03 1.901998536e+00 -1.259970000e-01 2.985480000e-02 9.915810000e-01 2.542840000e+00
9.770452715e-01 -1.614360752e-01 1.389965986e-01 1.170585971e+01 1.644429786e-01 9.863322315e-01 -1.035100857e-02 1.908020769e+00 -1.354260000e-01 3.297040000e-02 9.902390000e-01 2.827700000e+00
9.727212821e-01 -1.872246287e-01 1.369659283e-01 1.173386573e+01 1.893044159e-01 9.819157675e-01 -2.202567144e-03 1.890075673e+00 -1.340770000e-01 2.807070000e-02 9.905730000e-01 3.042190000e+00
9.756425161e-01 -1.754999967e-01 1.316095307e-01 1.176719968e+01 1.781542708e-01 9.839652119e-01 -8.579478478e-03 1.896454205e+00 -1.279930000e-01 3.181730000e-02 9.912650000e-01 3.252320000e+00
9.752922190e-01 -1.768056515e-01 1.324559067e-01 1.182177361e+01 1.792252143e-01 9.837865740e-01 -6.477045377e-03 1.883457619e+00 -1.291630000e-01 3.005650000e-02 9.911680000e-01 3.476690000e+00
9.757430142e-01 -1.715162441e-01 1.360415937e-01 1.184012320e+01 1.742946643e-01 9.846550643e-01 -8.692395452e-03 1.896476269e+00 -1.324640000e-01 3.219290000e-02 9.906650000e-01 3.681330000e+00
9.725538848e-01 -1.844133395e-01 1.418845674e-01 1.187716466e+01 1.876194541e-01 9.821964404e-01 -9.443390746e-03 1.883179831e+00 -1.376170000e-01 3.580450000e-02 9.898380000e-01 3.857070000e+00
9.749983557e-01 -1.828851967e-01 1.262223396e-01 1.193391700e+01 1.849840159e-01 9.827289343e-01 -5.010926409e-03 1.885403664e+00 -1.231250000e-01 2.823470000e-02 9.919890000e-01 4.038890000e+00
9.743210910e-01 -1.867821776e-01 1.257431351e-01 1.194755243e+01 1.878353574e-01 9.821938427e-01 3.535149336e-03 1.874754649e+00 -1.241640000e-01 2.017460000e-02 9.920570000e-01 4.219820000e+00
9.767603605e-01 -1.830477308e-01 1.115011191e-01 1.200718547e+01 1.846257658e-01 9.828007625e-01 -3.906413304e-03 1.878029605e+00 -1.088680000e-01 2.440160000e-02 9.937570000e-01 4.495820000e+00
9.790264808e-01 -1.809743282e-01 9.357298574e-02 1.203611521e+01 1.831874413e-01 9.829552716e-01 -1.555708338e-02 1.882705991e+00 -8.916260000e-02 3.237220000e-02 9.954910000e-01 4.721640000e+00
9.799276700e-01 -1.982410327e-01 2.101853555e-02 1.205765800e+01 1.987380952e-01 9.797337321e-01 -2.501267466e-02 1.875404823e+00 -1.563400000e-02 2.868780000e-02 9.994660000e-01 4.908440000e+00
9.787922625e-01 -1.927911321e-01 -6.925853161e-02 1.201303308e+01 1.883564652e-01 9.798978036e-01 -6.574707666e-02 1.883786408e+00 8.054170000e-02 5.130750000e-02 9.954300000e-01 4.981270000e+00
9.642503208e-01 -1.904141868e-01 -1.842914877e-01 1.199878172e+01 1.825832924e-01 9.814348325e-01 -5.872778708e-02 1.867519492e+00 1.920530000e-01 2.297980000e-02 9.811160000e-01 5.090130000e+00
9.536315398e-01 -1.995895634e-01 -2.252802753e-01 1.198505288e+01 1.915877143e-01 9.798146428e-01 -5.707057689e-02 1.842608017e+00 2.321240000e-01 1.126330000e-02 9.726210000e-01 5.293580000e+00
9.605774667e-01 -1.768415310e-01 -2.145201335e-01 1.195026230e+01 1.737864389e-01 9.842248890e-01 -3.317371441e-02 1.823745978e+00 2.170030000e-01 -5.414780000e-03 9.761560000e-01 5.460440000e+00
9.613715496e-01 -1.511042673e-01 -2.300695245e-01 1.193353515e+01 1.408629796e-01 9.881845792e-01 -6.040450307e-02 1.828436253e+00 2.364790000e-01 2.566290000e-02 9.712980000e-01 5.546840000e+00
9.550369205e-01 -1.883056388e-01 -2.290075341e-01 1.189709775e+01 1.746268116e-01 9.814771729e-01 -7.878591516e-02 1.832514901e+00 2.396020000e-01 3.525260000e-02 9.702310000e-01 5.644620000e+00
9.372940112e-01 -1.697374459e-01 -3.044165200e-01 1.193054536e+01 1.571722929e-01 9.853959310e-01 -6.550916049e-02 1.850876845e+00 3.110900000e-01 1.355550000e-02 9.502840000e-01 5.715530000e+00
9.153740564e-01 -1.768666926e-01 -3.616755129e-01 1.193237801e+01 1.558623461e-01 9.839657639e-01 -8.670376822e-02 1.821658775e+00 3.712120000e-01 2.299480000e-02 9.282630000e-01 5.744330000e+00
8.810684885e-01 -1.729073887e-01 -4.402514709e-01 1.188244016e+01 1.465433949e-01 9.847763768e-01 -9.349271666e-02 1.810582326e+00 4.497150000e-01 1.785750000e-02 8.929940000e-01 5.795990000e+00
8.496037759e-01 -1.770157521e-01 -4.968284828e-01 1.181406736e+01 1.314541868e-01 9.833385238e-01 -1.255609381e-01 1.785667036e+00 5.107760000e-01 4.136690000e-02 8.587180000e-01 5.858050000e+00
7.883345426e-01 -1.612853590e-01 -5.937304628e-01 1.175508214e+01 1.182222833e-01 9.867546641e-01 -1.110781370e-01 1.782098377e+00 6.037820000e-01 1.737450000e-02 7.969600000e-01 5.924390000e+00
7.475436214e-01 -1.752470500e-01 -6.406770789e-01 1.174556892e+01 1.061318648e-01 9.836880694e-01 -1.452372731e-01 1.790750974e+00 6.556780000e-01 4.057500000e-02 7.539490000e-01 5.954410000e+00
6.800922794e-01 -1.767685414e-01 -7.114965036e-01 1.174686118e+01 1.211601771e-01 9.842514316e-01 -1.287210529e-01 1.791607481e+00 7.230450000e-01 1.337130000e-03 6.907990000e-01 5.970800000e+00
6.182813468e-01 -1.701117511e-01 -7.673268890e-01 1.170925354e+01 6.077689267e-02 9.837205283e-01 -1.691134818e-01 1.779058659e+00 7.836040000e-01 5.792400000e-02 6.185550000e-01 5.968290000e+00
5.644198932e-01 -1.658014312e-01 -8.086659099e-01 1.167987502e+01 6.169838655e-02 9.853547772e-01 -1.589647785e-01 1.768305527e+00 8.231790000e-01 3.982950000e-02 5.663830000e-01 5.954370000e+00
4.781481746e-01 -1.720057012e-01 -8.612720965e-01 1.167556989e+01 6.463895493e-02 9.848672550e-01 -1.608040311e-01 1.771588002e+00 8.758980000e-01 2.121640000e-02 4.820300000e-01 5.875830000e+00
3.685434037e-01 -1.710361070e-01 -9.137412852e-01 1.169110876e+01 3.181353844e-02 9.846738629e-01 -1.714819634e-01 1.791585393e+00 9.290660000e-01 3.412920000e-02 3.683360000e-01 5.862680000e+00
2.830977710e-01 -1.745447555e-01 -9.430748148e-01 1.168928219e+01 4.737377616e-03 9.835425138e-01 -1.806126934e-01 1.780282556e+00 9.590790000e-01 4.666340000e-02 2.792660000e-01 5.873110000e+00
1.916807064e-01 -1.736654058e-01 -9.659700352e-01 1.165492754e+01 7.687908222e-04 9.842463542e-01 -1.767986165e-01 1.776109266e+00 9.814570000e-01 3.314620000e-02 1.887950000e-01 5.861590000e+00
1.938127352e-01 -1.627559414e-01 -9.674439369e-01 1.152809493e+01 3.412054203e-03 9.862485385e-01 -1.652359524e-01 1.739670439e+00 9.810330000e-01 2.872390000e-02 1.917030000e-01 5.883880000e+00
1.858412294e-01 -1.621282109e-01 -9.691114713e-01 1.150929024e+01 -8.290574907e-03 9.859994514e-01 -1.665431948e-01 1.738373099e+00 9.825450000e-01 3.898510000e-02 1.818950000e-01 5.910910000e+00
1.923723674e-01 -1.651757726e-01 -9.673210822e-01 1.150901929e+01 -2.345256074e-02 9.846771280e-01 -1.728034574e-01 1.749509915e+00 9.810420000e-01 5.592880000e-02 1.855510000e-01 5.916650000e+00
1.892868926e-01 -1.576195742e-01 -9.691889069e-01 1.151529753e+01 -2.766562718e-02 9.857841976e-01 -1.657218145e-01 1.731644984e+00 9.815320000e-01 5.818220000e-02 1.822360000e-01 5.907250000e+00
1.851980147e-01 -1.647759760e-01 -9.687879064e-01 1.135084647e+01 -1.449860899e-02 9.852763973e-01 -1.703519834e-01 1.709718761e+00 9.825940000e-01 4.559500000e-02 1.800820000e-01 5.929710000e+00
1.852179684e-01 -1.660213288e-01 -9.685712681e-01 1.120625929e+01 -1.748657215e-02 9.849124040e-01 -1.721662551e-01 1.678802423e+00 9.825420000e-01 4.882530000e-02 1.795200000e-01 5.947280000e+00
1.787580006e-01 -1.635766646e-01 -9.701996556e-01 1.101799302e+01 -1.611174380e-02 9.854641511e-01 -1.691185913e-01 1.648907721e+00 9.837610000e-01 4.586300000e-02 1.735240000e-01 6.012070000e+00
1.869203475e-01 -1.622599081e-01 -9.688825020e-01 1.088919225e+01 -2.340502210e-02 9.852494328e-01 -1.695164788e-01 1.630567282e+00 9.820960000e-01 5.436280000e-02 1.803660000e-01 6.033910000e+00
1.778982689e-01 -1.671032367e-01 -9.697572055e-01 1.073298543e+01 -3.304039052e-02 9.839070356e-01 -1.756024945e-01 1.596837774e+00 9.834940000e-01 6.328050000e-02 1.695140000e-01 6.076980000e+00
1.688633971e-01 -1.562273585e-01 -9.731791557e-01 1.058585364e+01 -2.296455195e-02 9.864670488e-01 -1.623451619e-01 1.573159635e+00 9.853720000e-01 4.976280000e-02 1.629900000e-01 6.087200000e+00
1.717600627e-01 -1.605626355e-01 -9.719660024e-01 1.040748755e+01 -1.853895528e-02 9.859271904e-01 -1.661448914e-01 1.530471466e+00 9.849640000e-01 4.655630000e-02 1.663660000e-01 6.151990000e+00
1.672780208e-01 -1.495071460e-01 -9.745077674e-01 1.030729079e+01 -1.757045083e-02 9.878259065e-01 -1.545664430e-01 1.519807740e+00 9.857530000e-01 4.297810000e-02 1.626140000e-01 6.157830000e+00
1.713901464e-01 -1.541091139e-01 -9.730758579e-01 1.015613437e+01 -2.972207770e-02 9.864319835e-01 -1.614593897e-01 1.487497959e+00 9.847550000e-01 5.659430000e-02 1.644840000e-01 6.197580000e+00
1.534039623e-01 -1.614811072e-01 -9.748796646e-01 9.998645052e+00 -1.645685270e-02 9.860026058e-01 -1.659131746e-01 1.464915728e+00 9.880270000e-01 4.149520000e-02 1.485990000e-01 6.245680000e+00
1.510057850e-01 -1.448370325e-01 -9.778644651e-01 9.858283573e+00 -1.855688125e-02 9.886184331e-01 -1.492953995e-01 1.441998544e+00 9.883590000e-01 4.069060000e-02 1.466000000e-01 6.275990000e+00
1.473289132e-01 -1.559356942e-01 -9.767183639e-01 9.700007011e+00 -3.356054706e-02 9.861378397e-01 -1.625018021e-01 1.404285993e+00 9.885180000e-01 5.672040000e-02 1.400540000e-01 6.311050000e+00
1.529833018e-01 -1.575601432e-01 -9.755879561e-01 9.598240318e+00 -9.515422156e-03 9.869279632e-01 -1.608836986e-01 1.405015015e+00 9.881830000e-01 3.389560000e-02 1.494840000e-01 6.332570000e+00
1.363927359e-01 -1.485108128e-01 -9.794602866e-01 9.483930813e+00 -4.519123434e-02 9.867373602e-01 -1.559074017e-01 1.354172223e+00 9.896240000e-01 6.552760000e-02 1.278730000e-01 6.345290000e+00
3.765433456e-02 -1.539185659e-01 -9.873655770e-01 9.419653827e+00 -4.646493442e-02 9.867277630e-01 -1.555912478e-01 1.350596728e+00 9.982100000e-01 5.173650000e-02 3.000270000e-02 6.337480000e+00
-1.599870771e-03 -1.476946866e-01 -9.890319524e-01 9.353142204e+00 -3.931240923e-02 9.882776321e-01 -1.475185423e-01 1.333900408e+00 9.992260000e-01 3.864530000e-02 -7.387350000e-03 6.303020000e+00
5.057808034e-03 -1.600879187e-01 -9.870894522e-01 9.164140889e+00 -4.472078810e-02 9.860785466e-01 -1.601530197e-01 1.332821338e+00 9.989870000e-01 4.495350000e-02 -2.171860000e-03 6.341000000e+00
1.279815397e-03 -1.534182482e-01 -9.881609614e-01 9.098166886e+00 -3.410501346e-02 9.875797051e-01 -1.533723413e-01 1.314333584e+00 9.994170000e-01 3.389750000e-02 -3.968410000e-03 6.308950000e+00
-8.988367423e-03 -1.518968434e-01 -9.883559679e-01 8.934012101e+00 -5.291204329e-02 9.870829948e-01 -1.512201564e-01 1.278393918e+00 9.985590000e-01 5.093670000e-02 -1.690940000e-02 6.334840000e+00
-2.521147933e-02 -1.498487351e-01 -9.883874279e-01 8.778534965e+00 -5.277385018e-02 9.875227847e-01 -1.483714411e-01 1.247274822e+00 9.982880000e-01 4.842040000e-02 -3.280500000e-02 6.302120000e+00
-2.761531145e-02 -1.713912629e-01 -9.848159523e-01 8.659757377e+00 -4.600348776e-02 9.843657813e-01 -1.700229199e-01 1.231467406e+00 9.985600000e-01 4.060970000e-02 -3.506810000e-02 6.317640000e+00
-6.057505093e-03 -1.449115543e-01 -9.894265275e-01 8.523939901e+00 -5.117047564e-02 9.881926970e-01 -1.444177478e-01 1.189314348e+00 9.986720000e-01 4.975460000e-02 -1.340120000e-02 6.298580000e+00
9.725965116e-02 -1.645238143e-01 -9.815660627e-01 8.408730287e+00 -3.334781183e-02 9.851496429e-01 -1.684286960e-01 1.199978075e+00 9.947000000e-01 4.911440000e-02 9.032880000e-02 6.329840000e+00
1.091956117e-01 -1.583636440e-01 -9.813243413e-01 8.310498265e+00 -4.284688178e-02 9.855601881e-01 -1.638149852e-01 1.169819767e+00 9.930960000e-01 5.993460000e-02 1.008340000e-01 6.359510000e+00
9.850476316e-02 -1.439023985e-01 -9.846767884e-01 8.130917683e+00 -3.636453896e-02 9.883079514e-01 -1.480708057e-01 1.128994944e+00 9.944720000e-01 5.039300000e-02 9.212010000e-02 6.323720000e+00
1.037892061e-01 -1.670370385e-01 -9.804727893e-01 8.017767917e+00 -4.313708524e-02 9.841134138e-01 -1.722235581e-01 1.127022926e+00 9.936630000e-01 6.016970000e-02 9.493480000e-02 6.377100000e+00
8.550591162e-02 -1.625894820e-01 -9.829815072e-01 7.898898218e+00 -3.684257078e-03 9.865368516e-01 -1.634978820e-01 1.098441401e+00 9.963310000e-01 1.760160000e-02 8.375570000e-02 6.395550000e+00
8.641794134e-02 -1.824958978e-01 -9.794017998e-01 7.775204929e+00 -2.722438919e-02 9.822792735e-01 -1.854344827e-01 1.078562854e+00 9.958870000e-01 4.268850000e-02 7.991830000e-02 6.407730000e+00
8.017527649e-02 -1.599207691e-01 -9.838680729e-01 7.714872604e+00 -2.972437076e-02 9.862235286e-01 -1.627257313e-01 1.076227590e+00 9.963370000e-01 4.229150000e-02 7.431720000e-02 6.427660000e+00
7.832203912e-02 -1.511327033e-01 -9.854061792e-01 7.567489654e+00 -3.524949138e-02 9.874037950e-01 -1.542410785e-01 1.045935581e+00 9.963050000e-01 4.681550000e-02 7.200820000e-02 6.460550000e+00
1.619839055e-01 -1.617751901e-01 -9.734422132e-01 7.580418123e+00 -1.369048917e-02 9.860072402e-01 -1.661413310e-01 1.045512004e+00 9.866980000e-01 4.023910000e-02 1.575030000e-01 6.420910000e+00
2.495227152e-01 -1.780295051e-01 -9.518632366e-01 7.575689538e+00 1.141630239e-02 9.834276587e-01 -1.809404149e-01 1.046729674e+00 9.683020000e-01 3.428200000e-02 2.474200000e-01 6.451220000e+00
3.459217256e-01 -1.659114965e-01 -9.234783134e-01 7.601747109e+00 1.570229270e-02 9.851280187e-01 -1.711055481e-01 1.051573378e+00 9.381320000e-01 4.468840000e-02 3.433820000e-01 6.490630000e+00
4.379615522e-01 -1.697388598e-01 -8.828234911e-01 7.619463795e+00 4.064456292e-02 9.847482785e-01 -1.691720068e-01 1.056472296e+00 8.980740000e-01 3.820890000e-02 4.381810000e-01 6.482400000e+00
5.001182355e-01 -1.533177663e-01 -8.522763006e-01 7.599357191e+00 4.824781851e-02 9.876061178e-01 -1.493505475e-01 1.046716744e+00 8.646120000e-01 3.357250000e-02 5.013170000e-01 6.517970000e+00
5.952005351e-01 -1.854783525e-01 -7.818787760e-01 7.605479338e+00 7.122897841e-02 9.813449847e-01 -1.785733908e-01 1.031369520e+00 8.004140000e-01 5.059460000e-02 5.973090000e-01 6.495750000e+00
6.722574466e-01 -1.697778926e-01 -7.205865894e-01 7.644222814e+00 8.575785284e-02 9.846548510e-01 -1.519888354e-01 1.047366040e+00 7.353340000e-01 4.037970000e-02 6.765010000e-01 6.501770000e+00
7.344946674e-01 -1.954803172e-01 -6.498500115e-01 7.656695968e+00 1.156970011e-01 9.796647999e-01 -1.639244795e-01 1.047019009e+00 6.686790000e-01 4.521590000e-02 7.421750000e-01 6.521260000e+00
8.088349819e-01 -1.617294589e-01 -5.653582714e-01 7.637014503e+00 1.149189324e-01 9.863702975e-01 -1.177569100e-01 1.045849781e+00 5.766980000e-01 3.027550000e-02 8.163960000e-01 6.539940000e+00
8.461366115e-01 -1.616065468e-01 -5.078740327e-01 7.658095066e+00 1.192369966e-01 9.861665757e-01 -1.151467652e-01 1.057208456e+00 5.194560000e-01 3.687250000e-02 8.537010000e-01 6.538600000e+00
8.918035320e-01 -1.723167002e-01 -4.183222997e-01 7.673688365e+00 1.390437386e-01 9.842664748e-01 -1.090211548e-01 1.050902922e+00 4.305270000e-01 3.906030000e-02 9.017320000e-01 6.549840000e+00
9.360030104e-01 -1.705207043e-01 -3.079307966e-01 7.745320866e+00 1.539421120e-01 9.850320089e-01 -7.754425037e-02 1.064972765e+00 3.165450000e-01 2.517810000e-02 9.482430000e-01 6.534570000e+00
9.566511588e-01 -1.739113295e-01 -2.336081208e-01 7.739727948e+00 1.633486441e-01 9.844911633e-01 -6.398123592e-02 1.060620926e+00 2.411120000e-01 2.304820000e-02 9.702230000e-01 6.559210000e+00
9.603429713e-01 -1.838746409e-01 -2.095997044e-01 7.679144352e+00 1.713943829e-01 9.822366993e-01 -7.638878433e-02 1.040239259e+00 2.199220000e-01 3.743520000e-02 9.747990000e-01 6.660200000e+00
9.613183080e-01 -1.716442286e-01 -2.154181357e-01 7.686978586e+00 1.630529096e-01 9.849590712e-01 -5.717617591e-02 1.034656320e+00 2.219920000e-01 1.984000000e-02 9.748470000e-01 6.753410000e+00
9.763898715e-01 -1.643250265e-01 -1.402134280e-01 7.697978287e+00 1.595633654e-01 9.861778811e-01 -4.463039269e-02 1.038064319e+00 1.456090000e-01 2.120380000e-02 9.891150000e-01 6.869450000e+00
9.831703794e-01 -1.810582498e-01 -2.435637783e-02 7.688962874e+00 1.802431332e-01 9.830908046e-01 -3.231235308e-02 1.039666261e+00 2.979500000e-02 2.737850000e-02 9.991810000e-01 6.968570000e+00
9.811496172e-01 -1.858588972e-01 5.293387380e-02 7.686935908e+00 1.866459761e-01 9.823736476e-01 -1.029299301e-02 1.011024536e+00 -5.008780000e-02 1.997890000e-02 9.985450000e-01 6.981010000e+00
9.727081461e-01 -1.845114110e-01 1.406909637e-01 7.743628777e+00 1.865988066e-01 9.824350075e-01 -1.676478125e-03 1.037243286e+00 -1.379100000e-01 2.788350000e-02 9.900520000e-01 7.005410000e+00
9.692821693e-01 -1.779918462e-01 1.697381811e-01 7.803157572e+00 1.812715901e-01 9.834249345e-01 -3.897679700e-03 1.044943861e+00 -1.662310000e-01 3.454670000e-02 9.854820000e-01 7.170030000e+00
9.541977283e-01 -1.883009450e-01 2.324860945e-01 7.822602763e+00 1.929899150e-01 9.811970426e-01 2.623751279e-03 1.045856864e+00 -2.286090000e-01 4.236390000e-02 9.725960000e-01 7.245910000e+00
9.405481685e-01 -1.789868167e-01 2.886727503e-01 7.889715182e+00 1.850615292e-01 9.827066691e-01 6.346359787e-03 1.056269766e+00 -2.848170000e-01 4.745320000e-02 9.574070000e-01 7.360730000e+00
9.122553118e-01 -1.838427180e-01 3.660487868e-01 7.947064167e+00 1.844432640e-01 9.822664914e-01 3.366530649e-02 1.055364032e+00 -3.657470000e-01 3.680380000e-02 9.299860000e-01 7.480510000e+00
8.661148193e-01 -1.747183155e-01 4.683149762e-01 8.007071764e+00 1.689105427e-01 9.841087154e-01 5.476240415e-02 1.064811335e+00 -4.704410000e-01 3.167280000e-02 8.818630000e-01 7.570420000e+00
8.007750213e-01 -1.845446490e-01 5.698264830e-01 8.066629329e+00 1.713515356e-01 9.821737235e-01 7.728804439e-02 1.070392240e+00 -5.739320000e-01 3.575030000e-02 8.181220000e-01 7.643400000e+00
7.304040572e-01 -1.833886989e-01 6.579345912e-01 8.131282317e+00 1.574452676e-01 9.825441920e-01 9.908112380e-02 1.079206786e+00 -6.646210000e-01 3.121950000e-02 7.465280000e-01 7.702270000e+00
6.410584129e-01 -1.880497289e-01 7.440979487e-01 8.235696583e+00 1.520295516e-01 9.814206461e-01 1.170491762e-01 1.100696784e+00 -7.522840000e-01 3.808950000e-02 6.577370000e-01 7.767890000e+00
5.417771054e-01 -1.812298390e-01 8.207520309e-01 8.282184144e+00 1.312794323e-01 9.827391378e-01 1.303410901e-01 1.113022422e+00 -8.302070000e-01 3.713200000e-02 5.562170000e-01 7.800220000e+00
4.438693692e-01 -1.879668347e-01 8.761558234e-01 8.360353487e+00 1.268776344e-01 9.810849742e-01 1.462004932e-01 1.116499007e+00 -8.870640000e-01 4.627060000e-02 4.593230000e-01 7.830600000e+00
3.443488195e-01 -1.745582913e-01 9.224713545e-01 8.482783049e+00 9.943695910e-02 9.838173463e-01 1.490479631e-01 1.150872533e+00 -9.335610000e-01 4.040320000e-02 3.561340000e-01 7.850600000e+00
2.981808449e-01 -1.777706966e-01 9.378086079e-01 8.613715891e+00 1.041092973e-01 9.826988411e-01 1.531779559e-01 1.165443342e+00 -9.488150000e-01 5.195990000e-02 3.115300000e-01 7.880650000e+00
2.109012196e-01 -1.817847028e-01 9.604555770e-01 8.695714363e+00 9.280341972e-02 9.818410550e-01 1.654541494e-01 1.183257900e+00 -9.730920000e-01 5.423910000e-02 2.239420000e-01 7.884980000e+00
1.500323395e-01 -1.771563005e-01 9.726794779e-01 8.797509900e+00 7.129576053e-02 9.831932850e-01 1.680738817e-01 1.211157908e+00 -9.861070000e-01 4.413150000e-02 1.601410000e-01 7.879630000e+00
1.405669600e-01 -1.800534556e-01 9.735614866e-01 8.946362779e+00 6.149623225e-02 9.830135263e-01 1.729225972e-01 1.219539990e+00 -9.881590000e-01 3.556320000e-02 1.492520000e-01 7.889050000e+00
1.378397864e-01 -1.839347513e-01 9.732255513e-01 9.140152456e+00 6.859766166e-02 9.820180562e-01 1.758809701e-01 1.266560727e+00 -9.880760000e-01 4.251750000e-02 1.479790000e-01 7.915270000e+00
1.243075514e-01 -1.807385665e-01 9.756445203e-01 9.427380649e+00 5.884310056e-02 9.828827481e-01 1.745823614e-01 1.309054554e+00 -9.904970000e-01 3.570800000e-02 1.328150000e-01 7.946750000e+00
7.848167630e-02 -1.771678784e-01 9.810468269e-01 9.660712451e+00 6.495283470e-02 9.828997296e-01 1.723065188e-01 1.341743776e+00 -9.947970000e-01 5.019890000e-02 8.864720000e-02 7.946690000e+00
-2.614538424e-02 -1.827335474e-01 9.828152090e-01 9.847885889e+00 3.543376807e-02 9.823636492e-01 1.835923923e-01 1.373072578e+00 -9.990300000e-01 3.962490000e-02 -1.920930000e-02 7.938180000e+00
-8.148382747e-02 -1.818968269e-01 9.799353979e-01 1.002309470e+01 3.751473055e-02 9.819483350e-01 1.853898777e-01 1.411612212e+00 -9.959680000e-01 5.186830000e-02 -7.318910000e-02 7.905170000e+00
-9.451689299e-02 -1.815327353e-01 9.788326038e-01 1.035082484e+01 2.832973615e-02 9.823455633e-01 1.849198020e-01 1.465834927e+00 -9.951200000e-01 4.520810000e-02 -8.770540000e-02 7.866330000e+00
-9.318229481e-02 -1.787120987e-01 9.794789349e-01 1.068434806e+01 2.842986750e-02 9.828800819e-01 1.820373950e-01 1.529038520e+00 -9.952430000e-01 4.480920000e-02 -8.650630000e-02 7.819860000e+00
-9.009050504e-02 -1.818430158e-01 9.791918207e-01 1.098807394e+01 1.649532347e-02 9.827822216e-01 1.840275955e-01 1.578752368e+00 -9.957970000e-01 3.273120000e-02 -8.553990000e-02 7.779630000e+00
-9.228350369e-02 -1.792865612e-01 9.794590205e-01 1.123562453e+01 2.861780491e-02 9.827731223e-01 1.825892899e-01 1.625735967e+00 -9.953210000e-01 4.488000000e-02 -8.556300000e-02 7.755560000e+00
-1.022757225e-01 -1.800736176e-01 9.783215731e-01 1.155342459e+01 2.124547422e-02 9.828591488e-01 1.831298043e-01 1.678759542e+00 -9.945290000e-01 3.951470000e-02 -9.669690000e-02 7.720700000e+00
-1.064512904e-01 -1.845826937e-01 9.770346866e-01 1.179590266e+01 3.196055315e-02 9.814754079e-01 1.889037223e-01 1.718797839e+00 -9.938040000e-01 5.133560000e-02 -9.857950000e-02 7.684750000e+00
-1.597275521e-01 -1.869107849e-01 9.693042736e-01 1.209903108e+01 2.582776070e-02 9.807836814e-01 1.933803582e-01 1.773422356e+00 -9.868230000e-01 5.592310000e-02 -1.518310000e-01 7.625300000e+00
-1.801182720e-01 -1.794687505e-01 9.671344749e-01 1.235915869e+01 1.831828160e-02 9.824320686e-01 1.857191761e-01 1.817908421e+00 -9.834740000e-01 5.116760000e-02 -1.736660000e-01 7.555090000e+00
-1.910627600e-01 -1.749151492e-01 9.658677396e-01 1.275644783e+01 1.720643697e-02 9.832464057e-01 1.814662210e-01 1.887996517e+00 -9.814270000e-01 5.129060000e-02 -1.848520000e-01 7.452020000e+00
-1.901218081e-01 -1.743790720e-01 9.661499214e-01 1.312451492e+01 2.365044873e-02 9.830004434e-01 1.820743161e-01 1.966825659e+00 -9.814760000e-01 5.746620000e-02 -1.827660000e-01 7.363610000e+00
-1.920139740e-01 -1.706953460e-01 9.664336967e-01 1.336027219e+01 9.613128170e-03 9.843829490e-01 1.757757152e-01 2.018608482e+00 -9.813450000e-01 4.304180000e-02 -1.873740000e-01 7.300730000e+00
-2.078484021e-01 -1.749859316e-01 9.623818091e-01 1.357350198e+01 -1.914992267e-03 9.839393430e-01 1.784921091e-01 2.062601138e+00 -9.781590000e-01 3.525630000e-02 -2.048450000e-01 7.235990000e+00
-2.180439747e-01 -1.700826916e-01 9.610041313e-01 1.376726172e+01 -2.880923243e-03 9.848044206e-01 1.736414759e-01 2.082278805e+00 -9.759350000e-01 3.509290000e-02 -2.152200000e-01 7.188940000e+00
-1.934516828e-01 -1.755559102e-01 9.652758575e-01 1.401681225e+01 2.157466325e-02 9.828613390e-01 1.830781358e-01 2.138636232e+00 -9.808730000e-01 5.624230000e-02 -1.863480000e-01 7.113990000e+00
-1.299369394e-01 -1.814269496e-01 9.747828052e-01 1.420232850e+01 2.041100002e-02 9.824191933e-01 1.855691937e-01 2.157329268e+00 -9.913120000e-01 4.400860000e-02 -1.239500000e-01 7.107570000e+00
-1.425508662e-01 -1.792514486e-01 9.734211403e-01 1.442967794e+01 2.945991557e-02 9.822599533e-01 1.851935052e-01 2.205022074e+00 -9.893490000e-01 5.507640000e-02 -1.347410000e-01 7.084850000e+00
-1.403896319e-01 -1.705594864e-01 9.752950640e-01 1.468980097e+01 2.780031654e-02 9.839830961e-01 1.760805809e-01 2.248830239e+00 -9.897060000e-01 5.183340000e-02 -1.333990000e-01 7.047600000e+00
-1.463820696e-01 -1.818712366e-01 9.723653921e-01 1.499448761e+01 1.939028153e-02 9.822378231e-01 1.866367189e-01 2.291789241e+00 -9.890380000e-01 4.617470000e-02 -1.402560000e-01 6.970240000e+00
-1.371835099e-01 -1.744830650e-01 9.750567486e-01 1.525065584e+01 1.416431858e-02 9.839169317e-01 1.780614602e-01 2.344938583e+00 -9.904440000e-01 3.823810000e-02 -1.325060000e-01 6.937370000e+00
-1.310667794e-01 -1.758374232e-01 9.756553338e-01 1.547991375e+01 1.807876062e-02 9.835566253e-01 1.796903820e-01 2.387735348e+00 -9.912090000e-01 4.119010000e-02 -1.257330000e-01 6.876640000e+00
-1.448858510e-01 -1.711008434e-01 9.745418985e-01 1.565714382e+01 3.183689584e-02 9.836192384e-01 1.774274432e-01 2.415685796e+00 -9.889360000e-01 5.673320000e-02 -1.370650000e-01 6.849210000e+00
-1.518385846e-01 -1.661426164e-01 9.743416353e-01 1.587459675e+01 3.136432653e-02 9.844648652e-01 1.727566011e-01 2.464784013e+00 -9.879080000e-01 5.679070000e-02 -1.442690000e-01 6.820460000e+00
-1.595595358e-01 -1.687532500e-01 9.726575074e-01 1.609392483e+01 2.155736871e-02 9.844500975e-01 1.743355813e-01 2.492887080e+00 -9.869530000e-01 4.878490000e-02 -1.534410000e-01 6.766270000e+00
-1.581642229e-01 -1.727536095e-01 9.721831281e-01 1.630772030e+01 1.578099441e-02 9.840083790e-01 1.774222372e-01 2.535032992e+00 -9.872870000e-01 4.340380000e-02 -1.529090000e-01 6.727290000e+00
-1.619630344e-01 -1.692037272e-01 9.721823796e-01 1.651511800e+01 1.243592733e-02 9.847617684e-01 1.734648997e-01 2.575290171e+00 -9.867180000e-01 4.018480000e-02 -1.573910000e-01 6.685290000e+00
-1.542576217e-01 -1.728177374e-01 9.727989094e-01 1.668596421e+01 3.769122906e-02 9.828386936e-01 1.805777924e-01 2.609775784e+00 -9.873110000e-01 6.452150000e-02 -1.450970000e-01 6.647250000e+00
-1.604128704e-01 -1.864452879e-01 9.692807261e-01 1.689968903e+01 4.348540263e-02 9.797095280e-01 1.956479372e-01 2.643896783e+00 -9.860920000e-01 7.353400000e-02 -1.490510000e-01 6.598690000e+00
-1.711417294e-01 -1.819703577e-01 9.682957668e-01 1.711267504e+01 3.923131185e-02 9.807581210e-01 1.912460771e-01 2.676820819e+00 -9.844650000e-01 7.071770000e-02 -1.607090000e-01 6.547350000e+00
-1.718280051e-01 -1.603395561e-01 9.719908557e-01 1.736312217e+01 1.471316655e-02 9.861377013e-01 1.652742155e-01 2.738946984e+00 -9.850170000e-01 4.269980000e-02 -1.670870000e-01 6.481820000e+00
-1.330728410e-01 -1.736843731e-01 9.757693775e-01 1.752117306e+01 4.352371507e-02 9.825517981e-01 1.808272695e-01 2.756160700e+00 -9.901500000e-01 6.653230000e-02 -1.231920000e-01 6.460030000e+00
1.561778652e-02 -1.614030213e-01 9.867649686e-01 1.763024105e+01 4.114239941e-02 9.861531011e-01 1.606518980e-01 2.781859355e+00 -9.990310000e-01 3.808890000e-02 2.204210000e-02 6.464380000e+00
1.611884525e-01 -1.748413902e-01 9.713129449e-01 1.773126291e+01 8.896448326e-02 9.827498443e-01 1.621364891e-01 2.789562670e+00 -9.829060000e-01 6.027790000e-02 1.739630000e-01 6.507740000e+00
2.536387476e-01 -1.779795449e-01 9.507838310e-01 1.787409044e+01 9.051194124e-02 9.829812457e-01 1.598608736e-01 2.801604146e+00 -9.630550000e-01 4.551040000e-02 2.654310000e-01 6.604890000e+00
1.601446125e-01 -1.768361285e-01 9.711240596e-01 1.800216528e+01 7.920312811e-02 9.829519660e-01 1.659286774e-01 2.829309275e+00 -9.839110000e-01 5.034350000e-02 1.714200000e-01 6.662620000e+00
7.632125611e-02 -1.657735880e-01 9.832059139e-01 1.803662728e+01 5.555900868e-02 9.852577309e-01 1.618065291e-01 2.846930683e+00 -9.955340000e-01 4.227670000e-02 8.440630000e-02 6.655550000e+00
5.155979655e-02 -1.611223569e-01 9.855870531e-01 1.820761710e+01 4.247198035e-02 9.863606918e-01 1.590269363e-01 2.888928371e+00 -9.977660000e-01 3.366040000e-02 5.769970000e-02 6.642790000e+00
5.805986779e-02 -1.632784166e-01 9.848701765e-01 1.843042615e+01 4.880076034e-02 9.858186821e-01 1.605589537e-01 2.923804102e+00 -9.971200000e-01 3.874040000e-02 6.520460000e-02 6.634400000e+00
7.040998100e-02 -1.748512308e-01 9.820745088e-01 1.860124895e+01 6.740827254e-02 9.831009572e-01 1.702013570e-01 2.954903678e+00 -9.952380000e-01 5.421610000e-02 8.100650000e-02 6.632680000e+00
1.806868324e-01 -1.651509210e-01 9.695757455e-01 1.874431123e+01 6.917923308e-02 9.854937647e-01 1.549703570e-01 2.976656982e+00 -9.811050000e-01 3.907340000e-02 1.894910000e-01 6.652240000e+00
3.114686085e-01 -1.696662157e-01 9.349867872e-01 1.884633367e+01 8.967662378e-02 9.847879027e-01 1.488297699e-01 2.982296632e+00 -9.460160000e-01 3.749070000e-02 3.219450000e-01 6.699120000e+00
4.501360580e-01 -1.690460928e-01 8.768125408e-01 1.894493006e+01 1.152721477e-01 9.847023742e-01 1.306684236e-01 3.004212016e+00 -8.854880000e-01 4.225350000e-02 4.627360000e-01 6.750190000e+00
4.985768750e-01 -1.758110965e-01 8.488299130e-01 1.909259852e+01 1.218328934e-01 9.837088494e-01 1.321867131e-01 3.008493855e+00 -8.582410000e-01 3.751020000e-02 5.118740000e-01 6.859270000e+00
4.242815749e-01 -1.712668418e-01 8.891866158e-01 1.919331353e+01 1.109037789e-01 9.843865084e-01 1.366849294e-01 3.049600805e+00 -8.987130000e-01 4.062130000e-02 4.366510000e-01 6.895350000e+00
3.748573123e-01 -1.778588538e-01 9.098614127e-01 1.936125136e+01 1.196441124e-01 9.824984301e-01 1.427652710e-01 3.044882228e+00 -9.193300000e-01 5.534300000e-02 3.895770000e-01 6.962010000e+00
3.607058216e-01 -1.820542579e-01 9.147388710e-01 1.963188553e+01 1.156778259e-01 9.819239229e-01 1.498109030e-01 3.100717376e+00 -9.254780000e-01 5.177730000e-02 3.752450000e-01 7.073050000e+00
3.447236342e-01 -1.765282319e-01 9.219563621e-01 1.983980983e+01 1.059981166e-01 9.831967621e-01 1.486208881e-01 3.133721437e+00 -9.327000000e-01 4.649250000e-02 3.576430000e-01 7.153170000e+00
3.270063686e-01 -1.723953127e-01 9.291643660e-01 2.006157768e+01 1.003576275e-01 9.839946967e-01 1.472490252e-01 3.175917492e+00 -9.396780000e-01 4.509740000e-02 3.390730000e-01 7.245400000e+00
3.326749873e-01 -1.750209664e-01 9.266579787e-01 2.015670106e+01 1.044044874e-01 9.834222571e-01 1.482603615e-01 3.175381100e+00 -9.372440000e-01 4.742480000e-02 3.454330000e-01 7.274570000e+00
3.429402682e-01 -1.771611230e-01 9.224995444e-01 2.016158098e+01 1.113000188e-01 9.827996839e-01 1.473655688e-01 3.177289288e+00 -9.327400000e-01 5.213660000e-02 3.567590000e-01 7.266210000e+00
3.471051866e-01 -1.742688854e-01 9.214921050e-01 2.016249392e+01 1.161189256e-01 9.830090452e-01 1.421630652e-01 3.173001117e+00 -9.306090000e-01 5.765710000e-02 3.614440000e-01 7.274130000e+00
2.911210770e-01 -1.772163749e-01 9.401296369e-01 2.032990637e+01 1.075848965e-01 9.825241582e-01 1.518932946e-01 3.203222709e+00 -9.506180000e-01 5.692440000e-02 3.050990000e-01 7.310280000e+00
1.552041315e-01 -1.718209926e-01 9.728248428e-01 2.043457160e+01 8.092346825e-02 9.836602379e-01 1.608239105e-01 3.230049627e+00 -9.845620000e-01 5.376390000e-02 1.665730000e-01 7.300270000e+00
8.011748313e-03 -1.710456210e-01 9.852304292e-01 2.054930847e+01 5.961713062e-02 9.835917406e-01 1.702761079e-01 3.238616852e+00 -9.981890000e-01 5.737240000e-02 1.807750000e-02 7.298280000e+00
-1.362360090e-01 -1.754813583e-01 9.750113278e-01 2.065286078e+01 3.887688601e-02 9.824820579e-01 1.822581816e-01 3.269007561e+00 -9.899130000e-01 6.273550000e-02 -1.270270000e-01 7.289340000e+00
-3.012261046e-01 -1.651684370e-01 9.391387306e-01 2.078058838e+01 7.567258757e-03 9.844387861e-01 1.755626067e-01 3.289922129e+00 -9.535230000e-01 5.999070000e-02 -2.952890000e-01 7.217350000e+00
-4.513447373e-01 -1.698284798e-01 8.760406604e-01 2.088580692e+01 -2.510782510e-02 9.837507185e-01 1.777735802e-01 3.315699503e+00 -8.919960000e-01 5.824170000e-02 -4.482750000e-01 7.126780000e+00
-5.806871986e-01 -1.641023534e-01 7.974168987e-01 2.096381070e+01 -3.748098402e-02 9.838247903e-01 1.751697015e-01 3.332554681e+00 -8.132640000e-01 7.183080000e-02 -5.774450000e-01 7.037960000e+00
-6.514638081e-01 -1.572316809e-01 7.422085076e-01 2.110382930e+01 -5.734817008e-02 9.856959399e-01 1.584762030e-01 3.370026004e+00 -7.565100000e-01 6.067720000e-02 -6.511620000e-01 6.847120000e+00
-6.677372986e-01 -1.747106364e-01 7.236043115e-01 2.127985365e+01 -6.782039656e-02 9.823028021e-01 1.745880664e-01 3.412844820e+00 -7.413010000e-01 6.750380000e-02 -6.677700000e-01 6.672350000e+00
-6.834713990e-01 -1.694931910e-01 7.100271972e-01 2.143667336e+01 -7.837084741e-02 9.840862763e-01 1.594749917e-01 3.447236329e+00 -7.257580000e-01 5.335120000e-02 -6.858780000e-01 6.511580000e+00
-7.202277492e-01 -1.698746821e-01 6.726179417e-01 2.154408530e+01 -7.045204728e-02 9.824542944e-01 1.726871970e-01 3.471085355e+00 -6.901510000e-01 7.698680000e-02 -7.195580000e-01 6.399140000e+00
-7.545953019e-01 -1.758900228e-01 6.321772721e-01 2.170097314e+01 -8.303505098e-02 9.812562972e-01 1.738994577e-01 3.503577534e+00 -6.509160000e-01 7.873080000e-02 -7.550560000e-01 6.167390000e+00
-7.457428613e-01 -1.785932210e-01 6.418512827e-01 2.187520080e+01 -8.722654549e-02 9.812808870e-01 1.716936398e-01 3.546955920e+00 -6.605000000e-01 7.205280000e-02 -7.473610000e-01 5.950250000e+00
-6.637037464e-01 -1.684421585e-01 7.287826249e-01 2.194896848e+01 -5.952848219e-02 9.831186373e-01 1.730135703e-01 3.569448762e+00 -7.456230000e-01 7.144640000e-02 -6.625270000e-01 5.876140000e+00
-5.506981906e-01 -1.699430685e-01 8.172207655e-01 2.206304425e+01 -3.563594860e-02 9.829485898e-01 1.803925573e-01 3.585504511e+00 -8.339430000e-01 7.021940000e-02 -5.473650000e-01 5.815740000e+00
-4.537816084e-01 -1.740949043e-01 8.739406441e-01 2.225225185e+01 -1.862003070e-02 9.823681587e-01 1.860260935e-01 3.619433162e+00 -8.909180000e-01 6.814240000e-02 -4.490230000e-01 5.773670000e+00
-4.488783107e-01 -1.723269917e-01 8.768196659e-01 2.259078270e+01 -1.432678566e-02 9.824903275e-01 1.857609659e-01 3.680806475e+00 -8.934780000e-01 7.082200000e-02 -4.434870000e-01 5.574840000e+00
-3.158054886e-01 -1.724150935e-01 9.330272634e-01 2.272241305e+01 2.220663992e-03 9.832141335e-01 1.824408474e-01 3.718310924e+00 -9.488210000e-01 5.968780000e-02 -3.101210000e-01 5.537620000e+00
-1.799168946e-01 -1.725621323e-01 9.684281853e-01 2.283044656e+01 3.291619695e-02 9.828851499e-01 1.812536563e-01 3.737789933e+00 -9.831310000e-01 6.448760000e-02 -1.711570000e-01 5.544900000e+00
-1.258024423e-01 -1.732693695e-01 9.768069760e-01 2.308340812e+01 4.279969372e-02 9.827643556e-01 1.798383265e-01 3.771585879e+00 -9.911320000e-01 6.443110000e-02 -1.162180000e-01 5.518560000e+00
-2.345550361e-02 -1.829288363e-01 9.828458830e-01 2.324916990e+01 6.588416502e-02 9.806965377e-01 1.841010804e-01 3.792108387e+00 -9.975520000e-01 6.907220000e-02 -1.095060000e-02 5.504940000e+00
1.004539134e-01 -1.729321900e-01 9.797980092e-01 2.335997763e+01 8.827821217e-02 9.824446504e-01 1.643484681e-01 3.822618974e+00 -9.910180000e-01 6.998530000e-02 1.139560000e-01 5.535710000e+00
2.373806335e-01 -1.759587011e-01 9.553480555e-01 2.346992844e+01 9.347404375e-02 9.830323231e-01 1.578316728e-01 3.834299262e+00 -9.669090000e-01 5.183400000e-02 2.498000000e-01 5.551700000e+00
3.856404632e-01 -1.744781651e-01 9.060015486e-01 2.360129675e+01 1.197314293e-01 9.831176574e-01 1.383652447e-01 3.843109895e+00 -9.148470000e-01 5.511760000e-02 4.000210000e-01 5.606110000e+00
5.198524813e-01 -1.763143746e-01 8.358628019e-01 2.370144648e+01 1.406615672e-01 9.827797213e-01 1.198224267e-01 3.864046259e+00 -8.425960000e-01 5.528380000e-02 5.357010000e-01 5.703740000e+00
6.502398715e-01 -1.658460501e-01 7.414062958e-01 2.378031746e+01 1.472149797e-01 9.848908715e-01 9.119876539e-02 3.879775334e+00 -7.453290000e-01 4.984500000e-02 6.648310000e-01 5.754100000e+00
7.559482602e-01 -1.810243506e-01 6.291034818e-01 2.386331340e+01 1.750307431e-01 9.819108204e-01 7.222227449e-02 3.878575588e+00 -6.307980000e-01 5.551620000e-02 7.739590000e-01 5.814120000e+00
8.387295501e-01 -1.663343219e-01 5.185226662e-01 2.391261997e+01 1.662574048e-01 9.849598017e-01 4.703316517e-02 3.883438225e+00 -5.185480000e-01 4.676010000e-02 8.537690000e-01 5.910820000e+00
9.004175498e-01 -1.714449293e-01 3.998188603e-01 2.396680568e+01 1.796271207e-01 9.835834285e-01 1.723558354e-02 3.895895603e+00 -3.962100000e-01 5.629900000e-02 9.164320000e-01 6.031030000e+00
9.476071800e-01 -1.608893889e-01 2.759608540e-01 2.397520985e+01 1.686098256e-01 9.856736517e-01 -4.318353021e-03 3.896460681e+00 -2.713130000e-01 5.062190000e-02 9.611590000e-01 6.149150000e+00
9.804182778e-01 -1.633088978e-01 1.100456548e-01 2.397511400e+01 1.676500098e-01 9.853476968e-01 -3.136083105e-02 3.879380997e+00 -1.033120000e-01 4.919590000e-02 9.934320000e-01 6.288710000e+00
9.873237841e-01 -1.587152488e-01 -8.614591482e-04 2.396277106e+01 1.585268136e-01 9.863889341e-01 -4.366085786e-02 3.875971937e+00 7.779380000e-03 4.297090000e-02 9.990460000e-01 6.375120000e+00
9.730405229e-01 -1.681477781e-01 -1.578532538e-01 2.391418097e+01 1.587607236e-01 9.848048933e-01 -7.039398978e-02 3.854709781e+00 1.672910000e-01 4.343530000e-02 9.849500000e-01 6.485380000e+00
9.440738920e-01 -1.706885824e-01 -2.821160607e-01 2.384888403e+01 1.533494206e-01 9.847131921e-01 -8.261119493e-02 3.840125564e+00 2.919040000e-01 3.472880000e-02 9.558170000e-01 6.610410000e+00
9.036068906e-01 -1.687060846e-01 -3.937412326e-01 2.378796933e+01 1.362546767e-01 9.846376076e-01 -1.091925396e-01 3.828818091e+00 4.061140000e-01 4.501810000e-02 9.127130000e-01 6.702320000e+00
8.348949823e-01 -1.569740191e-01 -5.275505157e-01 2.369490761e+01 1.077796437e-01 9.865396298e-01 -1.229766606e-01 3.800656847e+00 5.397540000e-01 4.581340000e-02 8.405750000e-01 6.807040000e+00
7.410278948e-01 -1.531761449e-01 -6.537702049e-01 2.364975106e+01 8.858281409e-02 9.874242482e-01 -1.309444852e-01 3.777979086e+00 6.656060000e-01 3.912070000e-02 7.452780000e-01 6.898240000e+00
6.064396631e-01 -1.561782025e-01 -7.796404726e-01 2.353235892e+01 5.968106759e-02 9.866952446e-01 -1.512328713e-01 3.764645460e+00 7.928860000e-01 4.518390000e-02 6.076920000e-01 7.013050000e+00
4.953906249e-01 -1.492843654e-01 -8.557468006e-01 2.343780489e+01 2.911302744e-02 9.874222556e-01 -1.554015456e-01 3.762599292e+00 8.681830000e-01 5.207110000e-02 4.935060000e-01 7.048460000e+00
3.646150816e-01 -1.532999880e-01 -9.184528712e-01 2.331522655e+01 2.265742135e-03 9.864975755e-01 -1.637581708e-01 3.738148590e+00 9.311560000e-01 5.762770000e-02 3.600400000e-01 7.091870000e+00
3.130607420e-01 -1.579261248e-01 -9.365110629e-01 2.310465205e+01 -5.250156726e-03 9.857749378e-01 -1.679888199e-01 3.690400423e+00 9.497190000e-01 5.750750000e-02 3.077780000e-01 7.142170000e+00
2.679925679e-01 -1.484562053e-01 -9.519140721e-01 2.295349458e+01 -8.295954210e-03 9.876642860e-01 -1.563671175e-01 3.668040132e+00 9.633850000e-01 4.980230000e-02 2.634550000e-01 7.200060000e+00
1.073863607e-01 -1.466881517e-01 -9.833366090e-01 2.281619665e+01 -3.526096602e-02 9.878713203e-01 -1.512155009e-01 3.649788435e+00 9.935920000e-01 5.091180000e-02 1.009120000e-01 7.211230000e+00
-4.275746741e-02 -1.493541440e-01 -9.878586252e-01 2.266068865e+01 -6.297183283e-02 9.872002172e-01 -1.465288568e-01 3.627479025e+00 9.970990000e-01 5.594210000e-02 -5.161530000e-02 7.154660000e+00
-5.605849611e-02 -1.481757409e-01 -9.873711508e-01 2.237209213e+01 -6.310112714e-02 9.874748929e-01 -1.446087497e-01 3.576496835e+00 9.964310000e-01 5.419770000e-02 -6.470640000e-02 7.160400000e+00
-3.870628610e-02 -1.530792617e-01 -9.874555929e-01 2.197472501e+01 -5.913502806e-02 9.868148184e-01 -1.506620071e-01 3.507667098e+00 9.974990000e-01 5.256160000e-02 -4.724830000e-02 7.139500000e+00
2.954115904e-02 -1.583910775e-01 -9.869339374e-01 2.169541826e+01 -4.794747693e-02 9.860037447e-01 -1.596769772e-01 3.483690151e+00 9.984130000e-01 5.203810000e-02 2.153320000e-02 7.162910000e+00
6.538650524e-02 -1.663800533e-01 -9.838913135e-01 2.156145452e+01 -4.983981202e-02 9.842260506e-01 -1.697489858e-01 3.457620057e+00 9.966150000e-01 6.013620000e-02 5.606270000e-02 7.183690000e+00
6.989757371e-02 -1.648507999e-01 -9.838390378e-01 2.125268447e+01 -5.014885801e-02 9.844233610e-01 -1.685115947e-01 3.390819479e+00 9.962930000e-01 6.111690000e-02 6.054170000e-02 7.216530000e+00
6.030687417e-02 -1.585005669e-01 -9.855150179e-01 2.100766999e+01 -4.264168419e-02 9.860023125e-01 -1.611880263e-01 3.350150126e+00 9.972690000e-01 5.174480000e-02 5.270400000e-02 7.287190000e+00
-4.602181974e-02 -1.595936520e-01 -9.861097853e-01 2.084117890e+01 -6.654935544e-02 9.854519035e-01 -1.563814856e-01 3.302798587e+00 9.967210000e-01 5.842800000e-02 -5.597320000e-02 7.274790000e+00
-2.089692020e-01 -1.464764384e-01 -9.668899222e-01 2.075438859e+01 -9.240408038e-02 9.872529716e-01 -1.295902635e-01 3.273153678e+00 9.735470000e-01 6.226430000e-02 -2.198410000e-01 7.240650000e+00
-3.178382561e-01 -1.710243252e-01 -9.325923973e-01 2.064880911e+01 -1.256086134e-01 9.825230911e-01 -1.373718296e-01 3.279029882e+00 9.397880000e-01 7.347970000e-02 -3.337660000e-01 7.193400000e+00
-3.156991691e-01 -1.606328889e-01 -9.351635894e-01 2.058492294e+01 -1.247690285e-01 9.840364577e-01 -1.269073550e-01 3.260208103e+00 9.406210000e-01 7.661490000e-02 -3.307010000e-01 7.052120000e+00
-3.210852651e-01 -1.610317408e-01 -9.332597252e-01 2.053247820e+01 -9.667272015e-02 9.858634979e-01 -1.368486069e-01 3.271727797e+00 9.421030000e-01 4.628060000e-02 -3.321130000e-01 7.049700000e+00
-3.147864973e-01 -1.573725170e-01 -9.360252173e-01 2.056739754e+01 -1.136877923e-01 9.853112749e-01 -1.274254591e-01 3.252046914e+00 9.423290000e-01 6.630290000e-02 -3.280540000e-01 7.087520000e+00
-3.282849285e-01 -1.675921961e-01 -9.295919718e-01 2.048880022e+01 -1.151938022e-01 9.838920325e-01 -1.367009449e-01 3.237944585e+00 9.375280000e-01 6.220640000e-02 -3.423030000e-01 7.254590000e+00
-3.584782427e-01 -1.549533370e-01 -9.205885562e-01 2.031723510e+01 -1.094596863e-01 9.863028157e-01 -1.233907474e-01 3.217035015e+00 9.270990000e-01 5.653450000e-02 -3.705290000e-01 7.216070000e+00
-3.675585585e-01 -1.679450499e-01 -9.147104026e-01 2.005307310e+01 -1.069398372e-01 9.846670674e-01 -1.378178922e-01 3.185290299e+00 9.238310000e-01 4.716280000e-02 -3.798830000e-01 7.132790000e+00
-3.790272596e-01 -1.674903677e-01 -9.101022988e-01 1.963157935e+01 -1.194992670e-01 9.841085288e-01 -1.313427139e-01 3.109971471e+00 9.176370000e-01 5.897400000e-02 -3.930180000e-01 7.006710000e+00
-4.848475753e-01 -1.616493844e-01 -8.595297850e-01 1.939534139e+01 -1.268358306e-01 9.853776827e-01 -1.137708820e-01 3.058727629e+00 8.653530000e-01 5.385770000e-02 -4.982610000e-01 6.918120000e+00
-6.067965178e-01 -1.694788660e-01 -7.765782127e-01 1.933052518e+01 -1.571603318e-01 9.832974333e-01 -9.179206789e-02 3.049995419e+00 7.791650000e-01 6.634820000e-02 -6.232980000e-01 6.846030000e+00
-7.190958014e-01 -1.666930593e-01 -6.746219235e-01 1.930435777e+01 -1.683429651e-01 9.836734680e-01 -6.361617405e-02 3.053593465e+00 6.742120000e-01 6.782170000e-02 -7.354170000e-01 6.698160000e+00
-7.131279180e-01 -1.644287307e-01 -6.814768374e-01 1.926238218e+01 -1.630411591e-01 9.843490549e-01 -6.689270829e-02 3.064652801e+00 6.818110000e-01 6.340580000e-02 -7.287760000e-01 6.516410000e+00
-5.910180431e-01 -1.615282715e-01 -7.903203154e-01 1.915288407e+01 -1.438611430e-01 9.851454230e-01 -9.376504377e-02 3.047659319e+00 7.937270000e-01 5.827960000e-02 -6.054760000e-01 6.416720000e+00
-4.720211148e-01 -1.662378335e-01 -8.657712163e-01 1.903517749e+01 -1.432376847e-01 9.834725696e-01 -1.107439682e-01 3.025884304e+00 8.698730000e-01 7.173760000e-02 -4.880320000e-01 6.401130000e+00
-3.502310766e-01 -1.606189785e-01 -9.227891090e-01 1.886478008e+01 -1.127333682e-01 9.852545541e-01 -1.287052775e-01 3.010967883e+00 9.298550000e-01 5.895260000e-02 -3.631740000e-01 6.377540000e+00
-2.226538424e-01 -1.613144797e-01 -9.614586316e-01 1.871240117e+01 -8.187064694e-02 9.858253030e-01 -1.464431851e-01 2.976600956e+00 9.714540000e-01 4.610910000e-02 -2.327050000e-01 6.357690000e+00
-1.270630513e-01 -1.567585358e-01 -9.794297603e-01 1.861217305e+01 -8.778823895e-02 9.853349698e-01 -1.463149409e-01 2.960476502e+00 9.880020000e-01 6.739120000e-02 -1.389610000e-01 6.368740000e+00
-1.174174411e-01 -1.497667882e-01 -9.817245022e-01 1.841646974e+01 -7.791368359e-02 9.869051700e-01 -1.412382935e-01 2.910434589e+00 9.900220000e-01 5.990600000e-02 -1.275490000e-01 6.328340000e+00
-1.093920066e-01 -1.726303494e-01 -9.788931016e-01 1.830023027e+01 -6.847209005e-02 9.837723845e-01 -1.658389941e-01 2.894678137e+00 9.916370000e-01 4.888540000e-02 -1.194380000e-01 6.330760000e+00
-7.177549221e-02 -1.662713019e-01 -9.834640501e-01 1.821039807e+01 -5.699469516e-02 9.850798724e-01 -1.623848414e-01 2.879318220e+00 9.957910000e-01 4.439700000e-02 -8.018120000e-02 6.321840000e+00
2.104564563e-02 -1.626731903e-01 -9.864555165e-01 1.803754775e+01 -4.050189643e-02 9.857249743e-01 -1.634169741e-01 2.847560577e+00 9.989580000e-01 4.339260000e-02 1.415660000e-02 6.357820000e+00
6.128249689e-02 -1.492805127e-01 -9.868939160e-01 1.776550910e+01 -3.382242248e-02 9.878743025e-01 -1.515289522e-01 2.792368057e+00 9.975470000e-01 4.266520000e-02 5.549040000e-02 6.404530000e+00
4.537886417e-02 -1.479776511e-01 -9.879493976e-01 1.748641944e+01 -5.179853788e-02 9.872889343e-01 -1.502580478e-01 2.742009808e+00 9.976260000e-01 5.799290000e-02 3.713710000e-02 6.458650000e+00
2.072138028e-02 -1.444519990e-01 -9.892953096e-01 1.710068463e+01 -3.276961154e-02 9.888772310e-01 -1.450775445e-01 2.686556379e+00 9.992480000e-01 3.542500000e-02 1.575730000e-02 6.489750000e+00
1.117072811e-02 -1.467309567e-01 -9.891128766e-01 1.687370553e+01 -5.813858635e-02 9.874066626e-01 -1.471342283e-01 2.646201843e+00 9.982460000e-01 5.914930000e-02 2.499320000e-03 6.525350000e+00
5.223380922e-02 -1.544628975e-01 -9.866170088e-01 1.660323221e+01 -4.562341686e-02 9.865644851e-01 -1.568702817e-01 2.591366304e+00 9.975920000e-01 5.320670000e-02 4.448500000e-02 6.565950000e+00
1.142639624e-01 -1.577225821e-01 -9.808500004e-01 1.635339620e+01 -1.447557337e-02 9.869472816e-01 -1.603893561e-01 2.544827513e+00 9.933450000e-01 3.252510000e-02 1.104900000e-01 6.596570000e+00
2.417700476e-01 -1.500313870e-01 -9.586642551e-01 1.626481878e+01 -1.232082610e-02 9.874200405e-01 -1.576388272e-01 2.537689212e+00 9.702550000e-01 4.992390000e-02 2.368800000e-01 6.637880000e+00
3.724014220e-01 -1.501401763e-01 -9.158464655e-01 1.612793717e+01 1.706687129e-02 9.877681902e-01 -1.549909867e-01 2.522191583e+00 9.279150000e-01 4.208820000e-02 3.704080000e-01 6.745920000e+00
3.318304241e-01 -1.540820521e-01 -9.306704589e-01 1.581047358e+01 1.541746505e-02 9.873246894e-01 -1.579644802e-01 2.456860452e+00 9.432130000e-01 3.806880000e-02 3.299990000e-01 6.920880000e+00
1.785877605e-01 -1.548670491e-01 -9.716597645e-01 1.566727474e+01 -1.869990567e-02 9.868231513e-01 -1.607207199e-01 2.428965723e+00 9.837460000e-01 4.687270000e-02 1.733380000e-01 6.945830000e+00
1.217353441e-02 -1.556089404e-01 -9.877440690e-01 1.558996335e+01 -3.533171999e-02 9.871327658e-01 -1.559483036e-01 2.405822387e+00 9.993010000e-01 3.679710000e-02 6.518970000e-03 6.922730000e+00
-7.693845396e-02 -1.495830664e-01 -9.857508211e-01 1.558096318e+01 -6.108003356e-02 9.875322900e-01 -1.450858544e-01 2.404476604e+00 9.951630000e-01 4.904700000e-02 -8.511570000e-02 6.880360000e+00
-4.856211938e-02 -1.511235322e-01 -9.873215729e-01 1.545215182e+01 -4.812690495e-02 9.876929678e-01 -1.488133947e-01 2.387630966e+00 9.976600000e-01 4.029010000e-02 -5.523760000e-02 6.897750000e+00
-1.670819515e-02 -1.505753017e-01 -9.884573929e-01 1.521597319e+01 -5.826364842e-02 9.870618795e-01 -1.493779424e-01 2.340230779e+00 9.981610000e-01 5.509530000e-02 -2.526510000e-02 6.904530000e+00
1.523575846e-01 -1.499983878e-01 -9.768764076e-01 1.506179720e+01 -3.085890655e-02 9.872116104e-01 -1.563983405e-01 2.320628917e+00 9.878440000e-01 5.397380000e-02 1.457800000e-01 6.948240000e+00
3.066579748e-01 -1.610480457e-01 -9.380963519e-01 1.497161486e+01 5.494086107e-03 9.858652191e-01 -1.674527130e-01 2.321933746e+00 9.518040000e-01 4.619670000e-02 3.032080000e-01 7.004260000e+00
3.805270622e-01 -1.498098767e-01 -9.125542620e-01 1.481833393e+01 1.128862027e-02 9.874697280e-01 -1.574012058e-01 2.287517307e+00 9.247010000e-01 4.959400000e-02 3.774500000e-01 7.106300000e+00
2.988316504e-01 -1.545250075e-01 -9.417125130e-01 1.474225803e+01 1.075866740e-02 9.872859277e-01 -1.585892100e-01 2.252847090e+00 9.542450000e-01 3.725990000e-02 2.966950000e-01 7.131590000e+00
2.388210222e-01 -1.596695328e-01 -9.578470345e-01 1.446611412e+01 -1.193990226e-02 9.858320056e-01 -1.673115307e-01 2.213734709e+00 9.709900000e-01 5.139410000e-02 2.335310000e-01 7.226630000e+00
8.617130264e-02 -1.584337018e-01 -9.836026652e-01 1.434527859e+01 -3.090519670e-02 9.863744362e-01 -1.615878189e-01 2.182711938e+00 9.958010000e-01 4.432260000e-02 8.010070000e-02 7.242180000e+00
-6.936053523e-02 -1.599804496e-01 -9.846806806e-01 1.423626313e+01 -6.402791016e-02 9.857362695e-01 -1.556419752e-01 2.177238206e+00 9.955350000e-01 5.225160000e-02 -7.861450000e-02 7.237700000e+00
-1.601619307e-01 -1.580852452e-01 -9.743499538e-01 1.402747954e+01 -7.280370097e-02 9.862957203e-01 -1.480561396e-01 2.137492971e+00 9.844020000e-01 4.722330000e-02 -1.694760000e-01 7.201840000e+00
-1.834829848e-01 -1.545410939e-01 -9.707990801e-01 1.364006919e+01 -8.318119766e-02 9.864644773e-01 -1.413132695e-01 2.055471871e+00 9.794970000e-01 5.482370000e-02 -1.938550000e-01 7.143090000e+00
-4.769783860e-02 -1.500121391e-01 -9.875333546e-01 1.343553737e+01 -5.676557823e-02 9.874672211e-01 -1.472605137e-01 2.024891680e+00 9.972480000e-01 4.903390000e-02 -5.561560000e-02 7.162790000e+00
4.109602007e-02 -1.566447747e-01 -9.867997777e-01 1.322656408e+01 -4.822745013e-02 9.861713230e-01 -1.585536926e-01 1.974407728e+00 9.979910000e-01 5.410680000e-02 3.297320000e-02 7.208880000e+00
1.835977929e-02 -1.501520566e-01 -9.884924981e-01 1.290738850e+01 -5.021166213e-02 9.872735890e-01 -1.508993859e-01 1.924663736e+00 9.985700000e-01 5.240430000e-02 1.058680000e-02 7.237650000e+00
7.034184829e-03 -1.541789401e-01 -9.880183088e-01 1.256097328e+01 -6.835609075e-02 9.856574329e-01 -1.542971687e-01 1.879665032e+00 9.976360000e-01 6.862240000e-02 -3.605770000e-03 7.263970000e+00
-2.679203345e-02 -1.500707048e-01 -9.883123076e-01 1.221477860e+01 -5.423315948e-02 9.874295991e-01 -1.484663991e-01 1.798318706e+00 9.981690000e-01 4.962160000e-02 -3.459410000e-02 7.287520000e+00
-4.603258235e-02 -1.531340508e-01 -9.871329614e-01 1.189766493e+01 -4.147663880e-02 9.876211377e-01 -1.512756901e-01 1.729107083e+00 9.980780000e-01 3.397940000e-02 -5.181430000e-02 7.289040000e+00
7.924127505e-03 -1.597635435e-01 -9.871239826e-01 1.164142838e+01 -4.843305280e-02 9.859347916e-01 -1.599599585e-01 1.727568485e+00 9.987950000e-01 4.907700000e-02 7.483530000e-05 7.314770000e+00
6.125074371e-02 -1.599098877e-01 -9.852299472e-01 1.127287740e+01 -3.683885046e-02 9.860483151e-01 -1.623329924e-01 1.633677724e+00 9.974420000e-01 4.623780000e-02 5.450530000e-02 7.326160000e+00
2.130696132e-01 -1.523991350e-01 -9.650783618e-01 1.113590649e+01 -8.773982607e-03 9.874216382e-01 -1.578646906e-01 1.596083341e+00 9.769980000e-01 4.210370000e-02 2.090520000e-01 7.363840000e+00
4.049466908e-01 -1.554289324e-01 -9.010330839e-01 1.102285930e+01 3.550945373e-02 9.873755328e-01 -1.543644735e-01 1.594810434e+00 9.136500000e-01 3.051420000e-02 4.053540000e-01 7.437100000e+00
5.247602669e-01 -1.595080298e-01 -8.361727451e-01 1.095612372e+01 4.453028358e-02 9.860862816e-01 -1.601596038e-01 1.588920565e+00 8.500850000e-01 4.681040000e-02 5.245620000e-01 7.522580000e+00
6.052456546e-01 -1.570452922e-01 -7.803930396e-01 1.082805532e+01 7.512037329e-02 9.872395677e-01 -1.404098009e-01 1.571112258e+00 7.924860000e-01 2.635900000e-02 6.093200000e-01 7.694220000e+00
5.380061963e-01 -1.582585745e-01 -8.279509033e-01 1.067029525e+01 5.935848337e-02 9.868922567e-01 -1.500678748e-01 1.541201679e+00 8.408480000e-01 3.159150000e-02 5.403490000e-01 7.790340000e+00
4.880228986e-01 -1.588749782e-01 -8.582493814e-01 1.033942203e+01 4.333231439e-02 9.864914632e-01 -1.579747911e-01 1.467178429e+00 8.717550000e-01 3.990540000e-02 4.883150000e-01 7.980630000e+00
3.630511305e-01 -1.594098186e-01 -9.180315706e-01 1.022232567e+01 1.129427486e-02 9.859376302e-01 -1.667344007e-01 1.445374059e+00 9.317010000e-01 5.016460000e-02 3.597460000e-01 8.056350000e+00
2.170982201e-01 -1.585827780e-01 -9.631818858e-01 1.011405868e+01 -1.107814716e-02 9.862522260e-01 -1.648779172e-01 1.426116276e+00 9.760870000e-01 4.646500000e-02 2.123560000e-01 8.043670000e+00
1.043828535e-01 -1.582268033e-01 -9.818695547e-01 1.001543341e+01 -3.354753664e-02 9.861412473e-01 -1.624814728e-01 1.401563345e+00 9.939710000e-01 4.989960000e-02 9.762810000e-02 8.032060000e+00
6.781311647e-02 -1.503985686e-01 -9.862968983e-01 9.670858563e+00 -4.821238867e-02 9.869233864e-01 -1.538090012e-01 1.326795165e+00 9.965320000e-01 5.798200000e-02 5.967530000e-02 8.063150000e+00
3.136490457e-02 -1.483276765e-01 -9.884403051e-01 9.203562861e+00 -5.310434787e-02 9.872835917e-01 -1.498389498e-01 1.237455049e+00 9.980960000e-01 5.719020000e-02 2.308920000e-02 8.140360000e+00
2.131955356e-02 -1.486131309e-01 -9.886653622e-01 8.714642885e+00 -4.190924892e-02 9.878884216e-01 -1.493999775e-01 1.164652763e+00 9.988940000e-01 4.461940000e-02 1.483310000e-02 8.173910000e+00
8.449685909e-03 -1.513197578e-01 -9.884488453e-01 8.275479934e+00 -5.100790202e-02 9.871317438e-01 -1.515542643e-01 1.073520044e+00 9.986630000e-01 5.169930000e-02 6.224520000e-04 8.219100000e+00
9.703137421e-02 -1.542164580e-01 -9.832612148e-01 7.925168026e+00 -3.836282818e-02 9.866086278e-01 -1.585274425e-01 1.015226448e+00 9.945420000e-01 5.310280000e-02 8.981590000e-02 8.258570000e+00
1.250551120e-01 -1.541417054e-01 -9.801028378e-01 7.490814397e+00 -3.456285588e-02 9.865808777e-01 -1.595706857e-01 9.322504370e-01 9.915480000e-01 5.383030000e-02 1.180490000e-01 8.305230000e+00
2.026934637e-01 -1.515805938e-01 -9.674391647e-01 7.252157175e+00 -2.834725098e-02 9.866249640e-01 -1.605257465e-01 8.905591072e-01 9.788320000e-01 5.996180000e-02 1.956860000e-01 8.372130000e+00
2.300666023e-01 -1.530506780e-01 -9.610639970e-01 6.822848554e+00 -1.659000517e-02 9.867956525e-01 -1.611197356e-01 8.216102886e-01 9.730330000e-01 5.301240000e-02 2.244900000e-01 8.481960000e+00
2.760186980e-01 -1.439390234e-01 -9.503133393e-01 6.430399759e+00 1.659154081e-03 9.887926235e-01 -1.492854438e-01 7.480984793e-01 9.611510000e-01 3.962890000e-02 2.731640000e-01 8.600290000e+00
3.184773851e-01 -1.568993210e-01 -9.348557373e-01 5.981333899e+00 8.813026515e-03 9.866542911e-01 -1.625905324e-01 6.553624904e-01 9.478890000e-01 4.354250000e-02 3.156100000e-01 8.749150000e+00
2.788058454e-01 -1.558022519e-01 -9.476246467e-01 5.702800948e+00 2.146486713e-03 9.868507340e-01 -1.616199358e-01 6.116003607e-01 9.603450000e-01 4.302650000e-02 2.754740000e-01 8.834410000e+00
2.691348041e-01 -1.503746114e-01 -9.512906609e-01 5.376176069e+00 2.499258433e-03 9.878409023e-01 -1.554453460e-01 5.499619636e-01 9.630990000e-01 3.945830000e-02 2.662380000e-01 8.942610000e+00
2.525422432e-01 -1.520823676e-01 -9.555589648e-01 5.022630586e+00 -6.553453994e-03 9.872788212e-01 -1.588627462e-01 4.930982744e-01 9.675640000e-01 4.638170000e-02 2.483330000e-01 9.046990000e+00
1.887989146e-01 -1.512514705e-01 -9.702981526e-01 4.815018132e+00 -2.785654495e-02 9.868455077e-01 -1.592510380e-01 4.457582789e-01 9.816210000e-01 5.709560000e-02 1.821020000e-01 9.093670000e+00
2.166893073e-01 -1.516821777e-01 -9.643850129e-01 4.467635277e+00 -1.629884956e-02 9.871559502e-01 -1.589259301e-01 3.771685484e-01 9.761050000e-01 5.015590000e-02 2.114340000e-01 9.157090000e+00
2.044947557e-01 -1.562281409e-01 -9.663198337e-01 4.045347972e+00 -1.847159506e-02 9.863901726e-01 -1.633817845e-01 3.244723944e-01 9.786930000e-01 5.126020000e-02 1.988260000e-01 9.269000000e+00
1.562435470e-01 -1.561980167e-01 -9.752894521e-01 3.706413592e+00 -1.993151457e-02 9.867166679e-01 -1.612212275e-01 2.553550927e-01 9.875170000e-01 4.462880000e-02 1.510550000e-01 9.348990000e+00
4.866138546e-03 -1.578619031e-01 -9.874489186e-01 3.540338090e+00 -4.891305134e-02 9.862416316e-01 -1.579097863e-01 2.275932736e-01 9.987910000e-01 4.906760000e-02 -2.922320000e-03 9.353930000e+00
-1.596150226e-01 -1.578685927e-01 -9.744742537e-01 3.424497793e+00 -8.305432758e-02 9.857780706e-01 -1.460957087e-01 2.177651028e-01 9.836790000e-01 5.761530000e-02 -1.704570000e-01 9.307710000e+00
-1.789451959e-01 -1.593382381e-01 -9.708706553e-01 3.137754457e+00 -7.648861459e-02 9.860649789e-01 -1.477339460e-01 1.832247027e-01 9.808810000e-01 4.782420000e-02 -1.886400000e-01 9.220660000e+00
-1.628533303e-01 -1.521557441e-01 -9.748476742e-01 2.824902356e+00 -7.230957112e-02 9.872209115e-01 -1.420074155e-01 1.035803245e-01 9.839970000e-01 4.736440000e-02 -1.717750000e-01 9.156000000e+00
-1.872481165e-01 -1.603951812e-01 -9.691290300e-01 2.571379585e+00 -7.174352232e-02 9.861772625e-01 -1.493549989e-01 6.691273617e-02 9.796890000e-01 4.156230000e-02 -1.961670000e-01 9.112700000e+00
-3.332941551e-01 -1.660314078e-01 -9.280885111e-01 2.426901477e+00 -9.361032015e-02 9.853362077e-01 -1.426553542e-01 5.688893647e-02 9.381640000e-01 3.933240000e-02 -3.439490000e-01 9.034320000e+00
-4.881963408e-01 -1.638060042e-01 -8.572233507e-01 2.368498729e+00 -1.152931779e-01 9.857244500e-01 -1.227005971e-01 4.375700784e-02 8.650850000e-01 3.893000000e-02 -5.001130000e-01 8.967720000e+00
-6.255625585e-01 -1.649103809e-01 -7.625455441e-01 2.325242703e+00 -1.332494469e-01 9.856269640e-01 -1.038420849e-01 5.018387956e-02 7.687110000e-01 3.664910000e-02 -6.385460000e-01 8.868550000e+00
-7.273826646e-01 -1.637532372e-01 -6.664069285e-01 2.318263392e+00 -1.477751493e-01 9.857056936e-01 -8.091624940e-02 3.370689483e-02 6.701320000e-01 3.962140000e-02 -7.411840000e-01 8.773330000e+00
-7.703494404e-01 -1.653542272e-01 -6.158084770e-01 2.373492494e+00 -1.550282579e-01 9.853800022e-01 -7.065661607e-02 3.918364266e-02 6.184890000e-01 4.103750000e-02 -7.847210000e-01 8.631240000e+00
-7.329681802e-01 -1.551928500e-01 -6.623239060e-01 2.431004366e+00 -1.407954347e-01 9.871565957e-01 -7.549315457e-02 6.170366685e-02 6.655330000e-01 3.791810000e-02 -7.454050000e-01 8.626780000e+00
-6.207557930e-01 -1.652267379e-01 -7.663955065e-01 2.407936043e+00 -1.383757545e-01 9.852839983e-01 -1.003368160e-01 4.905220031e-02 7.716960000e-01 4.376590000e-02 -6.344840000e-01 8.629960000e+00
-4.638289172e-01 -1.575710234e-01 -8.717994899e-01 2.370313596e+00 -1.072658528e-01 9.868041979e-01 -1.212881347e-01 4.747259459e-02 8.794070000e-01 3.725740000e-02 -4.746100000e-01 8.650320000e+00
-3.039608483e-01 -1.683902383e-01 -9.376843802e-01 2.366019869e+00 -9.262336857e-02 9.848158602e-01 -1.468292016e-01 6.686621037e-02 9.481710000e-01 4.222110000e-02 -3.149420000e-01 8.674820000e+00
-1.596005898e-01 -1.568959312e-01 -9.746338561e-01 2.369925621e+00 -5.759773799e-02 9.870870809e-01 -1.494688039e-01 6.937419553e-02 9.855000000e-01 3.228140000e-02 -1.665770000e-01 8.703000000e+00
-1.940343509e-02 -1.581502193e-01 -9.872243134e-01 2.369837050e+00 -5.231844318e-02 9.862177944e-01 -1.569608022e-01 5.749838906e-02 9.984420000e-01 4.860440000e-02 -2.741020000e-02 8.714460000e+00
1.156684461e-01 -1.569910962e-01 -9.808032126e-01 2.356340003e+00 -2.741785959e-02 9.865503317e-01 -1.611443910e-01 2.705139736e-02 9.929090000e-01 4.553090000e-02 1.098080000e-01 8.732380000e+00
1.494805798e-01 -1.606820221e-01 -9.756207327e-01 2.232344015e+00 4.565442368e-03 9.868091671e-01 -1.618249934e-01 2.499521216e-02 9.887540000e-01 1.973560000e-02 1.482430000e-01 8.739700000e+00
1.047341285e-01 -1.568183143e-01 -9.820587635e-01 2.018831196e+00 -1.674181393e-02 9.870718590e-01 -1.594042542e-01 -2.346986330e-02 9.943590000e-01 3.313650000e-02 1.007550000e-01 8.796530000e+00
-5.046583630e-02 -1.621636445e-01 -9.854728416e-01 1.864083236e+00 -3.152909430e-02 9.864964136e-01 -1.607175997e-01 -4.664891206e-02 9.982280000e-01 2.296030000e-02 -5.489720000e-02 8.782530000e+00
-1.744985364e-01 -1.652340303e-01 -9.706946253e-01 1.775401097e+00 -7.854342577e-02 9.850142839e-01 -1.535519808e-01 -5.667271180e-02 9.815200000e-01 4.944710000e-02 -1.848620000e-01 8.750930000e+00
-3.155474366e-01 -1.482754455e-01 -9.372539233e-01 1.731461258e+00 -8.503807063e-02 9.881606863e-01 -1.276991282e-01 -7.554825341e-02 9.450920000e-01 3.940710000e-02 -3.244210000e-01 8.673940000e+00
-4.663354904e-01 -1.606888163e-01 -8.698912560e-01 1.693566518e+00 -1.099388546e-01 9.862668061e-01 -1.232496902e-01 -5.383813661e-02 8.777500000e-01 3.815920000e-02 -4.775970000e-01 8.581470000e+00
-4.435241727e-01 -1.616641696e-01 -8.815613148e-01 1.618456293e+00 -1.092572501e-01 9.860149505e-01 -1.258504149e-01 -7.221804800e-02 8.895780000e-01 4.049930000e-02 -4.549840000e-01 8.526570000e+00
-4.929905002e-01 -1.369741439e-01 -8.591846508e-01 1.475385683e+00 -1.055046393e-01 9.896529670e-01 -9.723657856e-02 -9.810269125e-02 8.636140000e-01 4.271120000e-02 -5.023410000e-01 8.455680000e+00
-6.011932441e-01 -1.666586662e-01 -7.815317319e-01 1.486252946e+00 -1.391897331e-01 9.848995280e-01 -1.029543804e-01 -9.482877756e-02 7.868880000e-01 4.688570000e-02 -6.153120000e-01 8.437570000e+00
-7.396685131e-01 -1.675450395e-01 -6.517816769e-01 1.515364678e+00 -1.555197708e-01 9.848522407e-01 -7.667329270e-02 -1.038593450e-01 6.547560000e-01 4.465210000e-02 -7.545210000e-01 8.431270000e+00
-8.327201808e-01 -1.747580296e-01 -5.253914425e-01 1.519801738e+00 -1.699039207e-01 9.837566147e-01 -5.793149736e-02 -8.030280867e-02 5.269810000e-01 4.102540000e-02 -8.488860000e-01 8.415520000e+00
-9.130520800e-01 -1.715018766e-01 -3.700301007e-01 1.538113930e+00 -1.756458016e-01 9.841904580e-01 -2.274583676e-02 -9.911964430e-02 3.680810000e-01 4.422610000e-02 -9.287410000e-01 8.391540000e+00
-9.563095224e-01 -1.887374003e-01 -2.232715756e-01 1.547255253e+00 -1.937160259e-01 9.810571889e-01 4.035713455e-04 -9.265901837e-02 2.189670000e-01 4.363720000e-02 -9.747560000e-01 8.347390000e+00
-9.743924786e-01 -1.858286669e-01 -1.265978040e-01 1.553830964e+00 -1.895917108e-01 9.816931236e-01 1.824603342e-02 -6.851547532e-02 1.208890000e-01 4.178060000e-02 -9.917860000e-01 8.153730000e+00
-9.749944517e-01 -1.732289524e-01 -1.392047038e-01 1.464197383e+00 -1.759997442e-01 9.843599459e-01 7.752107651e-03 -4.976453370e-02 1.356850000e-01 3.205820000e-02 -9.902330000e-01 7.766710000e+00
-9.745570529e-01 -1.873269690e-01 -1.230753384e-01 1.404328752e+00 -1.914243466e-01 9.812547698e-01 2.224863831e-02 -6.807144799e-02 1.166010000e-01 4.524220000e-02 -9.921480000e-01 7.442910000e+00
-9.777705083e-01 -1.745795631e-01 -1.161373107e-01 1.350792159e+00 -1.782409916e-01 9.837446263e-01 2.184460202e-02 -6.385931946e-02 1.104350000e-01 4.205940000e-02 -9.929930000e-01 7.085750000e+00
-9.782206694e-01 -1.796895593e-01 -1.039017536e-01 1.256627939e+00 -1.826674887e-01 9.829753889e-01 1.981615988e-02 -4.521139345e-02 9.857190000e-02 3.836400000e-02 -9.943900000e-01 6.556750000e+00
-9.789300653e-01 -1.809593728e-01 -9.460758799e-02 1.159480980e+00 -1.847245809e-01 9.822493435e-01 3.261041882e-02 -6.503179713e-02 8.702700000e-02 4.939960000e-02 -9.949800000e-01 6.055200000e+00
-9.622911698e-01 -1.755102863e-01 -2.078244664e-01 1.102327077e+00 -1.813592143e-01 9.833728605e-01 9.279018803e-03 -4.582665095e-02 2.027410000e-01 4.662000000e-02 -9.781220000e-01 5.720220000e+00
-9.096505818e-01 -1.728862781e-01 -3.776856349e-01 1.043502639e+00 -1.768218324e-01 9.839369856e-01 -2.452650638e-02 -5.705903275e-02 3.758600000e-01 4.447260000e-02 -9.256090000e-01 5.622300000e+00
-8.387050890e-01 -1.669268726e-01 -5.183704357e-01 9.407130184e-01 -1.676082203e-01 9.847825949e-01 -4.593751115e-02 -7.934054003e-02 5.181510000e-01 4.835510000e-02 -8.539210000e-01 5.546720000e+00
-7.702254465e-01 -1.799012322e-01 -6.118731151e-01 7.789869323e-01 -1.664030393e-01 9.828473056e-01 -7.950606023e-02 -1.064069599e-01 6.156810000e-01 4.057990000e-02 -7.869500000e-01 5.481150000e+00
-7.609321475e-01 -1.740887687e-01 -6.250408544e-01 6.491895751e-01 -1.626442344e-01 9.837538299e-01 -7.599417336e-02 -1.288047643e-01 6.281160000e-01 4.383290000e-02 -7.768840000e-01 5.409130000e+00
-8.351480389e-01 -1.726833652e-01 -5.222150999e-01 5.776053478e-01 -1.740819345e-01 9.836153543e-01 -4.685817759e-02 -1.516860093e-01 5.217500000e-01 5.177470000e-02 -8.515260000e-01 5.251670000e+00
-9.084423875e-01 -1.813810632e-01 -3.766079174e-01 5.707447687e-01 -1.856145115e-01 9.822954216e-01 -2.535722337e-02 -1.356210165e-01 3.745390000e-01 4.686830000e-02 -9.260260000e-01 5.180300000e+00
-9.607265537e-01 -1.814745402e-01 -2.099310356e-01 5.953154278e-01 -1.880489489e-01 9.820912238e-01 1.161950010e-02 -1.245628725e-01 2.040620000e-01 5.064050000e-02 -9.776470000e-01 5.113950000e+00
-9.815900320e-01 -1.858187491e-01 -4.419240161e-02 6.580489052e-01 -1.875263663e-01 9.815147427e-01 3.824445451e-02 -9.965375379e-02 3.626890000e-02 4.582760000e-02 -9.982910000e-01 5.062560000e+00
-9.738815919e-01 -1.912693530e-01 1.223545477e-01 7.293114246e-01 -1.839162171e-01 9.805233284e-01 6.890969176e-02 -8.112922212e-02 -1.331520000e-01 4.460680000e-02 -9.900910000e-01 4.989780000e+00
-9.681084704e-01 -1.793743809e-01 1.749010692e-01 8.431942524e-01 -1.672178783e-01 9.825000347e-01 8.204782802e-02 -5.403060771e-02 -1.865570000e-01 5.018470000e-02 -9.811610000e-01 4.646090000e+00
-9.648307596e-01 -1.864120091e-01 1.853433309e-01 8.618434645e-01 -1.733041678e-01 9.812182475e-01 8.471646317e-02 -3.694019452e-02 -1.976540000e-01 4.961630000e-02 -9.790150000e-01 4.258410000e+00
-9.590503584e-01 -1.796031787e-01 2.190086559e-01 9.134460675e-01 -1.637655455e-01 9.825129448e-01 8.859474504e-02 -1.669698057e-02 -2.310910000e-01 4.910070000e-02 -9.716920000e-01 3.948700000e+00
-9.569057980e-01 -1.777457975e-01 2.296464087e-01 9.992437256e-01 -1.618140100e-01 9.830144925e-01 8.659388027e-02 1.523998587e-02 -2.411370000e-01 4.570220000e-02 -9.694140000e-01 3.539120000e+00
-9.621276017e-01 -1.900502392e-01 1.954258262e-01 1.046848396e+00 -1.761960336e-01 9.805775400e-01 8.615073769e-02 4.042648085e-02 -2.080040000e-01 4.845470000e-02 -9.769270000e-01 3.182740000e+00
-9.634361332e-01 -1.823496754e-01 1.963160898e-01 1.092538584e+00 -1.678412470e-01 9.818505925e-01 8.830678512e-02 6.581469491e-02 -2.088560000e-01 5.212800000e-02 -9.765560000e-01 2.800990000e+00
-9.742848441e-01 -1.863679305e-01 1.266350011e-01 1.132895198e+00 -1.770687717e-01 9.808437226e-01 8.119658107e-02 7.884945946e-02 -1.393420000e-01 5.668550000e-02 -9.886210000e-01 2.484930000e+00
-9.808362105e-01 -1.845775927e-01 6.237747632e-02 1.109752765e+00 -1.807609026e-01 9.815609789e-01 6.215865352e-02 8.901753797e-02 -7.270040000e-02 4.969210000e-02 -9.961150000e-01 2.243570000e+00
-9.804445199e-01 -1.848214148e-01 -6.759363663e-02 1.108565482e+00 -1.877827135e-01 9.813798398e-01 4.040015158e-02 1.046084009e-01 5.886820000e-02 5.230300000e-02 -9.968950000e-01 1.998580000e+00
-9.614791053e-01 -1.935614869e-01 -1.951732251e-01 1.062224731e+00 -1.984308693e-01 9.800993329e-01 5.521078658e-03 1.046012818e-01 1.902210000e-01 4.403680000e-02 -9.807530000e-01 1.896950000e+00
-9.169552949e-01 -1.838396477e-01 -3.541121175e-01 9.470728649e-01 -1.874745039e-01 9.819679490e-01 -2.433919680e-02 8.205038043e-02 3.522010000e-01 4.406900000e-02 -9.348860000e-01 1.809070000e+00
-8.746188072e-01 -1.774052518e-01 -4.511856467e-01 8.194156831e-01 -1.767274355e-01 9.832740331e-01 -4.403673594e-02 5.035076216e-02 4.514520000e-01 4.122160000e-02 -8.913430000e-01 1.736620000e+00
-8.440241882e-01 -1.748520429e-01 -5.070003205e-01 6.470515446e-01 -1.739064958e-01 9.835078977e-01 -4.967868811e-02 3.986655791e-02 5.073260000e-01 4.624070000e-02 -8.605130000e-01 1.505460000e+00
-8.363896537e-01 -1.833173621e-01 -5.165730833e-01 4.568323398e-01 -1.796477338e-01 9.820412256e-01 -5.762961776e-02 5.174650548e-03 5.178610000e-01 4.460040000e-02 -8.543020000e-01 1.239570000e+00
-8.250852195e-01 -1.746544774e-01 -5.373361784e-01 3.314100094e-01 -1.647829645e-01 9.840632519e-01 -6.683161830e-02 -7.752913032e-03 5.404450000e-01 3.340210000e-02 -8.407160000e-01 1.026580000e+00
-8.468855738e-01 -1.927217009e-01 -4.956243931e-01 2.070647671e-01 -1.849146147e-01 9.805813921e-01 -6.532722519e-02 -7.886218806e-03 4.985900000e-01 3.632350000e-02 -8.660760000e-01 8.302330000e-01
-8.349531835e-01 -1.873862149e-01 -5.174358321e-01 7.430619819e-02 -1.833344909e-01 9.812473531e-01 -5.951751876e-02 -2.177007555e-02 5.188850000e-01 4.516950000e-02 -8.536500000e-01 6.175870000e-01
-8.451277927e-01 -1.758215005e-01 -5.048226733e-01 -2.683266990e-03 -1.771617379e-01 9.831144616e-01 -4.581514163e-02 -5.363336783e-02 5.043540000e-01 5.071560000e-02 -8.620060000e-01 5.060270000e-01
-8.391548829e-01 -1.704633083e-01 -5.164894803e-01 -1.022648851e-03 -1.720586037e-01 9.840482891e-01 -4.522888034e-02 -4.064258103e-02 5.159600000e-01 5.091250000e-02 -8.550980000e-01 4.333900000e-01
-8.447789760e-01 -1.777480849e-01 -5.047327143e-01 -1.225262779e-01 -1.840596516e-01 9.821869243e-01 -3.782647238e-02 -5.115597074e-02 5.024650000e-01 6.094590000e-02 -8.624470000e-01 2.906910000e-01
-9.143466029e-01 -1.858468165e-01 -3.597650300e-01 -1.580912267e-01 -1.944814764e-01 9.808279469e-01 -1.239753046e-02 -5.711003495e-02 3.551720000e-01 5.863200000e-02 -9.329610000e-01 1.978620000e-01
-9.499663119e-01 -2.085913258e-01 -2.324952888e-01 -1.560552051e-01 -2.205807850e-01 9.750081516e-01 2.652126381e-02 -4.501440469e-02 2.211530000e-01 7.647830000e-02 -9.722360000e-01 1.586750000e-01
-9.816425305e-01 -1.718196319e-01 -8.279852678e-02 -1.367234801e-01 -1.769738101e-01 9.824150218e-01 5.950289580e-02 -4.728045604e-02 7.111880000e-02 7.306380000e-02 -9.947880000e-01 1.322190000e-01
-9.844299973e-01 -1.675945249e-01 5.300600047e-02 -1.320132404e-01 -1.639306659e-01 9.841775495e-01 6.724537960e-02 -5.216131031e-02 -6.343730000e-02 5.750900000e-02 -9.963270000e-01 8.649630000e-02
-9.761500893e-01 -1.778209710e-01 1.245384681e-01 -1.262311064e-01 -1.690749767e-01 9.825381605e-01 7.767173169e-02 -4.024878971e-02 -1.361760000e-01 5.476290000e-02 -9.891700000e-01 2.264660000e-02
-9.573159994e-01 -1.857420075e-01 2.214616815e-01 -9.579916124e-02 -1.638655150e-01 9.799277358e-01 1.135308427e-01 -4.531716874e-02 -2.381040000e-01 7.239510000e-02 -9.685380000e-01 -8.910780000e-02
-9.256773617e-01 -1.820707765e-01 3.316193859e-01 -3.243295144e-02 -1.564543214e-01 9.823397401e-01 1.026155153e-01 -9.898833790e-03 -3.444460000e-01 4.310560000e-02 -9.378160000e-01 -1.233880000e-01
-8.695365864e-01 -1.989963367e-01 4.520025392e-01 9.992507508e-03 -1.516492880e-01 9.785980566e-01 1.390982903e-01 -1.235146180e-03 -4.700090000e-01 5.240510000e-02 -8.811040000e-01 -1.125560000e-01
-7.921186658e-01 -1.951597352e-01 5.783251534e-01 3.372144598e-02 -1.257042332e-01 9.793538448e-01 1.583155007e-01 -8.893376066e-03 -5.972820000e-01 5.270680000e-02 -8.002970000e-01 -8.744280000e-02
-7.042902069e-01 -1.906206132e-01 6.838416428e-01 4.879450012e-02 -1.107082009e-01 9.809822545e-01 1.594297798e-01 7.882815532e-04 -7.012270000e-01 3.657790000e-02 -7.119990000e-01 -7.391460000e-02
-5.518079323e-01 -1.903699759e-01 8.119525619e-01 8.479972861e-02 -7.199753663e-02 9.808371021e-01 1.810367254e-01 6.162920893e-03 -8.308580000e-01 4.143890000e-02 -5.549400000e-01 -4.667700000e-02
-4.184710819e-01 -1.844748940e-01 8.892981377e-01 8.060969205e-02 -3.811830828e-02 9.818594142e-01 1.857387205e-01 2.761838285e-02 -9.074300000e-01 4.382780000e-02 -4.179120000e-01 -3.327670000e-02
-2.441381431e-01 -1.838249271e-01 9.521584391e-01 8.545611990e-02 5.407573116e-03 9.815953088e-01 1.908947725e-01 1.730044943e-02 -9.697250000e-01 5.175350000e-02 -2.386510000e-01 1.342020000e-03
-4.199221869e-02 -1.909662054e-01 9.806982187e-01 8.840388033e-02 3.915656539e-02 9.804947316e-01 1.926033730e-01 -5.390678204e-03 -9.983500000e-01 4.648860000e-02 -3.369550000e-02 2.911040000e-02
1.648733706e-01 -1.945543468e-01 9.669358613e-01 9.756374862e-02 8.102365618e-02 9.797106487e-01 1.833091943e-01 -1.204966867e-02 -9.829810000e-01 4.812190000e-02 1.772920000e-01 4.719710000e-02
3.620624908e-01 -1.908136995e-01 9.124147849e-01 8.242114167e-02 1.029438826e-01 9.810224654e-01 1.643115216e-01 -8.086206337e-03 -9.264520000e-01 3.443650000e-02 3.748340000e-01 4.963000000e-02
5.400615393e-01 -1.876700531e-01 8.204350265e-01 8.386954830e-02 1.344784278e-01 9.815392929e-01 1.359998361e-01 -1.209620344e-02 -8.308120000e-01 3.688250000e-02 5.553290000e-01 6.548890000e-02
7.014198943e-01 -1.846814431e-01 6.884065789e-01 6.367952730e-02 1.575046068e-01 9.821320453e-01 1.029985911e-01 -6.118631728e-03 -6.951280000e-01 3.618190000e-02 7.179750000e-01 7.948410000e-02
8.332700548e-01 -1.859044021e-01 5.206727852e-01 4.090134207e-02 1.750425550e-01 9.820338539e-01 7.049847314e-02 -1.377315088e-02 -5.244250000e-01 3.239560000e-02 8.508400000e-01 7.926150000e-02
9.246253648e-01 -1.791912569e-01 3.360944492e-01 3.409209710e-02 1.776983649e-01 9.834452399e-01 3.546810133e-02 -1.713571137e-02 -3.368860000e-01 2.692870000e-02 9.411600000e-01 6.732860000e-02
9.719013418e-01 -1.724246606e-01 1.602386830e-01 4.705677877e-02 1.744749897e-01 9.846612054e-01 1.292348042e-03 -1.849561917e-02 -1.580040000e-01 2.670160000e-02 9.870770000e-01 6.927090000e-02
9.834150918e-01 -1.810817160e-01 -1.020973061e-02 3.212185030e-02 1.807240851e-01 9.831066581e-01 -2.898238918e-02 -2.279545023e-02 1.528550000e-02 2.665660000e-02 9.995280000e-01 9.853480000e-02
9.740728153e-01 -1.667802815e-01 -1.528628995e-01 2.103232977e-02 1.592719819e-01 9.853973631e-01 -6.020079683e-02 -2.183163535e-02 1.606710000e-01 3.429320000e-02 9.864120000e-01 1.745020000e-01
9.761435846e-01 -1.781422033e-01 -1.241354754e-01 1.209820461e-02 1.719470792e-01 9.833358744e-01 -5.903740552e-02 -3.226688876e-02 1.325830000e-01 3.628420000e-02 9.905070000e-01 4.409690000e-01
9.804331303e-01 -1.799561045e-01 -7.978795483e-02 3.712330782e-02 1.768697697e-01 9.832394864e-01 -4.425100106e-02 -6.022300138e-02 8.641380000e-02 2.927310000e-02 9.958290000e-01 7.663200000e-01
9.847053365e-01 -1.720785659e-01 -2.729728221e-02 6.739853634e-02 1.714184488e-01 9.848831528e-01 -2.493396076e-02 -5.125074355e-02 3.117530000e-02 1.987330000e-02 9.993160000e-01 1.099680000e+00
9.833450015e-01 -1.812782300e-01 -1.307977031e-02 9.629767956e-02 1.808830997e-01 9.831383009e-01 -2.683887990e-02 -7.492041552e-02 1.772450000e-02 2.402590000e-02 9.995540000e-01 1.453580000e+00
9.693202928e-01 -1.852752926e-01 1.615283181e-01 1.882122941e-01 1.877712229e-01 9.822132304e-01 -1.903236814e-04 -6.525429343e-02 -1.586200000e-01 3.051490000e-02 9.868680000e-01 1.615180000e+00
9.360844194e-01 -1.815698288e-01 3.012954973e-01 2.785707307e-01 1.837496875e-01 9.827412830e-01 2.134480147e-02 -4.936893672e-02 -2.999710000e-01 3.538250000e-02 9.532920000e-01 1.758630000e+00
9.460701087e-01 -1.840028974e-01 2.666339987e-01 4.268222388e-01 1.853177634e-01 9.824659227e-01 2.045087887e-02 -3.650316104e-02 -2.657220000e-01 3.006410000e-02 9.635810000e-01 2.040570000e+00
9.573825775e-01 -1.856089689e-01 2.212861589e-01 5.217874727e-01 1.868037539e-01 9.822718271e-01 1.570697941e-02 -3.058036063e-02 -2.202790000e-01 2.629950000e-02 9.750820000e-01 2.300940000e+00
9.703599712e-01 -1.808227745e-01 1.603296084e-01 6.202117857e-01 1.832879542e-01 9.830586429e-01 -5.967719019e-04 -1.371149443e-02 -1.575050000e-01 2.996550000e-02 9.870630000e-01 2.636340000e+00
9.830166974e-01 -1.814049945e-01 2.775586208e-02 6.361257597e-01 1.819343439e-01 9.831475425e-01 -1.788563103e-02 -2.372027282e-02 -2.404360000e-02 2.263160000e-02 9.994550000e-01 2.793540000e+00
9.795350925e-01 -1.849975299e-01 -7.929211989e-02 6.221682149e-01 1.816425687e-01 9.822082948e-01 -4.768166342e-02 -2.689839496e-02 8.670240000e-02 3.230300000e-02 9.957100000e-01 3.003110000e+00
9.753554365e-01 -1.759721577e-01 -1.330998129e-01 6.422253748e-01 1.698755535e-01 9.838768432e-01 -5.594108055e-02 -5.062644696e-02 1.407980000e-01 3.195200000e-02 9.895230000e-01 3.341950000e+00
9.780042598e-01 -1.814346973e-01 -1.029006501e-01 6.270358101e-01 1.770307484e-01 9.829089827e-01 -5.050315116e-02 -5.535450198e-02 1.103050000e-01 3.117580000e-02 9.934090000e-01 3.693940000e+00
9.835240817e-01 -1.785125490e-01 -2.851995898e-02 6.397320793e-01 1.776853538e-01 9.836508621e-01 -2.931630095e-02 -6.920769360e-02 3.328700000e-02 2.376580000e-02 9.991630000e-01 4.002840000e+00
9.840414385e-01 -1.770325816e-01 -1.794671907e-02 6.750680024e-01 1.764269673e-01 9.838239912e-01 -3.105675541e-02 -6.998050871e-02 2.315450000e-02 2.739480000e-02 9.993560000e-01 4.378110000e+00
9.839606392e-01 -1.776950188e-01 1.565896241e-02 7.384687621e-01 1.780389517e-01 9.837226997e-01 -2.431766638e-02 -7.137249779e-02 -1.108300000e-02 2.671560000e-02 9.995820000e-01 4.684070000e+00
9.843237138e-01 -1.762662140e-01 6.096319125e-03 7.545619435e-01 1.763313637e-01 9.842491449e-01 -1.266685330e-02 -9.615525328e-02 -3.767560000e-03 1.354320000e-02 9.999010000e-01 5.030950000e+00
9.778011153e-01 -1.913375521e-01 8.540552226e-02 7.735556109e-01 1.928322937e-01 9.811853210e-01 -9.532365908e-03 -1.022937954e-01 -8.197480000e-02 2.578970000e-02 9.963010000e-01 5.274230000e+00
9.587744289e-01 -1.811985902e-01 2.189010599e-01 8.343467449e-01 1.830472185e-01 9.830314508e-01 1.198109194e-02 -8.813632360e-02 -2.173580000e-01 2.858210000e-02 9.756730000e-01 5.392740000e+00
9.340478724e-01 -1.809540157e-01 3.079131609e-01 9.143540432e-01 1.813512086e-01 9.830318954e-01 2.758182615e-02 -6.916896938e-02 -3.076790000e-01 3.007770000e-02 9.510150000e-01 5.516200000e+00
9.596987212e-01 -1.826425764e-01 2.135893380e-01 9.717351659e-01 1.844669205e-01 9.827715236e-01 1.153224070e-02 -7.988048610e-02 -2.120160000e-01 2.833270000e-02 9.768550000e-01 5.739820000e+00
9.769118704e-01 -1.820603269e-01 1.117919427e-01 9.624299400e-01 1.836386651e-01 9.829856476e-01 -3.898784498e-03 -9.397324113e-02 -1.091800000e-01 2.433810000e-02 9.937240000e-01 5.894280000e+00
9.796951725e-01 -1.725087870e-01 1.021702246e-01 9.912359335e-01 1.750063857e-01 9.844381363e-01 -1.593966133e-02 -7.820778648e-02 -9.783060000e-02 3.349650000e-02 9.946390000e-01 6.148060000e+00
9.793225946e-01 -1.776466198e-01 9.679062714e-02 1.069023650e+00 1.803954185e-01 9.833831317e-01 -2.035964011e-02 -8.906314887e-02 -9.156550000e-02 3.739930000e-02 9.950970000e-01 6.439020000e+00
9.795659645e-01 -1.754706676e-01 9.828485474e-02 1.057579394e+00 1.776830623e-01 9.839855444e-01 -1.415894238e-02 -9.857749421e-02 -9.422640000e-02 3.133320000e-02 9.950580000e-01 6.686380000e+00
9.803930617e-01 -1.656265121e-01 1.067549574e-01 1.110245429e+00 1.667691821e-01 9.859947859e-01 -1.805315809e-03 -1.157008633e-01 -1.049600000e-01 1.957330000e-02 9.942840000e-01 6.944440000e+00
9.769751203e-01 -1.741183074e-01 1.232993615e-01 1.156296131e+00 1.760783384e-01 9.843627378e-01 -5.097189869e-03 -1.111690020e-01 -1.204840000e-01 2.669020000e-02 9.923560000e-01 7.233910000e+00
9.770665138e-01 -1.707319788e-01 1.272448357e-01 1.181724916e+00 1.730568006e-01 9.848847910e-01 -7.363685564e-03 -1.302392278e-01 -1.240640000e-01 2.921540000e-02 9.918440000e-01 7.544050000e+00
9.732577943e-01 -1.868890154e-01 1.335733845e-01 1.208496087e+00 1.880107755e-01 9.821574354e-01 4.279192504e-03 -9.788804469e-02 -1.319900000e-01 2.094840000e-02 9.910300000e-01 7.824540000e+00
9.736524993e-01 -1.832043824e-01 1.357851293e-01 1.241855071e+00 1.838864606e-01 9.829178702e-01 7.611850567e-03 -1.222927209e-01 -1.348600000e-01 1.755770000e-02 9.907090000e-01 8.014210000e+00
9.760235778e-01 -1.654379481e-01 1.414481883e-01 1.349028697e+00 1.675073413e-01 9.858670662e-01 -2.767822798e-03 -1.063550849e-01 -1.389910000e-01 2.639500000e-02 9.899420000e-01 8.160460000e+00
9.759355152e-01 -1.658479813e-01 1.415757908e-01 1.341941250e+00 1.687585077e-01 9.856188535e-01 -8.721175261e-03 -9.380809322e-02 -1.380930000e-01 3.240340000e-02 9.898890000e-01 8.266960000e+00
9.753876128e-01 -1.764108398e-01 1.322774348e-01 1.340801786e+00 1.783769954e-01 9.839578770e-01 -3.070533658e-03 -1.093736487e-01 -1.296140000e-01 2.659030000e-02 9.912080000e-01 8.283180000e+00
9.740001100e-01 -1.713932886e-01 1.481484013e-01 1.416866639e+00 1.731622507e-01 9.848927469e-01 9.714377161e-04 -1.152459663e-01 -1.460770000e-01 2.470760000e-02 9.889650000e-01 8.512360000e+00
9.755018558e-01 -1.630308913e-01 1.477040278e-01 1.435377468e+00 1.646988899e-01 9.863437699e-01 9.497464124e-04 -1.121666506e-01 -1.458420000e-01 2.340020000e-02 9.890310000e-01 8.710210000e+00
9.857775686e-01 -1.674764826e-01 1.393521919e-02 1.435602902e+00 1.677431147e-01 9.856094396e-01 -2.086873186e-02 -1.410921280e-01 -1.023970000e-02 2.290940000e-02 9.996850000e-01 8.835180000e+00
9.789835670e-01 -1.725522993e-01 -1.087053386e-01 1.434107535e+00 1.689383157e-01 9.847440573e-01 -4.169134428e-02 -1.405917142e-01 1.142410000e-01 2.245060000e-02 9.931990000e-01 8.919740000e+00
9.606176050e-01 -1.513921605e-01 -2.330115738e-01 1.431481624e+00 1.406956140e-01 9.881123191e-01 -6.196160799e-02 -1.415167031e-01 2.396220000e-01 2.673770000e-02 9.704980000e-01 8.998780000e+00
9.287068214e-01 -1.603525764e-01 -3.343503072e-01 1.395371958e+00 1.397853146e-01 9.865388651e-01 -8.486399286e-02 -1.356945305e-01 3.434570000e-01 3.207650000e-02 9.386200000e-01 9.071770000e+00
8.674530386e-01 -1.585170713e-01 -4.715894734e-01 1.323699115e+00 1.220205905e-01 9.867191310e-01 -1.072216275e-01 -1.408880077e-01 4.823230000e-01 3.546610000e-02 8.752750000e-01 9.192550000e+00
7.908316042e-01 -1.576212814e-01 -5.913882922e-01 1.242577541e+00 9.991350688e-02 9.865546340e-01 -1.293347347e-01 -1.698387482e-01 6.038230000e-01 4.319430000e-02 7.959470000e-01 9.290530000e+00
7.143419269e-01 -1.530035862e-01 -6.828648079e-01 1.190766066e+00 8.694991543e-02 9.876497948e-01 -1.303359252e-01 -1.861350466e-01 6.943740000e-01 3.372940000e-02 7.188240000e-01 9.349280000e+00
6.237874373e-01 -1.579125950e-01 -7.654758137e-01 1.115088032e+00 6.414136640e-02 9.864162332e-01 -1.512223469e-01 -2.096127106e-01 7.789580000e-01 4.523190000e-02 6.254430000e-01 9.423780000e+00
5.108689131e-01 -1.534001550e-01 -8.458618322e-01 1.008275824e+00 3.825926364e-02 9.870328034e-01 -1.558948935e-01 -2.022563442e-01 8.588070000e-01 4.727980000e-02 5.101130000e-01 9.481060000e+00
3.878538568e-01 -1.575084231e-01 -9.081625978e-01 9.110098107e-01 1.988996114e-02 9.864919012e-01 -1.625987767e-01 -2.414859114e-01 9.215060000e-01 4.500130000e-02 3.857480000e-01 9.505400000e+00
3.147952049e-01 -1.608625978e-01 -9.354283828e-01 7.792631911e-01 1.350345115e-02 9.861925953e-01 -1.650480579e-01 -2.510028556e-01 9.490630000e-01 3.932490000e-02 3.126210000e-01 9.531130000e+00
2.676165474e-01 -1.563440554e-01 -9.507567677e-01 6.120282477e-01 -1.592805269e-02 9.858949151e-01 -1.666057709e-01 -2.835092194e-01 9.633940000e-01 5.973020000e-02 2.613520000e-01 9.589720000e+00
1.504028525e-01 -1.596734227e-01 -9.756455547e-01 5.361826347e-01 -2.672406449e-02 9.858536738e-01 -1.654639484e-01 -3.097570844e-01 9.882640000e-01 5.095950000e-02 1.440080000e-01 9.599340000e+00
1.126225387e-01 -1.503855938e-01 -9.821918939e-01 3.225769548e-01 -2.795361240e-02 9.876100556e-01 -1.544204409e-01 -3.493387191e-01 9.932450000e-01 4.484700000e-02 1.070230000e-01 9.622700000e+00
8.768828172e-02 -1.547814603e-01 -9.840497497e-01 3.187720897e-02 -2.751116162e-02 9.871019820e-01 -1.577130667e-01 -4.028038190e-01 9.957680000e-01 4.090190000e-02 8.229910000e-02 9.668170000e+00
6.603260264e-02 -1.620821010e-01 -9.845657323e-01 -2.463671746e-01 -1.904841591e-02 9.863342808e-01 -1.636509929e-01 -4.483753428e-01 9.976360000e-01 2.956070000e-02 6.204280000e-02 9.702990000e+00
6.636479563e-02 -1.652294675e-01 -9.840193510e-01 -4.705737665e-01 -3.862126747e-02 9.850290738e-01 -1.680037253e-01 -4.828064407e-01 9.970480000e-01 4.915360000e-02 5.898990000e-02 9.744960000e+00
5.290012114e-02 -1.684880635e-01 -9.842836418e-01 -7.175983230e-01 -3.181661386e-02 9.848787110e-01 -1.702999218e-01 -5.335239702e-01 9.980930000e-01 4.032540000e-02 4.673950000e-02 9.776100000e+00
1.326696218e-01 -1.567748901e-01 -9.786829713e-01 -8.953750083e-01 -1.532248944e-02 9.869689484e-01 -1.601794104e-01 -5.732901253e-01 9.910420000e-01 3.624680000e-02 1.285390000e-01 9.815450000e+00
2.774733776e-01 -1.609525890e-01 -9.471550577e-01 -9.969291438e-01 8.340758328e-04 9.859070781e-01 -1.672933414e-01 -5.772369635e-01 9.607330000e-01 4.562950000e-02 2.736980000e-01 9.856850000e+00
4.442785208e-01 -1.640391198e-01 -8.807427282e-01 -1.110342353e+00 4.249786398e-02 9.858458329e-01 -1.621773035e-01 -6.134320881e-01 8.948800000e-01 3.462220000e-02 4.449620000e-01 9.917840000e+00
5.594779875e-01 -1.690956414e-01 -8.114127878e-01 -1.170318927e+00 6.587873836e-02 9.849427925e-01 -1.598346523e-01 -6.241627102e-01 8.262230000e-01 3.596920000e-02 5.621940000e-01 1.000410000e+01
6.842871613e-01 -1.609867668e-01 -7.112206327e-01 -1.250364725e+00 8.837226749e-02 9.864456315e-01 -1.382591461e-01 -6.336914364e-01 7.238380000e-01 3.175670000e-02 6.892390000e-01 1.011010000e+01
7.693827384e-01 -1.594958377e-01 -6.185561679e-01 -1.306904932e+00 9.811785758e-02 9.863435622e-01 -1.322877480e-01 -6.449342646e-01 6.312080000e-01 4.108850000e-02 7.745250000e-01 1.017730000e+01
8.431825505e-01 -1.741540529e-01 -5.086395408e-01 -1.335269503e+00 1.328406870e-01 9.842334156e-01 -1.167809449e-01 -6.578451154e-01 5.209580000e-01 3.089960000e-02 8.530230000e-01 1.028640000e+01
9.121093410e-01 -1.640122525e-01 -3.757078470e-01 -1.370735606e+00 1.406239802e-01 9.860496471e-01 -8.905781056e-02 -6.731649842e-01 3.850730000e-01 2.839690000e-02 9.224490000e-01 1.040510000e+01
9.588579550e-01 -1.740553973e-01 -2.242679771e-01 -1.384586257e+00 1.624694370e-01 9.842797699e-01 -6.926523982e-02 -6.759157962e-01 2.327990000e-01 2.997880000e-02 9.720630000e-01 1.054640000e+01
9.793327229e-01 -1.748685633e-01 -1.016248083e-01 -1.365375237e+00 1.699348120e-01 9.838974530e-01 -5.539695476e-02 -6.654028104e-01 1.096750000e-01 3.698250000e-02 9.932790000e-01 1.063630000e+01
9.859346801e-01 -1.670457671e-01 5.403874696e-03 -1.328181758e+00 1.671285146e-01 9.851505187e-01 -3.932377871e-02 -6.733768056e-01 1.245240000e-03 3.967380000e-02 9.992120000e-01 1.081620000e+01
9.843065219e-01 -1.763882301e-01 -5.240686547e-03 -1.305063317e+00 1.760616554e-01 9.836277715e-01 -3.846515432e-02 -6.715168112e-01 1.193970000e-02 3.693880000e-02 9.992460000e-01 1.100300000e+01
9.828004287e-01 -1.829487098e-01 -2.516686811e-02 -1.275530428e+00 1.819919638e-01 9.826350551e-01 -3.616264911e-02 -6.865620044e-01 3.134580000e-02 3.096040000e-02 9.990290000e-01 1.122980000e+01
9.847902480e-01 -1.730402478e-01 -1.566466467e-02 -1.266142899e+00 1.724405907e-01 9.844393095e-01 -3.382145248e-02 -6.900700394e-01 2.127340000e-02 3.060580000e-02 9.993050000e-01 1.139900000e+01
9.861689896e-01 -1.650023415e-01 -1.566442518e-02 -1.240380562e+00 1.641460915e-01 9.853815692e-01 -4.560725610e-02 -6.777535487e-01 2.296070000e-02 4.240520000e-02 9.988370000e-01 1.166540000e+01
9.840653583e-01 -1.763128603e-01 -2.301165442e-02 -1.226009062e+00 1.754634347e-01 9.838697964e-01 -3.482927303e-02 -7.074254624e-01 2.878130000e-02 3.023660000e-02 9.991280000e-01 1.181520000e+01
9.845452427e-01 -1.729667110e-01 -2.745882934e-02 -1.217414754e+00 1.716421338e-01 9.841346287e-01 -4.491642061e-02 -6.928580873e-01 3.479220000e-02 3.950920000e-02 9.986130000e-01 1.204920000e+01
9.857431480e-01 -1.645667089e-01 -3.504177753e-02 -1.201723434e+00 1.632768647e-01 9.858879594e-01 -3.695933900e-02 -7.022672443e-01 4.062950000e-02 3.071090000e-02 9.987020000e-01 1.225100000e+01
9.817530043e-01 -1.851922754e-01 -4.318215246e-02 -1.188105177e+00 1.830783946e-01 9.818937370e-01 -4.865851327e-02 -7.130085973e-01 5.141140000e-02 3.986500000e-02 9.978820000e-01 1.255640000e+01
9.854615645e-01 -1.627426599e-01 -4.879163714e-02 -1.187754878e+00 1.607542772e-01 9.860898273e-01 -4.225451054e-02 -7.278279338e-01 5.498950000e-02 3.379670000e-02 9.979150000e-01 1.278430000e+01
9.854261804e-01 -1.689726452e-01 1.955935091e-02 -1.175845938e+00 1.695744817e-01 9.848996828e-01 -3.487340746e-02 -7.329429244e-01 -1.337140000e-02 3.768200000e-02 9.992000000e-01 1.299050000e+01
9.816043285e-01 -1.823369932e-01 5.662712587e-02 -1.149340344e+00 1.837970192e-01 9.827250922e-01 -2.169968143e-02 -7.512751641e-01 -5.169220000e-02 3.170840000e-02 9.981600000e-01 1.326820000e+01
9.784019022e-01 -1.808581547e-01 1.000998881e-01 -1.146277038e+00 1.833177891e-01 9.829253324e-01 -1.586717687e-02 -7.510818737e-01 -9.552100000e-02 3.387460000e-02 9.948510000e-01 1.346850000e+01
9.772741056e-01 -1.838062239e-01 1.055986991e-01 -1.115628285e+00 1.858356655e-01 9.825332889e-01 -9.625862505e-03 -7.692854052e-01 -1.019850000e-01 2.903110000e-02 9.943620000e-01 1.374200000e+01
9.788962613e-01 -1.665300843e-01 1.184506887e-01 -1.070392664e+00 1.686502513e-01 9.856430431e-01 -8.034633206e-03 -7.752852620e-01 -1.154130000e-01 2.784180000e-02 9.929270000e-01 1.399200000e+01
9.756074831e-01 -1.820475382e-01 1.226740523e-01 -1.050211310e+00 1.835207104e-01 9.830157484e-01 -7.221495707e-04 -7.816073876e-01 -1.204590000e-01 2.321770000e-02 9.924470000e-01 1.419680000e+01
9.772436560e-01 -1.689345334e-01 1.282833044e-01 -1.023586512e+00 1.716409370e-01 9.851061064e-01 -1.026193091e-02 -7.710227043e-01 -1.246390000e-01 3.204700000e-02 9.916840000e-01 1.442450000e+01
9.753221197e-01 -1.660129833e-01 1.455565115e-01 -9.995856227e-01 1.687676222e-01 9.856327570e-01 -6.697660691e-03 -7.948958594e-01 -1.423540000e-01 3.109760000e-02 9.893270000e-01 1.470710000e+01
9.757042895e-01 -1.761609528e-01 1.302668837e-01 -9.559263464e-01 1.780395261e-01 9.840196810e-01 -2.825410205e-03 -7.952100381e-01 -1.276870000e-01 2.594930000e-02 9.914750000e-01 1.500910000e+01
9.740497533e-01 -1.692426720e-01 1.502822026e-01 -9.289002430e-01 1.711088809e-01 9.852521709e-01 5.202163110e-04 -7.932699820e-01 -1.481530000e-01 2.520790000e-02 9.886430000e-01 1.528320000e+01
9.741282400e-01 -1.693880103e-01 1.496069049e-01 -8.905151736e-01 1.706422838e-01 9.853224046e-01 4.508160258e-03 -8.008229865e-01 -1.481750000e-01 2.113770000e-02 9.887350000e-01 1.555900000e+01
9.733912300e-01 -1.596088502e-01 1.644201719e-01 -8.582493374e-01 1.619264533e-01 9.868022183e-01 -7.019000963e-04 -7.990002581e-01 -1.621390000e-01 2.730720000e-02 9.863900000e-01 1.588680000e+01
9.635560867e-01 -1.614856776e-01 2.132666834e-01 -7.778569024e-01 1.638590587e-01 9.864615351e-01 6.621170163e-03 -8.072761299e-01 -2.114480000e-01 2.856580000e-02 9.769720000e-01 1.622020000e+01
9.497606831e-01 -1.686700948e-01 2.636387457e-01 -6.899568337e-01 1.711944284e-01 9.851437185e-01 1.354407596e-02 -7.951838476e-01 -2.620060000e-01 3.226980000e-02 9.645260000e-01 1.661430000e+01
9.520540698e-01 -1.780809762e-01 2.487564079e-01 -6.068432867e-01 1.821197385e-01 9.832526670e-01 6.876154155e-03 -7.892994444e-01 -2.458150000e-01 3.875700000e-02 9.685420000e-01 1.689970000e+01
9.739217993e-01 -1.570814452e-01 1.637124953e-01 -5.826310417e-01 1.597016982e-01 9.871606908e-01 -2.884702833e-03 -7.980057096e-01 -1.611570000e-01 2.895460000e-02 9.865040000e-01 1.704940000e+01
9.707518612e-01 -1.561556998e-01 1.823651660e-01 -5.349680605e-01 1.591360822e-01 9.872549908e-01 -1.732919957e-03 -8.005270932e-01 -1.797700000e-01 3.070310000e-02 9.832290000e-01 1.730870000e+01
9.603485974e-01 -1.732826663e-01 2.184120545e-01 -4.724205354e-01 1.753955439e-01 9.844492722e-01 9.830300708e-03 -7.978163512e-01 -2.167190000e-01 2.886800000e-02 9.758070000e-01 1.759870000e+01
9.725204008e-01 -1.549423917e-01 1.737744656e-01 -4.115023553e-01 1.588029021e-01 9.872740345e-01 -8.450166098e-03 -7.921435328e-01 -1.702530000e-01 3.581380000e-02 9.847490000e-01 1.789420000e+01
9.680459160e-01 -1.699403747e-01 1.844117563e-01 -3.681610368e-01 1.712865107e-01 9.851822257e-01 8.726090744e-03 -8.061862809e-01 -1.831620000e-01 2.314000000e-02 9.828100000e-01 1.811850000e+01
9.804629265e-01 -1.578988441e-01 1.173053756e-01 -3.398729059e-01 1.604761142e-01 9.869565535e-01 -1.280039987e-02 -7.994133542e-01 -1.137540000e-01 3.137500000e-02 9.930130000e-01 1.835940000e+01
9.759758030e-01 -1.809186367e-01 1.214102671e-01 -3.088891347e-01 1.837788481e-01 9.828854179e-01 -1.269380072e-02 -8.039727554e-01 -1.170360000e-01 3.470150000e-02 9.925210000e-01 1.864270000e+01
9.758685426e-01 -1.756364093e-01 1.297377377e-01 -2.628843147e-01 1.778647138e-01 9.840387353e-01 -5.702389860e-03 -8.074127893e-01 -1.266650000e-01 2.864060000e-02 9.915320000e-01 1.897630000e+01
9.749149201e-01 -1.695280435e-01 1.442265099e-01 -2.067966690e-01 1.717228283e-01 9.851408768e-01 -2.814958599e-03 -7.996635000e-01 -1.416060000e-01 2.751130000e-02 9.895410000e-01 1.930640000e+01
9.738806913e-01 -1.720895373e-01 1.481262481e-01 -1.439371822e-01 1.744776415e-01 9.846563479e-01 -3.183381699e-03 -8.064676377e-01 -1.453060000e-01 2.894490000e-02 9.889630000e-01 1.963070000e+01
9.725661164e-01 -1.668441793e-01 1.621054873e-01 -7.595989251e-02 1.698366836e-01 9.854609993e-01 -4.681399103e-03 -8.106499793e-01 -1.589680000e-01 3.208440000e-02 9.867620000e-01 1.995360000e+01
9.715658522e-01 -1.640717903e-01 1.707052075e-01 -6.832847794e-03 1.656844557e-01 9.861664269e-01 4.855614186e-03 -8.333549816e-01 -1.691410000e-01 2.356570000e-02 9.853100000e-01 2.035060000e+01
9.657785776e-01 -1.732216993e-01 1.930444511e-01 7.147319340e-02 1.758935376e-01 9.844034002e-01 3.345503903e-03 -8.275614607e-01 -1.906130000e-01 3.072430000e-02 9.811840000e-01 2.068160000e+01
9.689213695e-01 -1.561227978e-01 1.918760954e-01 1.575031044e-01 1.601249722e-01 9.870818992e-01 -5.433900666e-03 -8.174623886e-01 -1.885490000e-01 3.598920000e-02 9.814040000e-01 2.096610000e+01
9.718150272e-01 -1.615524468e-01 1.716855514e-01 2.161878174e-01 1.645575145e-01 9.863621425e-01 -3.322223550e-03 -8.260037137e-01 -1.688080000e-01 3.148070000e-02 9.851460000e-01 2.120340000e+01
9.732769396e-01 -1.547579418e-01 1.696520076e-01 2.893593776e-01 1.584407265e-01 9.873336017e-01 -8.305434582e-03 -8.157780498e-01 -1.662180000e-01 3.496330000e-02 9.854690000e-01 2.148190000e+01
9.778751030e-01 -1.587180805e-01 1.362666469e-01 3.707871689e-01 1.607604387e-01 9.869854795e-01 -4.046713226e-03 -8.272782546e-01 -1.338500000e-01 2.586350000e-02 9.906640000e-01 2.174840000e+01
9.841627079e-01 -1.538859417e-01 8.799855325e-02 3.846446441e-01 1.554986075e-01 9.877667094e-01 -1.173305235e-02 -8.216922308e-01 -8.511640000e-02 2.523090000e-02 9.960520000e-01 2.192910000e+01
9.865894200e-01 -1.542856589e-01 5.326814929e-02 4.419938520e-01 1.556936726e-01 9.875290545e-01 -2.335426799e-02 -8.235298191e-01 -4.900060000e-02 3.133460000e-02 9.983070000e-01 2.224410000e+01
9.868211060e-01 -1.555768130e-01 4.448716866e-02 4.942194899e-01 1.567278022e-01 9.873585395e-01 -2.365477035e-02 -8.346524099e-01 -4.024470000e-02 3.031540000e-02 9.987300000e-01 2.261170000e+01
9.874962993e-01 -1.563825467e-01 1.990662930e-02 5.325262287e-01 1.569446413e-01 9.871277795e-01 -3.076890638e-02 -8.419458583e-01 -1.483860000e-02 3.350840000e-02 9.993280000e-01 2.291010000e+01
9.871000842e-01 -1.600643386e-01 -3.464783377e-03 5.635897233e-01 1.598936323e-01 9.866889493e-01 -2.963287006e-02 -8.593015391e-01 8.161830000e-03 2.869660000e-02 9.995550000e-01 2.323190000e+01
9.880205219e-01 -1.533177148e-01 -1.755983179e-02 5.841474837e-01 1.525488597e-01 9.875283502e-01 -3.895022821e-02 -8.613177548e-01 2.331260000e-02 3.580490000e-02 9.990870000e-01 2.351370000e+01
9.861651802e-01 -1.657657648e-01 8.009850848e-04 6.177575642e-01 1.657351893e-01 9.858638724e-01 -2.459215167e-02 -8.735619012e-01 3.286880000e-03 2.438470000e-02 9.996970000e-01 2.375680000e+01
9.876934638e-01 -1.560960233e-01 9.778019107e-03 6.448716416e-01 1.563111935e-01 9.873190324e-01 -2.770040765e-02 -8.720699217e-01 -5.330100000e-03 2.888790000e-02 9.995680000e-01 2.399750000e+01
9.900331466e-01 -1.402779417e-01 1.250600914e-02 6.615260048e-01 1.406144001e-01 9.895426379e-01 -3.213424137e-02 -8.685718547e-01 -7.867500000e-03 3.357250000e-02 9.994050000e-01 2.432700000e+01
9.861242759e-01 -1.619197448e-01 3.662156597e-02 6.911978980e-01 1.627632157e-01 9.864341382e-01 -2.133950800e-02 -8.889617297e-01 -3.266950000e-02 2.700410000e-02 9.991010000e-01 2.460060000e+01
9.863016301e-01 -1.529172582e-01 6.185179303e-02 7.427527362e-01 1.541237033e-01 9.879347909e-01 -1.520120867e-02 -8.913487361e-01 -5.878100000e-02 2.452580000e-02 9.979700000e-01 2.484050000e+01
9.730656285e-01 -1.690370613e-01 1.567477809e-01 7.722677916e-01 1.709904194e-01 9.852723251e-01 1.037531926e-03 -8.784025256e-01 -1.546150000e-01 2.579280000e-02 9.876380000e-01 2.498390000e+01
9.734613352e-01 -1.623607326e-01 1.612807523e-01 8.449671410e-01 1.647783424e-01 9.863289921e-01 -1.638313263e-03 -8.733246511e-01 -1.588100000e-01 2.817040000e-02 9.869070000e-01 2.526230000e+01
9.700932439e-01 -1.680208111e-01 1.751783870e-01 9.045847471e-01 1.714929657e-01 9.851734448e-01 -4.764040946e-03 -8.777101999e-01 -1.717810000e-01 3.466350000e-02 9.845250000e-01 2.555820000e+01
9.589319887e-01 -1.594223457e-01 2.345917964e-01 9.758536964e-01 1.608482078e-01 9.868913695e-01 1.317136880e-02 -8.808405386e-01 -2.336170000e-01 2.510320000e-02 9.720050000e-01 2.582800000e+01
9.456885052e-01 -1.535857265e-01 2.865029535e-01 1.055689570e+00 1.533812016e-01 9.878922355e-01 2.329873495e-02 -8.704750352e-01 -2.866120000e-01 2.191090000e-02 9.577960000e-01 2.601380000e+01
9.695272755e-01 -1.610368248e-01 1.846201532e-01 1.119690008e+00 1.631582180e-01 9.865930515e-01 3.745710463e-03 -8.650688404e-01 -1.827480000e-01 2.649070000e-02 9.828030000e-01 2.622680000e+01
9.852115661e-01 -1.642768232e-01 4.869440248e-02 1.107132013e+00 1.653951160e-01 9.860271672e-01 -1.987404962e-02 -8.700266157e-01 -4.474920000e-02 2.763400000e-02 9.986160000e-01 2.632000000e+01
9.854459679e-01 -1.537019449e-01 -7.260409031e-02 1.084735179e+00 1.508722130e-01 9.876171287e-01 -4.300457371e-02 -8.650508827e-01 7.831500000e-02 3.142480000e-02 9.964330000e-01 2.638140000e+01
9.846805434e-01 -1.594645002e-01 -7.053964013e-02 1.078924840e+00 1.560193158e-01 9.863874119e-01 -5.194939371e-02 -8.644228166e-01 7.786350000e-02 4.014800000e-02 9.961550000e-01 2.640490000e+01
9.841382724e-01 -1.667019980e-01 6.068980813e-02 1.125870749e+00 1.684671895e-01 9.853852662e-01 -2.519643090e-02 -8.712197792e-01 -5.560260000e-02 3.502100000e-02 9.978390000e-01 2.650620000e+01
9.741790026e-01 -1.556423383e-01 1.635578388e-01 1.192808212e+00 1.592852672e-01 9.871886193e-01 -9.317782205e-03 -8.621333315e-01 -1.600120000e-01 3.512950000e-02 9.864900000e-01 2.664680000e+01
9.798940931e-01 -1.665954445e-01 1.097883706e-01 1.262674565e+00 1.685658213e-01 9.856509178e-01 -8.851268821e-03 -8.691650535e-01 -1.067380000e-01 2.717980000e-02 9.939160000e-01 2.700420000e+01
9.846517346e-01 -1.458269506e-01 9.588916742e-02 1.328699216e+00 1.476433282e-01 9.889665045e-01 -1.209018122e-02 -8.680768416e-01 -9.306810000e-02 2.606200000e-02 9.953190000e-01 2.728870000e+01
9.838558053e-01 -1.555114297e-01 8.856336688e-02 1.376664657e+00 1.578764844e-01 9.872496616e-01 -2.031432360e-02 -8.664967657e-01 -8.427510000e-02 3.396840000e-02 9.958630000e-01 2.760220000e+01
9.853467910e-01 -1.522475248e-01 7.689358099e-02 1.414630747e+00 1.543248504e-01 9.877795538e-01 -2.180346170e-02 -8.709549318e-01 -7.263440000e-02 3.335050000e-02 9.968010000e-01 2.781950000e+01
9.846317887e-01 -1.659264613e-01 5.449006451e-02 1.468576159e+00 1.675610558e-01 9.854945638e-01 -2.690952770e-02 -8.705848327e-01 -4.923460000e-02 3.562640000e-02 9.981520000e-01 2.816330000e+01
9.864871591e-01 -1.562647758e-01 4.923329634e-02 1.516329634e+00 1.574778507e-01 9.872818992e-01 -2.178308663e-02 -9.104071517e-01 -4.520320000e-02 2.924190000e-02 9.985500000e-01 2.847390000e+01
9.860728757e-01 -1.606527445e-01 4.302315503e-02 1.544263629e+00 1.620096691e-01 9.863285003e-01 -3.014600848e-02 -8.934748620e-01 -3.759190000e-02 3.669630000e-02 9.986190000e-01 2.878690000e+01
9.907439960e-01 -1.327721717e-01 2.826320050e-02 1.604997542e+00 1.336353501e-01 9.905384983e-01 -3.121561335e-02 -9.019166332e-01 -2.385130000e-02 3.470360000e-02 9.991130000e-01 2.910790000e+01
9.898639044e-01 -1.399830398e-01 2.394759826e-02 1.631176479e+00 1.408100861e-01 9.893340870e-01 -3.728378703e-02 -9.035363432e-01 -1.847310000e-02 4.027800000e-02 9.990180000e-01 2.945250000e+01
9.878500336e-01 -1.547142467e-01 1.469370348e-02 1.669914935e+00 1.551109819e-01 9.873963803e-01 -3.145076728e-02 -9.238638748e-01 -9.642660000e-03 3.334780000e-02 9.993970000e-01 2.977510000e+01
9.878805030e-01 -1.510711490e-01 3.562108258e-02 1.693067119e+00 1.521129996e-01 9.879488944e-01 -2.860559419e-02 -9.167730067e-01 -3.087030000e-02 3.367740000e-02 9.989560000e-01 3.002730000e+01
9.711446017e-01 -1.645245752e-01 1.726568520e-01 1.708699040e+00 1.673536692e-01 9.858949623e-01 -1.856644817e-03 -9.227109392e-01 -1.699160000e-01 3.069780000e-02 9.849800000e-01 3.014470000e+01
9.310524647e-01 -1.662910708e-01 3.247899438e-01 1.769055244e+00 1.675002907e-01 9.855689620e-01 2.444570854e-02 -9.197624027e-01 -3.241680000e-01 3.164220000e-02 9.454700000e-01 3.026480000e+01
9.109197553e-01 -1.646760890e-01 3.782959335e-01 1.820159488e+00 1.651788388e-01 9.857643249e-01 3.137074466e-02 -9.170995417e-01 -3.780770000e-01 3.391020000e-02 9.251530000e-01 3.039270000e+01
9.476001713e-01 -1.669632985e-01 2.723561489e-01 1.872190744e+00 1.671606991e-01 9.856693010e-01 2.265137921e-02 -9.132846625e-01 -2.722350000e-01 2.406280000e-02 9.619300000e-01 3.056190000e+01
9.759153207e-01 -1.552549586e-01 1.532489753e-01 1.868328551e+00 1.582483374e-01 9.873709859e-01 -7.456192129e-03 -9.178742562e-01 -1.501560000e-01 3.152800000e-02 9.881600000e-01 3.071250000e+01
9.700254512e-01 -1.733481068e-01 1.702955566e-01 1.931189822e+00 1.749735005e-01 9.845571318e-01 5.534291075e-03 -9.233771765e-01 -1.686250000e-01 2.442880000e-02 9.853770000e-01 3.100680000e+01
9.688402864e-01 -1.556160958e-01 1.926963099e-01 1.980681050e+00 1.583089590e-01 9.873883044e-01 1.439992734e-03 -9.243577600e-01 -1.904910000e-01 2.911040000e-02 9.812570000e-01 3.125650000e+01
9.656385351e-01 -1.551102572e-01 2.085274354e-01 2.040366761e+00 1.582865762e-01 9.873925774e-01 1.472805376e-03 -9.216662001e-01 -2.061260000e-01 3.158490000e-02 9.780150000e-01 3.146440000e+01
9.764835782e-01 -1.756395313e-01 1.250205338e-01 2.071807185e+00 1.778085616e-01 9.840443516e-01 -6.318792623e-03 -9.338603721e-01 -1.219160000e-01 2.839990000e-02 9.921340000e-01 3.170770000e+01
9.850614875e-01 -1.575236323e-01 6.956807815e-02 2.080457496e+00 1.598814425e-01 9.866897307e-01 -2.970232094e-02 -9.322562803e-01 -6.396330000e-02 4.038130000e-02 9.971350000e-01 3.189230000e+01
9.827771334e-01 -1.580570159e-01 9.574730410e-02 2.124754312e+00 1.598998509e-01 9.870623343e-01 -1.184127779e-02 -9.471368270e-01 -9.263700000e-02 2.694730000e-02 9.953350000e-01 3.215710000e+01
9.806391458e-01 -1.564233965e-01 1.178086986e-01 2.156456662e+00 1.601887655e-01 9.868149096e-01 -2.314227322e-02 -9.310624388e-01 -1.126350000e-01 4.156580000e-02 9.927670000e-01 3.242860000e+01
9.737732563e-01 -1.733552136e-01 1.473541701e-01 2.189112801e+00 1.766816745e-01 9.842207795e-01 -9.692663598e-03 -9.464068076e-01 -1.433490000e-01 3.547330000e-02 9.890360000e-01 3.267400000e+01
9.751432381e-01 -1.790846495e-01 1.304746869e-01 2.226641227e+00 1.819911964e-01 9.832432392e-01 -1.060668304e-02 -9.450183457e-01 -1.263890000e-01 3.408830000e-02 9.913950000e-01 3.299880000e+01
9.821056603e-01 -1.697482789e-01 8.157350152e-02 2.256839717e+00 1.725104522e-01 9.846085598e-01 -2.804767027e-02 -9.391069941e-01 -7.555690000e-02 4.161800000e-02 9.962730000e-01 3.322340000e+01
9.850381472e-01 -1.719210529e-01 1.193141140e-02 2.259463727e+00 1.722813119e-01 9.840924545e-01 -4.338112162e-02 -9.519454151e-01 -4.283480000e-03 4.478770000e-02 9.989870000e-01 3.349490000e+01
9.845604404e-01 -1.750372799e-01 -1.484127954e-03 2.298724413e+00 1.747593346e-01 9.834098361e-01 -4.862288312e-02 -9.508054995e-01 9.970320000e-03 4.761290000e-02 9.988160000e-01 3.381610000e+01
9.848922439e-01 -1.727973254e-01 -1.136602037e-02 2.319832787e+00 1.721211706e-01 9.840274127e-01 -4.544373991e-02 -9.649944730e-01 1.903700000e-02 4.280090000e-02 9.989020000e-01 3.409320000e+01
9.839161253e-01 -1.775762505e-01 -1.938554393e-02 2.331441828e+00 1.764274257e-01 9.830325474e-01 -5.020940874e-02 -9.723328484e-01 2.797260000e-02 4.598170000e-02 9.985510000e-01 3.438710000e+01
9.838487868e-01 -1.770769781e-01 -2.616526609e-02 2.362410629e+00 1.757433267e-01 9.833308255e-01 -4.663620181e-02 -9.833416214e-01 3.398730000e-02 4.128460000e-02 9.985690000e-01 3.466450000e+01
9.785954691e-01 -1.737942305e-01 1.102097024e-01 2.376216305e+00 1.766095031e-01 9.841472257e-01 -1.624480979e-02 -9.854586472e-01 -1.056400000e-01 3.536120000e-02 9.937760000e-01 3.478320000e+01
9.516519327e-01 -1.826418238e-01 2.469825511e-01 2.426917338e+00 1.841019624e-01 9.827534495e-01 1.737336301e-02 -9.923174422e-01 -2.458960000e-01 2.893660000e-02 9.688640000e-01 3.488770000e+01
9.333526519e-01 -1.783612465e-01 3.115132153e-01 2.509834625e+00 1.777741673e-01 9.835976377e-01 3.052762651e-02 -9.798975546e-01 -3.118490000e-01 2.688600000e-02 9.497510000e-01 3.512280000e+01
9.250542397e-01 -1.756122089e-01 3.368020408e-01 2.609127862e+00 1.783474250e-01 9.836967354e-01 2.306515527e-02 -9.662191192e-01 -3.353610000e-01 3.873120000e-02 9.412930000e-01 3.540180000e+01
9.147756294e-01 -1.734341991e-01 3.648381923e-01 2.723337758e+00 1.757922654e-01 9.840560153e-01 2.702214013e-02 -9.648831551e-01 -3.637080000e-01 3.941660000e-02 9.306790000e-01 3.566410000e+01
8.644956241e-01 -1.866125850e-01 4.667146675e-01 2.804666261e+00 1.826309474e-01 9.816846505e-01 5.423237268e-02 -9.511640484e-01 -4.682870000e-01 3.835290000e-02 8.827430000e-01 3.581240000e+01
7.841346338e-01 -1.854966699e-01 5.922195822e-01 2.880721080e+00 1.744802680e-01 9.816868114e-01 7.646450910e-02 -9.491542392e-01 -5.955580000e-01 4.337220000e-02 8.021400000e-01 3.587960000e+01
7.279399000e-01 -1.948725590e-01 6.573645257e-01 3.034044660e+00 1.722347402e-01 9.799886089e-01 9.978690168e-02 -9.280332742e-01 -6.636550000e-01 4.058210000e-02 7.469370000e-01 3.601170000e+01
7.098058137e-01 -1.949925750e-01 6.768706820e-01 3.194769154e+00 1.668333380e-01 9.801179979e-01 1.074011232e-01 -9.156269732e-01 -6.843560000e-01 3.669060000e-02 7.282240000e-01 3.614130000e+01
6.370147758e-01 -1.897755194e-01 7.471264966e-01 3.273153744e+00 1.581818436e-01 9.807772147e-01 1.142556809e-01 -8.802869809e-01 -7.544480000e-01 4.539930000e-02 6.547880000e-01 3.619210000e+01
5.386077719e-01 -2.019296120e-01 8.180009848e-01 3.370936045e+00 1.528873453e-01 9.781616542e-01 1.407989019e-01 -8.814087848e-01 -8.285690000e-01 4.922660000e-02 5.577180000e-01 3.622640000e+01
4.284143751e-01 -1.872265925e-01 8.839725265e-01 3.476011557e+00 1.302365839e-01 9.808771418e-01 1.446323899e-01 -8.499388303e-01 -8.941470000e-01 5.316300000e-02 4.446060000e-01 3.626210000e+01
3.311795563e-01 -1.872972420e-01 9.247922665e-01 3.607686417e+00 1.055870897e-01 9.813014208e-01 1.609301841e-01 -8.217660992e-01 -9.376420000e-01 4.434930000e-02 3.447630000e-01 3.627190000e+01
4.254818921e-01 -1.959508280e-01 8.834974004e-01 3.780090576e+00 1.226470167e-01 9.797544374e-01 1.582344190e-01 -8.052642981e-01 -8.966180000e-01 4.103240000e-02 4.409010000e-01 3.630090000e+01
5.134674836e-01 -1.821283268e-01 8.385586394e-01 3.868127962e+00 1.350256958e-01 9.821911555e-01 1.306451868e-01 -7.755814006e-01 -8.474190000e-01 4.614490000e-02 5.289160000e-01 3.637140000e+01
6.164283730e-01 -1.932606517e-01 7.633257322e-01 3.971142084e+00 1.542637951e-01 9.802673699e-01 1.236095373e-01 -7.825951875e-01 -7.721520000e-01 4.155710000e-02 6.340770000e-01 3.647400000e+01
6.323348352e-01 -1.849985258e-01 7.522815526e-01 4.173206097e+00 1.408707370e-01 9.823374414e-01 1.231630846e-01 -7.436834868e-01 -7.617800000e-01 2.809410000e-02 6.472270000e-01 3.663400000e+01
7.222421571e-01 -1.877152468e-01 6.656794744e-01 4.222707787e+00 1.639187400e-01 9.815005428e-01 9.892694584e-02 -7.437434227e-01 -6.719350000e-01 3.766810000e-02 7.396520000e-01 3.671040000e+01
8.024774625e-01 -1.872538976e-01 5.665383477e-01 4.281213740e+00 1.709291590e-01 9.818318093e-01 8.240371437e-02 -7.461790819e-01 -5.716750000e-01 3.071080000e-02 8.199050000e-01 3.679620000e+01
8.871907171e-01 -1.919561646e-01 4.195779718e-01 4.338848063e+00 1.886533024e-01 9.807801732e-01 4.980115825e-02 -7.447590614e-01 -4.210740000e-01 3.497160000e-02 9.063520000e-01 3.692520000e+01
9.373537865e-01 -1.803237972e-01 2.980790582e-01 4.363918556e+00 1.876574739e-01 9.822256065e-01 4.083981287e-03 -7.273654033e-01 -2.935170000e-01 5.210860000e-02 9.545320000e-01 3.701300000e+01
9.681211991e-01 -1.797578052e-01 1.744359979e-01 4.382077954e+00 1.819206739e-01 9.833060737e-01 3.643998592e-03 -7.467413256e-01 -1.721790000e-01 2.820570000e-02 9.846620000e-01 3.712000000e+01
9.812682499e-01 -1.832757789e-01 5.935172748e-02 4.383024363e+00 1.852011852e-01 9.822814751e-01 -2.870562155e-02 -7.485662400e-01 -5.303900000e-02 3.915990000e-02 9.978240000e-01 3.721680000e+01
9.790466258e-01 -1.810985071e-01 -9.311495884e-02 4.354595073e+00 1.770166908e-01 9.829143777e-01 -5.043983220e-02 -7.451858730e-01 1.006590000e-01 3.290010000e-02 9.943770000e-01 3.734740000e+01
9.526057422e-01 -1.792119114e-01 -2.458150939e-01 4.316623731e+00 1.614249136e-01 9.826928342e-01 -9.086485728e-02 -7.585863963e-01 2.578440000e-01 4.687770000e-02 9.650490000e-01 3.747550000e+01
9.208241883e-01 -1.645188729e-01 -3.535774186e-01 4.269618167e+00 1.426762247e-01 9.859230451e-01 -8.717532059e-02 -7.816150260e-01 3.629420000e-01 2.982610000e-02 9.313340000e-01 3.756020000e+01
8.698396451e-01 -1.767483398e-01 -4.605867619e-01 4.202226109e+00 1.395055599e-01 9.836371555e-01 -1.140040449e-01 -7.894227459e-01 4.732000000e-01 3.491080000e-02 8.802630000e-01 3.764650000e+01
7.950216629e-01 -1.773383596e-01 -5.800783868e-01 4.115403365e+00 1.199870760e-01 9.833896043e-01 -1.361891111e-01 -8.054889205e-01 5.945950000e-01 3.867140000e-02 8.030950000e-01 3.773820000e+01
7.310680544e-01 -1.745940201e-01 -6.595884066e-01 4.057804566e+00 1.012205088e-01 9.837617612e-01 -1.482135591e-01 -8.158934634e-01 6.747550000e-01 4.159030000e-02 7.368690000e-01 3.776910000e+01
6.277433073e-01 -1.720612599e-01 -7.591667522e-01 3.988978995e+00 7.873160021e-02 9.842977567e-01 -1.579843044e-01 -8.251979605e-01 7.744290000e-01 3.940320000e-02 6.314330000e-01 3.776860000e+01
5.316464054e-01 -1.607350484e-01 -8.315747969e-01 3.956159243e+00 4.926322686e-02 9.860329658e-01 -1.590953316e-01 -8.392394412e-01 8.455320000e-01 4.361640000e-02 5.321400000e-01 3.774810000e+01
4.080762366e-01 -1.659461610e-01 -8.977392772e-01 3.938221031e+00 1.396113176e-02 9.843604894e-01 -1.756118662e-01 -8.305084410e-01 9.128410000e-01 5.912950000e-02 4.040110000e-01 3.773070000e+01
2.833667438e-01 -1.719979643e-01 -9.434614286e-01 3.948892052e+00 -3.452654516e-03 9.835956740e-01 -1.803516338e-01 -8.269200282e-01 9.590060000e-01 5.436310000e-02 2.781240000e-01 3.772590000e+01
1.157351077e-01 -1.641683127e-01 -9.796198065e-01 3.954455431e+00 -2.964769125e-02 9.852365696e-01 -1.686123609e-01 -8.410372802e-01 9.928380000e-01 4.855780000e-02 1.091590000e-01 3.769660000e+01
-2.372926381e-02 -1.578851225e-01 -9.871720314e-01 3.946392610e+00 -6.119079864e-02 9.858282428e-01 -1.561992517e-01 -8.486181980e-01 9.978440000e-01 5.669940000e-02 -3.305410000e-02 3.767130000e+01
-1.734222809e-01 -1.554664078e-01 -9.724995496e-01 3.945613566e+00 -6.989055123e-02 9.869146635e-01 -1.453076450e-01 -8.297902933e-01 9.823640000e-01 4.276890000e-02 -1.820190000e-01 3.762880000e+01
-2.940179000e-01 -1.719159230e-01 -9.402115903e-01 3.952631519e+00 -1.044889686e-01 9.835770412e-01 -1.471698693e-01 -8.218226567e-01 9.500710000e-01 5.497120000e-02 -3.071520000e-01 3.763790000e+01
-4.179018012e-01 -1.529721723e-01 -8.955209231e-01 3.958477775e+00 -1.065733510e-01 9.871704419e-01 -1.188944858e-01 -8.312533776e-01 9.022200000e-01 4.575250000e-02 -4.288430000e-01 3.763130000e+01
-5.421649443e-01 -1.616156761e-01 -8.245833135e-01 3.951215682e+00 -1.408026386e-01 9.849269380e-01 -1.004646000e-01 -8.337407867e-01 8.283910000e-01 6.163510000e-02 -5.567490000e-01 3.759810000e+01
-6.489242130e-01 -1.756988515e-01 -7.402888037e-01 3.982520135e+00 -1.610808772e-01 9.826420252e-01 -9.201796668e-02 -8.069153017e-01 7.436060000e-01 5.953370000e-02 -6.659620000e-01 3.758110000e+01
-7.508822870e-01 -1.754663049e-01 -6.366994278e-01 3.995000148e+00 -1.751620786e-01 9.824458165e-01 -6.417451969e-02 -8.145540223e-01 6.367840000e-01 6.333820000e-02 -7.684370000e-01 3.756020000e+01
-8.065421890e-01 -1.701831136e-01 -5.661514043e-01 3.908217533e+00 -1.757565415e-01 9.833942279e-01 -4.522122868e-02 -8.343820302e-01 5.644460000e-01 6.303200000e-02 -8.230600000e-01 3.744560000e+01
-8.072116009e-01 -1.756764042e-01 -5.635134154e-01 3.761711904e+00 -1.863963239e-01 9.816987874e-01 -3.904087303e-02 -8.462002182e-01 5.600590000e-01 7.352260000e-02 -8.251840000e-01 3.726980000e+01
-8.248789039e-01 -1.771858638e-01 -5.368248179e-01 3.570364163e+00 -1.866217198e-01 9.817244865e-01 -3.727023157e-02 -8.676387824e-01 5.336180000e-01 6.943970000e-02 -8.428700000e-01 3.701980000e+01
-8.396472070e-01 -1.725565689e-01 -5.149918258e-01 3.394147536e+00 -1.755211328e-01 9.835192517e-01 -4.337349810e-02 -8.814102354e-01 5.139890000e-01 5.397350000e-02 -8.560970000e-01 3.679060000e+01
-8.420000359e-01 -1.766083899e-01 -5.097506925e-01 3.289878627e+00 -1.727914508e-01 9.834045450e-01 -5.529616043e-02 -8.981700321e-01 5.110570000e-01 4.152120000e-02 -8.585430000e-01 3.659820000e+01
-8.522074471e-01 -1.781586968e-01 -4.919365133e-01 3.133863782e+00 -1.814928272e-01 9.825194164e-01 -4.141763799e-02 -9.123710188e-01 4.907160000e-01 5.398650000e-02 -8.696460000e-01 3.640460000e+01
-8.530832060e-01 -1.740814801e-01 -4.918784907e-01 2.965942524e+00 -1.766423167e-01 9.833922534e-01 -4.167644628e-02 -9.453355929e-01 4.909640000e-01 5.133310000e-02 -8.696660000e-01 3.615280000e+01
-8.925237810e-01 -1.693304820e-01 -4.180048378e-01 2.835792163e+00 -1.760701037e-01 9.841154794e-01 -2.271244463e-02 -9.480802768e-01 4.152110000e-01 5.332680000e-02 -9.081610000e-01 3.595270000e+01
-9.521370165e-01 -1.751592786e-01 -2.505063050e-01 2.798962870e+00 -1.824952606e-01 9.831874407e-01 6.172451520e-03 -9.486319503e-01 2.452140000e-01 5.159330000e-02 -9.680950000e-01 3.585580000e+01
-9.694730428e-01 -1.788555481e-01 -1.677306584e-01 2.825311080e+00 -1.856888835e-01 9.822687907e-01 2.585162810e-02 -9.463287342e-01 1.601330000e-01 5.620820000e-02 -9.854940000e-01 3.573490000e+01
-9.762682439e-01 -1.652332320e-01 -1.399936973e-01 2.763782737e+00 -1.718020886e-01 9.844689625e-01 3.613037394e-02 -9.627667416e-01 1.318500000e-01 5.932410000e-02 -9.894930000e-01 3.540070000e+01
-9.714676317e-01 -1.697363281e-01 -1.656512545e-01 2.680294945e+00 -1.782273054e-01 9.832668738e-01 3.770616496e-02 -9.576118453e-01 1.564790000e-01 6.615380000e-02 -9.854630000e-01 3.510300000e+01
-9.762592728e-01 -1.657434142e-01 -1.394510197e-01 2.603442603e+00 -1.724190731e-01 9.843226626e-01 3.715106242e-02 -9.409478883e-01 1.311070000e-01 6.031310000e-02 -9.895320000e-01 3.475170000e+01
-9.550400381e-01 -1.677818182e-01 -2.444335444e-01 2.520147401e+00 -1.756559049e-01 9.843943356e-01 1.061617581e-02 -9.585223547e-01 2.388380000e-01 5.307500000e-02 -9.696080000e-01 3.453080000e+01
-9.111160607e-01 -1.625470767e-01 -3.787432707e-01 2.464295462e+00 -1.703391003e-01 9.852984835e-01 -1.309250724e-02 -9.684259187e-01 3.753030000e-01 5.258590000e-02 -9.254090000e-01 3.443690000e+01
-8.662858281e-01 -1.599756770e-01 -4.732397705e-01 2.330856134e+00 -1.676869312e-01 9.854925127e-01 -2.618110429e-02 -9.773048666e-01 4.705630000e-01 5.667590000e-02 -8.805440000e-01 3.431100000e+01
-8.942586485e-01 -1.571663818e-01 -4.190476461e-01 2.262592301e+00 -1.643699176e-01 9.862132902e-01 -1.911615486e-02 -9.953877328e-01 4.162750000e-01 5.178400000e-02 -9.077630000e-01 3.424890000e+01
-9.274124201e-01 -1.530515244e-01 -3.412933779e-01 2.209159548e+00 -1.645373886e-01 9.863591843e-01 4.776613679e-03 -9.992201401e-01 3.359070000e-01 6.058540000e-02 -9.399450000e-01 3.410470000e+01
-9.666142539e-01 -1.510422734e-01 -2.069844417e-01 2.137391911e+00 -1.603176114e-01 9.866479981e-01 2.869679287e-02 -9.908225406e-01 1.998860000e-01 6.092200000e-02 -9.779230000e-01 3.388880000e+01
-9.868897820e-01 -1.540843381e-01 -4.802215723e-02 2.148157168e+00 -1.563372817e-01 9.865688360e-01 4.732999231e-02 -9.973415708e-01 4.008430000e-02 5.421720000e-02 -9.977240000e-01 3.378090000e+01
-9.813556090e-01 -1.605150175e-01 1.057189429e-01 2.150875947e+00 -1.527938705e-01 9.852117672e-01 7.752971455e-02 -9.939448760e-01 -1.166000000e-01 5.993100000e-02 -9.913690000e-01 3.365670000e+01
-9.537187675e-01 -1.799511206e-01 2.409123921e-01 2.173840680e+00 -1.599837862e-01 9.820220574e-01 1.001879737e-01 -9.788607569e-01 -2.546110000e-01 5.700900000e-02 -9.653620000e-01 3.354110000e+01
-9.158266184e-01 -1.825583499e-01 3.576802509e-01 2.214539804e+00 -1.463460511e-01 9.811674001e-01 1.260702283e-01 -9.797383883e-01 -3.739590000e-01 6.311340000e-02 -9.252950000e-01 3.344820000e+01
-9.094337456e-01 -1.900317736e-01 3.698889890e-01 2.314610132e+00 -1.528450867e-01 9.799690774e-01 1.276674367e-01 -9.371524835e-01 -3.867410000e-01 5.956940000e-02 -9.202630000e-01 3.325380000e+01
-9.553538209e-01 -1.891696623e-01 2.269657695e-01 2.342968201e+00 -1.705808210e-01 9.803502753e-01 9.907769423e-02 -9.344219881e-01 -2.412480000e-01 5.593830000e-02 -9.688500000e-01 3.315190000e+01
-9.792856104e-01 -1.780430672e-01 9.644307759e-02 2.348556710e+00 -1.711537234e-01 9.823399103e-01 7.559413176e-02 -9.259203205e-01 -1.081990000e-01 5.752160000e-02 -9.924640000e-01 3.304030000e+01
-9.832694929e-01 -1.687952439e-01 6.847333554e-02 2.344955926e+00 -1.640225633e-01 9.839542432e-01 7.022149244e-02 -9.146652210e-01 -7.922760000e-02 5.781550000e-02 -9.951790000e-01 3.273880000e+01
-9.850567478e-01 -1.710889189e-01 1.977090625e-02 2.356796485e+00 -1.694164852e-01 9.832300395e-01 6.750905309e-02 -9.087893248e-01 -3.098940000e-02 6.315080000e-02 -9.975230000e-01 3.248400000e+01
-9.847475028e-01 -1.739667901e-01 -2.659012861e-03 2.333555587e+00 -1.737708263e-01 9.826469775e-01 6.487449603e-02 -9.036811301e-01 -8.673140000e-03 6.434710000e-02 -9.978900000e-01 3.214350000e+01
-9.841368652e-01 -1.645974109e-01 -6.619437635e-02 2.309801286e+00 -1.680154905e-01 9.845230355e-01 4.986055704e-02 -8.801213733e-01 5.696290000e-02 6.019130000e-02 -9.965600000e-01 3.184350000e+01
-9.603624062e-01 -1.720014566e-01 -2.193607746e-01 2.247461494e+00 -1.809156929e-01 9.832729667e-01 2.106283233e-02 -8.914224608e-01 2.120680000e-01 5.991380000e-02 -9.754170000e-01 3.173440000e+01
-9.363235800e-01 -1.579608072e-01 -3.136020880e-01 2.136997726e+00 -1.656497116e-01 9.861821112e-01 -2.156980770e-03 -9.045382852e-01 3.096100000e-01 4.992840000e-02 -9.495520000e-01 3.159330000e+01
-9.666471158e-01 -1.610466520e-01 -1.991441000e-01 2.117396877e+00 -1.688071311e-01 9.853916970e-01 2.250989520e-02 -9.042858957e-01 1.926090000e-01 5.537600000e-02 -9.797120000e-01 3.143960000e+01
-9.846876786e-01 -1.532874373e-01 -8.302949488e-02 2.119322029e+00 -1.570272641e-01 9.867629874e-01 4.052052553e-02 -8.920428083e-01 7.571910000e-02 5.293790000e-02 -9.957230000e-01 3.132730000e+01
-9.845120950e-01 -1.682812855e-01 -4.916893828e-02 2.040322087e+00 -1.704406945e-01 9.844020795e-01 4.361064577e-02 -8.859869716e-01 4.106310000e-02 5.131560000e-02 -9.978380000e-01 3.099770000e+01
-9.862542237e-01 -1.579660865e-01 -4.846418208e-02 1.990612498e+00 -1.601168452e-01 9.861056054e-01 4.425379570e-02 -8.789972607e-01 4.080020000e-02 5.140540000e-02 -9.978440000e-01 3.066430000e+01
-9.842822268e-01 -1.708924787e-01 -4.453794068e-02 1.938571989e+00 -1.727527634e-01 9.840731020e-01 4.191870824e-02 -8.933282279e-01 3.666500000e-02 4.895390000e-02 -9.981280000e-01 3.037590000e+01
-9.864327277e-01 -1.608145127e-01 -3.299854643e-02 1.911184335e+00 -1.620645895e-01 9.859873210e-01 3.953964106e-02 -8.771031934e-01 2.617760000e-02 4.435110000e-02 -9.986730000e-01 3.003870000e+01
-9.829783351e-01 -1.772660025e-01 -4.827068381e-02 1.839303745e+00 -1.796972508e-01 9.823575092e-01 5.178720870e-02 -8.915592198e-01 3.823890000e-02 5.957980000e-02 -9.974910000e-01 2.973120000e+01
-9.840842281e-01 -1.708438402e-01 -4.889839899e-02 1.804487367e+00 -1.728310621e-01 9.841487045e-01 3.976775042e-02 -8.588964837e-01 4.132920000e-02 4.758600000e-02 -9.980120000e-01 2.942160000e+01
-9.854743348e-01 -1.664671909e-01 -3.359237018e-02 1.781245813e+00 -1.678156370e-01 9.849075711e-01 4.237174071e-02 -8.733836353e-01 2.603180000e-02 4.739360000e-02 -9.985370000e-01 2.910620000e+01
-9.859105614e-01 -1.658005297e-01 -2.214464730e-02 1.729970612e+00 -1.667938839e-01 9.844458473e-01 5.520009607e-02 -8.711517971e-01 1.264800000e-02 5.811590000e-02 -9.982300000e-01 2.880080000e+01
-9.828096972e-01 -1.837891925e-01 -1.750243785e-02 1.689675553e+00 -1.844549105e-01 9.815216064e-01 5.091045302e-02 -8.662976432e-01 7.822240000e-03 5.326370000e-02 -9.985500000e-01 2.858990000e+01
-9.869579840e-01 -1.605369098e-01 -1.194314301e-02 1.654109514e+00 -1.609353017e-01 9.857207560e-01 4.954761443e-02 -8.639424655e-01 3.818380000e-03 5.082340000e-02 -9.987000000e-01 2.826850000e+01
-9.848964040e-01 -1.731152859e-01 -3.048353390e-03 1.654810746e+00 -1.729582978e-01 9.828882879e-01 6.337361517e-02 -8.504088668e-01 -7.974750000e-03 6.294370000e-02 -9.979850000e-01 2.813730000e+01
-9.859339901e-01 -1.667267347e-01 -1.170036802e-02 1.628637416e+00 -1.671333658e-01 9.839464460e-01 6.257238396e-02 -8.349807771e-01 1.080050000e-03 6.364780000e-02 -9.979720000e-01 2.781850000e+01
-9.842323849e-01 -1.758194423e-01 -1.935829383e-02 1.605732524e+00 -1.767036123e-01 9.822471089e-01 6.297695192e-02 -8.308146540e-01 7.942040000e-03 6.540460000e-02 -9.978270000e-01 2.757680000e+01
-9.837797629e-01 -1.792689174e-01 6.386876114e-03 1.579240621e+00 -1.784584615e-01 9.816989029e-01 6.647485405e-02 -8.229467564e-01 -1.818690000e-02 6.425680000e-02 -9.977680000e-01 2.728980000e+01
-9.775963351e-01 -1.733131440e-01 -1.194493407e-01 1.545151661e+00 -1.796785897e-01 9.827106563e-01 4.467591125e-02 -8.426938143e-01 1.096420000e-01 6.513750000e-02 -9.918350000e-01 2.714180000e+01
-9.515177263e-01 -1.724350108e-01 -2.547160680e-01 1.492435906e+00 -1.802165484e-01 9.835991654e-01 7.349980161e-03 -8.303339112e-01 2.492710000e-01 5.289760000e-02 -9.669880000e-01 2.701890000e+01
-9.402250052e-01 -1.698829708e-01 -2.951571280e-01 1.393361790e+00 -1.787621535e-01 9.838874072e-01 3.153693445e-03 -8.395166941e-01 2.898650000e-01 5.572810000e-02 -9.554440000e-01 2.675090000e+01
-9.578238096e-01 -1.642280854e-01 -2.358010062e-01 1.266969004e+00 -1.731630668e-01 9.847371764e-01 1.755057720e-02 -8.584535928e-01 2.293190000e-01 5.764240000e-02 -9.716430000e-01 2.642520000e+01
-9.667062153e-01 -1.574132865e-01 -2.017435154e-01 1.202201110e+00 -1.650326432e-01 9.860559541e-01 2.141282274e-02 -8.580095647e-01 1.955600000e-01 5.399420000e-02 -9.792040000e-01 2.614940000e+01
-9.742020495e-01 -1.709262752e-01 -1.473613224e-01 1.108541354e+00 -1.770117446e-01 9.837773964e-01 2.912276386e-02 -8.594830982e-01 1.399930000e-01 5.445620000e-02 -9.886540000e-01 2.583100000e+01
-9.754975451e-01 -1.782809774e-01 -1.289219302e-01 1.057168583e+00 -1.844285755e-01 9.821363805e-01 3.733446071e-02 -8.711232242e-01 1.199630000e-01 6.019660000e-02 -9.909520000e-01 2.556280000e+01
-9.812820030e-01 -1.622091533e-01 -1.037943192e-01 9.901020173e-01 -1.670384428e-01 9.851546354e-01 3.960527319e-02 -8.595813046e-01 9.582910000e-02 5.620160000e-02 -9.938100000e-01 2.520170000e+01
-9.809732295e-01 -1.820969651e-01 -6.731656789e-02 9.356679024e-01 -1.848750922e-01 9.820430965e-01 3.759218805e-02 -8.385701716e-01 5.926230000e-02 4.932210000e-02 -9.970230000e-01 2.492820000e+01
-9.852724679e-01 -1.694144028e-01 -2.316994924e-02 8.919727941e-01 -1.702433008e-01 9.845762533e-01 4.034166255e-02 -8.334804539e-01 1.597810000e-02 4.369210000e-02 -9.989170000e-01 2.454920000e+01
-9.846183629e-01 -1.746698390e-01 4.186826465e-03 8.642176128e-01 -1.741745642e-01 9.831550391e-01 5.540888580e-02 -8.211479602e-01 -1.379460000e-02 5.382740000e-02 -9.984550000e-01 2.423350000e+01
-9.858640214e-01 -1.662216660e-01 -2.101436554e-02 8.430584882e-01 -1.671210907e-01 9.845192760e-01 5.283802210e-02 -8.312370475e-01 1.190620000e-02 5.560300000e-02 -9.983820000e-01 2.393150000e+01
-9.831623076e-01 -1.710073068e-01 -6.441110165e-02 8.044853220e-01 -1.739512018e-01 9.838052635e-01 4.322848782e-02 -8.037842424e-01 5.597560000e-02 5.370500000e-02 -9.969870000e-01 2.362470000e+01
-9.805130579e-01 -1.566477536e-01 -1.185532527e-01 7.625063959e-01 -1.614445230e-01 9.863648316e-01 3.194190987e-02 -8.039643680e-01 1.119330000e-01 5.045930000e-02 -9.924340000e-01 2.334440000e+01
-9.798991405e-01 -1.561357111e-01 -1.241759639e-01 7.086583376e-01 -1.607613661e-01 9.865932114e-01 2.808359320e-02 -7.970653258e-01 1.181260000e-01 4.748180000e-02 -9.918630000e-01 2.292430000e+01
-9.703715156e-01 -1.547331514e-01 -1.855704480e-01 6.363311973e-01 -1.617178488e-01 9.865684686e-01 2.301835756e-02 -7.935966265e-01 1.795160000e-01 5.234650000e-02 -9.823610000e-01 2.258910000e+01
-9.494071002e-01 -1.608263689e-01 -2.697436463e-01 5.584124619e-01 -1.707758674e-01 9.852149554e-01 1.366911304e-02 -7.981250020e-01 2.635580000e-01 5.904330000e-02 -9.628350000e-01 2.237250000e+01
-9.458521137e-01 -1.664384367e-01 -2.786810626e-01 4.424863849e-01 -1.726404454e-01 9.849823654e-01 -2.320751651e-03 -8.120157325e-01 2.748820000e-01 4.591650000e-02 -9.603810000e-01 2.198960000e+01
-9.393451184e-01 -1.696655463e-01 -2.980670010e-01 3.432302668e-01 -1.761141655e-01 9.843556903e-01 -5.297879095e-03 -8.109995182e-01 2.943020000e-01 4.751730000e-02 -9.545300000e-01 2.168660000e+01
-9.458447464e-01 -1.726407494e-01 -2.749046730e-01 2.635640792e-01 -1.769246975e-01 9.841799814e-01 -9.335267988e-03 -8.054222685e-01 2.721680000e-01 3.980770000e-02 -9.614260000e-01 2.143870000e+01
-9.615499525e-01 -1.592128744e-01 -2.237695361e-01 1.584662330e-01 -1.670983388e-01 9.857999918e-01 1.663033869e-02 -8.265503190e-01 2.179440000e-01 5.338250000e-02 -9.745000000e-01 2.109390000e+01
-9.746167997e-01 -1.674549227e-01 -1.485992545e-01 8.737266527e-02 -1.736838886e-01 9.843479053e-01 2.988685609e-02 -8.312836396e-01 1.412690000e-01 5.493750000e-02 -9.884460000e-01 2.078260000e+01
-9.790977079e-01 -1.754626970e-01 -1.028628218e-01 3.902757695e-02 -1.798887016e-01 9.830503483e-01 3.538691045e-02 -8.122144203e-01 9.491020000e-02 5.315110000e-02 -9.940660000e-01 2.044840000e+01
-9.831558413e-01 -1.727953881e-01 -5.955955300e-02 -3.252760390e-02 -1.754737625e-01 9.835408371e-01 4.309493578e-02 -8.255595544e-01 5.113260000e-02 5.282020000e-02 -9.972940000e-01 2.004060000e+01
-9.854409449e-01 -1.691115664e-01 -1.751744350e-02 -6.061159732e-02 -1.697831400e-01 9.842466130e-01 4.931160861e-02 -8.058306630e-01 8.902330000e-03 5.156790000e-02 -9.986300000e-01 1.965520000e+01
-9.827057504e-01 -1.851659762e-01 1.464124101e-03 -1.112959421e-01 -1.847525388e-01 9.809823591e-01 5.949762549e-02 -8.265220365e-01 -1.245320000e-02 5.819820000e-02 -9.982270000e-01 1.937510000e+01
-9.827704087e-01 -1.846407011e-01 8.371719948e-03 -1.248933242e-01 -1.839428760e-01 9.814812982e-01 5.347804893e-02 -7.931815593e-01 -1.809090000e-02 5.101670000e-02 -9.985340000e-01 1.899830000e+01
-9.838094204e-01 -1.790786106e-01 -6.995399557e-03 -1.579522317e-01 -1.792015420e-01 9.825027107e-01 5.073991946e-02 -7.912677332e-01 -2.213440000e-03 5.117210000e-02 -9.986870000e-01 1.863650000e+01
-9.822364978e-01 -1.845965193e-01 -3.368484267e-02 -1.749765741e-01 -1.861840239e-01 9.811138585e-01 5.244761815e-02 -7.797512903e-01 2.336700000e-02 5.778760000e-02 -9.980550000e-01 1.831240000e+01
-9.834931505e-01 -1.802159911e-01 -1.621273036e-02 -2.191571354e-01 -1.808996262e-01 9.812773386e-01 6.611365461e-02 -7.884765895e-01 3.994450000e-03 6.795520000e-02 -9.976800000e-01 1.811020000e+01
-9.847714342e-01 -1.736520636e-01 8.389729571e-03 -2.065232793e-01 -1.729421389e-01 9.833997976e-01 5.492439684e-02 -7.672146722e-01 -1.778810000e-02 5.263700000e-02 -9.984550000e-01 1.795270000e+01
-9.848234944e-01 -1.731827010e-01 -1.139328017e-02 -2.451520223e-01 -1.735490170e-01 9.832827251e-01 5.510097969e-02 -7.680041077e-01 1.660280000e-03 5.624210000e-02 -9.984160000e-01 1.764390000e+01
-9.803847101e-01 -1.721945163e-01 -9.589094559e-02 -2.610710920e-01 -1.771746897e-01 9.831020780e-01 4.603688614e-02 -7.760610593e-01 8.634330000e-02 6.212330000e-02 -9.943270000e-01 1.738870000e+01
-9.767257019e-01 -1.761654254e-01 -1.223635466e-01 -3.086512581e-01 -1.821779950e-01 9.824625353e-01 3.973450493e-02 -7.523347212e-01 1.132180000e-01 6.110170000e-02 -9.916900000e-01 1.708510000e+01
-9.707355481e-01 -1.775521088e-01 -1.617000299e-01 -3.612807584e-01 -1.849153576e-01 9.822471207e-01 3.156446531e-02 -7.552741190e-01 1.532250000e-01 6.054150000e-02 -9.863350000e-01 1.676800000e+01
-9.690474867e-01 -1.616049088e-01 -1.866306185e-01 -4.212675175e-01 -1.702384049e-01 9.849123084e-01 3.108989517e-02 -7.500330281e-01 1.787900000e-01 6.189930000e-02 -9.819380000e-01 1.650820000e+01
-9.406889589e-01 -1.789128959e-01 -2.882612350e-01 -4.965088340e-01 -1.915991981e-01 9.813404651e-01 1.616934173e-02 -7.693305428e-01 2.799890000e-01 7.044100000e-02 -9.574150000e-01 1.631800000e+01
-8.860443406e-01 -1.707714421e-01 -4.310012951e-01 -5.779704678e-01 -1.792293706e-01 9.835772047e-01 -2.125695900e-02 -7.616047127e-01 4.275530000e-01 5.841350000e-02 -9.021010000e-01 1.619850000e+01
-9.290576921e-01 -1.690846281e-01 -3.290327386e-01 -6.390742909e-01 -1.780877906e-01 9.840110593e-01 -2.818161112e-03 -7.676695790e-01 3.242480000e-01 5.597840000e-02 -9.443140000e-01 1.602300000e+01
-9.708473712e-01 -1.604674718e-01 -1.780584096e-01 -6.574170429e-01 -1.684563011e-01 9.852346907e-01 3.059426612e-02 -7.595243823e-01 1.705190000e-01 5.969750000e-02 -9.835440000e-01 1.591190000e+01
-9.820966892e-01 -1.714633246e-01 -7.801134388e-02 -6.817975615e-01 -1.759751119e-01 9.828485153e-01 5.514771440e-02 -7.690787674e-01 6.721750000e-02 6.788850000e-02 -9.954260000e-01 1.573340000e+01
-9.834975659e-01 -1.726919736e-01 -5.394845230e-02 -7.188756356e-01 -1.755567095e-01 9.829969804e-01 5.382953486e-02 -7.685062723e-01 4.373520000e-02 6.241220000e-02 -9.970920000e-01 1.544840000e+01
-9.860726589e-01 -1.650702925e-01 -2.031020302e-02 -7.523208941e-01 -1.660306044e-01 9.841578067e-01 6.218673330e-02 -7.559225325e-01 9.723300000e-03 6.469270000e-02 -9.978580000e-01 1.521330000e+01
-9.840048617e-01 -1.714436718e-01 -4.839622877e-02 -8.124006336e-01 -1.739642777e-01 9.832805881e-01 5.381604583e-02 -7.510219275e-01 3.836070000e-02 6.137440000e-02 -9.973770000e-01 1.496270000e+01
-9.806056509e-01 -1.872054487e-01 -5.802031483e-02 -8.430440528e-01 -1.900443389e-01 9.806013713e-01 4.799278981e-02 -7.490897779e-01 4.791030000e-02 5.808850000e-02 -9.971610000e-01 1.472840000e+01
-9.857383027e-01 -1.652135427e-01 -3.201314184e-02 -8.822329616e-01 -1.668048361e-01 9.844050988e-01 5.587588169e-02 -7.484831836e-01 2.228240000e-02 6.041900000e-02 -9.979240000e-01 1.456920000e+01
-9.829769969e-01 -1.821471373e-01 -2.404488189e-02 -8.979718821e-01 -1.833638979e-01 9.808228728e-01 6.606174017e-02 -7.528712089e-01 1.155080000e-02 6.934620000e-02 -9.975260000e-01 1.439890000e+01
-9.844001261e-01 -1.706131292e-01 -4.299093271e-02 -9.391140371e-01 -1.730245740e-01 9.830542873e-01 6.055505089e-02 -7.519252828e-01 3.193090000e-02 6.704890000e-02 -9.972390000e-01 1.420700000e+01
-9.839096021e-01 -1.745274257e-01 -3.824014369e-02 -9.558430449e-01 -1.765372010e-01 9.826025884e-01 5.767150847e-02 -7.519088415e-01 2.750960000e-02 6.349440000e-02 -9.976030000e-01 1.402180000e+01
-9.830995321e-01 -1.716938604e-01 -6.353568875e-02 -1.004209089e+00 -1.751808142e-01 9.830490502e-01 5.408736163e-02 -7.448492405e-01 5.317230000e-02 6.430350000e-02 -9.965130000e-01 1.379080000e+01
-9.596896804e-01 -1.824869116e-01 -2.137604145e-01 -1.058001777e+00 -1.915680048e-01 9.812240241e-01 2.238684904e-02 -7.424583215e-01 2.056620000e-01 6.243420000e-02 -9.766300000e-01 1.367470000e+01
-9.213480629e-01 -1.709462789e-01 -3.491351783e-01 -1.149655098e+00 -1.811897555e-01 9.834422400e-01 -3.371128790e-03 -7.449433950e-01 3.439300000e-01 6.015380000e-02 -9.370660000e-01 1.357070000e+01
-9.272624245e-01 -1.588307475e-01 -3.390525208e-01 -1.248036148e+00 -1.706197735e-01 9.853240592e-01 5.042715133e-03 -7.646090369e-01 3.332750000e-01 6.252500000e-02 -9.407540000e-01 1.334750000e+01
-9.466591968e-01 -1.760083606e-01 -2.699216393e-01 -1.286468917e+00 -1.879295413e-01 9.820030744e-01 1.876239973e-02 -7.726349829e-01 2.617620000e-01 6.848790000e-02 -9.626990000e-01 1.319060000e+01
-9.506104460e-01 -1.772073785e-01 -2.548271387e-01 -1.364514279e+00 -1.859491093e-01 9.825042263e-01 1.043174721e-02 -7.649818088e-01 2.485200000e-01 5.730140000e-02 -9.669300000e-01 1.294380000e+01
-9.612861275e-01 -1.692313681e-01 -2.174605674e-01 -1.436991284e+00 -1.795485455e-01 9.833376861e-01 2.844638507e-02 -7.857547642e-01 2.090230000e-01 6.638990000e-02 -9.756540000e-01 1.278330000e+01
-9.656828976e-01 -1.838174690e-01 -1.834871927e-01 -1.520561273e+00 -1.939150360e-01 9.802610642e-01 3.853856260e-02 -7.727785087e-01 1.727810000e-01 7.279690000e-02 -9.822660000e-01 1.254040000e+01
-9.753976401e-01 -1.859615637e-01 -1.183926993e-01 -1.500309082e+00 -1.930561753e-01 9.798359036e-01 5.147828485e-02 -7.663900065e-01 1.064330000e-01 7.306830000e-02 -9.916320000e-01 1.235110000e+01
-9.801033505e-01 -1.709173818e-01 -1.009198339e-01 -1.536431396e+00 -1.776118253e-01 9.821766990e-01 6.150152948e-02 -7.796527833e-01 8.860940000e-02 7.820240000e-02 -9.929920000e-01 1.220450000e+01
-9.790710446e-01 -1.893583978e-01 -7.458419552e-02 -1.603394971e+00 -1.932848301e-01 9.798961734e-01 4.945094957e-02 -7.731455277e-01 6.372080000e-02 6.283200000e-02 -9.959880000e-01 1.200280000e+01
-9.824503282e-01 -1.789449299e-01 -5.262882001e-02 -1.621954180e+00 -1.816483399e-01 9.819853803e-01 5.204861540e-02 -7.681441375e-01 4.236690000e-02 6.069510000e-02 -9.972570000e-01 1.181570000e+01
-9.815781085e-01 -1.880413079e-01 -3.382868222e-02 -1.641424912e+00 -1.896767140e-01 9.803430948e-01 5.432315154e-02 -7.475022583e-01 2.294870000e-02 5.973900000e-02 -9.979500000e-01 1.157940000e+01
-9.859838490e-01 -1.662270808e-01 -1.428753812e-02 -1.655547403e+00 -1.667757231e-01 9.843599256e-01 5.676085959e-02 -7.551592363e-01 4.628880000e-03 5.834820000e-02 -9.982860000e-01 1.140120000e+01
-9.846833727e-01 -1.740744268e-01 9.874579145e-03 -1.700937998e+00 -1.731067789e-01 9.828306507e-01 6.385406629e-02 -7.653262944e-01 -2.082040000e-02 6.116670000e-02 -9.979100000e-01 1.128540000e+01
-9.863884344e-01 -1.624948097e-01 2.515120017e-02 -1.767830286e+00 -1.606290481e-01 9.849473447e-01 6.385477560e-02 -7.662086325e-01 -3.514870000e-02 5.894570000e-02 -9.976420000e-01 1.108600000e+01
-9.757783856e-01 -1.709704987e-01 1.364734039e-01 -1.768969444e+00 -1.590406495e-01 9.827802330e-01 9.406885501e-02 -7.662242001e-01 -1.502060000e-01 7.008560000e-02 -9.861670000e-01 1.098480000e+01
-9.534448062e-01 -1.741022959e-01 2.462342650e-01 -1.743543191e+00 -1.529692126e-01 9.828852705e-01 1.026461762e-01 -7.523969823e-01 -2.598910000e-01 6.020120000e-02 -9.637600000e-01 1.089560000e+01
-9.157675485e-01 -1.734781413e-01 3.623205818e-01 -1.642716776e+00 -1.378916609e-01 9.828942514e-01 1.220856606e-01 -7.435326195e-01 -3.773020000e-01 6.184110000e-02 -9.240230000e-01 1.078410000e+01
-9.106991208e-01 -1.619558408e-01 3.799975741e-01 -1.488346850e+00 -1.248457890e-01 9.848280517e-01 1.205314888e-01 -6.627306317e-01 -3.937530000e-01 6.232680000e-02 -9.171010000e-01 1.056710000e+01
-8.347149453e-01 -1.759656830e-01 5.218108095e-01 -1.443788606e+00 -1.131571547e-01 9.821596443e-01 1.501930065e-01 -6.665956020e-01 -5.389300000e-01 6.632170000e-02 -8.397350000e-01 1.045570000e+01
-7.401433704e-01 -1.779762717e-01 6.484694332e-01 -1.399351098e+00 -9.193263700e-02 9.820655827e-01 1.646049515e-01 -6.747957709e-01 -6.661350000e-01 6.221580000e-02 -7.432320000e-01 1.037600000e+01
-6.273449938e-01 -1.901139298e-01 7.551787092e-01 -1.288451821e+00 -8.408852911e-02 9.806098937e-01 1.770112115e-01 -6.560070929e-01 -7.741880000e-01 4.754530000e-02 -6.311670000e-01 1.029300000e+01
-6.070025953e-01 -1.871035303e-01 7.723601302e-01 -1.047584474e+00 -7.793656111e-02 9.812198861e-01 1.764486356e-01 -6.059936162e-01 -7.908690000e-01 4.690970000e-02 -6.101850000e-01 1.014490000e+01
-7.271634478e-01 -1.800541450e-01 6.624303473e-01 -9.952034392e-01 -1.032138808e-01 9.826952578e-01 1.538050670e-01 -5.990987935e-01 -6.786610000e-01 4.346940000e-02 -7.331640000e-01 1.004260000e+01
-8.040770497e-01 -1.799505893e-01 5.666369878e-01 -9.696981491e-01 -1.165772787e-01 9.823130316e-01 1.465320993e-01 -5.723345374e-01 -5.829830000e-01 5.176610000e-02 -8.108330000e-01 9.933460000e+00
-7.850947358e-01 -1.764783062e-01 5.937022699e-01 -9.915865357e-01 -1.060399461e-01 9.826937807e-01 1.518823526e-01 -5.770194683e-01 -6.102310000e-01 5.628580000e-02 -7.902210000e-01 9.795300000e+00
-7.167686312e-01 -1.792686589e-01 6.738738300e-01 -9.105964005e-01 -8.666923901e-02 9.817979261e-01 1.689988956e-01 -5.375150768e-01 -6.919040000e-01 6.272900000e-02 -7.192590000e-01 9.749660000e+00
-6.183537979e-01 -1.840026725e-01 7.640561788e-01 -7.793876547e-01 -6.550127012e-02 9.808892439e-01 1.832106803e-01 -5.266878178e-01 -7.831660000e-01 6.324230000e-02 -6.185880000e-01 9.674630000e+00
-4.802324520e-01 -1.806500480e-01 8.583370278e-01 -6.237930385e-01 -4.037684074e-02 9.820771861e-01 1.841025785e-01 -4.963875882e-01 -8.762110000e-01 5.375510000e-02 -4.789190000e-01 9.606390000e+00
-3.510523792e-01 -1.844006572e-01 9.180190391e-01 -5.333800701e-01 -1.389476326e-02 9.813346391e-01 1.918053507e-01 -4.866377891e-01 -9.362530000e-01 5.457810000e-02 -3.470620000e-01 9.567750000e+00
-2.541817930e-01 -1.877149539e-01 9.487642873e-01 -3.576672469e-01 -6.334137764e-03 9.812854407e-01 1.924523396e-01 -4.553699398e-01 -9.671360000e-01 4.290830000e-02 -2.506140000e-01 9.561050000e+00
-2.249820545e-01 -1.892134590e-01 9.558144506e-01 -1.286771227e-02 -3.002026942e-03 9.810935139e-01 1.935110693e-01 -3.969957747e-01 -9.743580000e-01 4.066710000e-02 -2.212960000e-01 9.478870000e+00
-6.139930967e-02 -1.879985021e-01 9.802486892e-01 9.912903031e-02 1.571979318e-02 9.817976159e-01 1.892802593e-01 -3.714098251e-01 -9.979890000e-01 2.703100000e-02 -5.732640000e-02 9.457010000e+00
6.485579813e-02 -1.960179309e-01 9.784527575e-01 2.009970445e-01 6.210733105e-02 9.794095516e-01 1.920926861e-01 -3.768038629e-01 -9.959600000e-01 4.831080000e-02 7.569450000e-02 9.487530000e+00
1.877506171e-01 -1.940455063e-01 9.628582370e-01 3.171393331e-01 7.637725468e-02 9.802072502e-01 1.826487157e-01 -3.460476332e-01 -9.792430000e-01 3.924810000e-02 1.988550000e-01 9.551310000e+00
1.465185374e-01 -1.897272755e-01 9.708431308e-01 5.694830635e-01 5.408749033e-02 9.815032427e-01 1.836476755e-01 -3.117143330e-01 -9.877280000e-01 2.560270000e-02 1.540710000e-01 9.563770000e+00
1.750734701e-02 -1.933384172e-01 9.809754476e-01 6.900924241e-01 4.241758730e-02 9.803866074e-01 1.924651340e-01 -3.022663876e-01 -9.989470000e-01 3.824110000e-02 2.536500000e-02 9.539410000e+00
-1.200933714e-02 -1.927611685e-01 9.811719860e-01 8.862168920e-01 2.794160433e-02 9.807949625e-01 1.930291297e-01 -2.492131633e-01 -9.995370000e-01 2.973370000e-02 -6.392640000e-03 9.544910000e+00
-1.384330281e-01 -1.955130866e-01 9.708817066e-01 1.028409402e+00 -1.330529753e-03 9.803560735e-01 1.972313596e-01 -2.321531021e-01 -9.903710000e-01 2.601150000e-02 -1.359730000e-01 9.538020000e+00
-2.625621684e-01 -1.918674157e-01 9.456466678e-01 1.100549068e+00 -7.790849073e-03 9.804210924e-01 1.967597473e-01 -2.190995683e-01 -9.648840000e-01 4.429430000e-02 -2.589160000e-01 9.508030000e+00
-3.791819346e-01 -1.916113966e-01 9.052661985e-01 1.230291156e+00 -4.041674545e-02 9.808211302e-01 1.906745713e-01 -1.894816028e-01 -9.244390000e-01 3.571240000e-02 -3.796530000e-01 9.455680000e+00
-5.137616184e-01 -1.907761319e-01 8.364532339e-01 1.360237164e+00 -5.594977832e-02 9.803379348e-01 1.892279472e-01 -1.589538567e-01 -8.561070000e-01 5.041860000e-02 -5.143340000e-01 9.366890000e+00
-6.462134603e-01 -1.898024190e-01 7.391782496e-01 1.474549361e+00 -8.888586501e-02 9.807057143e-01 1.741140123e-01 -1.320618384e-01 -7.579630000e-01 4.681230000e-02 -6.506160000e-01 9.278390000e+00
-7.316920460e-01 -1.779153712e-01 6.580065033e-01 1.525802856e+00 -1.082809395e-01 9.834156105e-01 1.454947093e-01 -9.991214495e-02 -6.729800000e-01 3.520770000e-02 -7.388220000e-01 9.183120000e+00
-8.160173742e-01 -1.840755095e-01 5.479341851e-01 1.557877658e+00 -1.304865209e-01 9.821313641e-01 1.356132348e-01 -1.049910876e-01 -5.631060000e-01 3.916480000e-02 -8.254560000e-01 9.052230000e+00
-8.863482109e-01 -1.962585819e-01 4.193672046e-01 1.559765357e+00 -1.577415494e-01 9.795349131e-01 1.250171841e-01 -1.112324592e-01 -4.353210000e-01 4.465720000e-02 -8.991670000e-01 8.913110000e+00
-9.403806421e-01 -1.879301393e-01 2.834906941e-01 1.577393635e+00 -1.686491002e-01 9.814497766e-01 9.118307904e-02 -9.115403702e-02 -2.953680000e-01 3.793630000e-02 -9.546300000e-01 8.779620000e+00
-9.750846830e-01 -1.839706875e-01 1.239556329e-01 1.611700439e+00 -1.763311525e-01 9.818311332e-01 7.010890045e-02 -6.853569248e-02 -1.346010000e-01 4.650480000e-02 -9.898080000e-01 8.627500000e+00
-9.821197234e-01 -1.870333092e-01 -2.143814297e-02 1.615719207e+00 -1.878927060e-01 9.809278646e-01 4.976846116e-02 -9.771352003e-02 1.172090000e-02 5.290660000e-02 -9.985310000e-01 8.507070000e+00
-9.688584694e-01 -1.892511225e-01 -1.596800260e-01 1.566872687e+00 -1.938871312e-01 9.809265465e-01 1.382596361e-02 -8.798599404e-02 1.540180000e-01 4.435530000e-02 -9.870720000e-01 8.408990000e+00
-9.466994900e-01 -1.794569937e-01 -2.674979113e-01 1.532464698e+00 -1.830019149e-01 9.830417998e-01 -1.183467767e-02 -7.992488763e-02 2.650860000e-01 3.774870000e-02 -9.634860000e-01 8.303050000e+00
-9.286294253e-01 -1.992789934e-01 -3.129471172e-01 1.438747485e+00 -2.005212170e-01 9.792729789e-01 -2.856327029e-02 -7.521388761e-02 3.121530000e-01 3.622790000e-02 -9.493410000e-01 8.024870000e+00
-9.605469730e-01 -1.845675050e-01 -2.080468703e-01 1.418923814e+00 -1.901494914e-01 9.817300844e-01 6.979487413e-03 -8.759778699e-02 2.029580000e-01 4.626420000e-02 -9.780940000e-01 7.832370000e+00
-9.777194865e-01 -1.961923552e-01 -7.464937843e-02 1.419976451e+00 -1.988743035e-01 9.795564535e-01 3.030145937e-02 -7.248698953e-02 6.717830000e-02 4.447220000e-02 -9.967490000e-01 7.693960000e+00
-9.826729403e-01 -1.805898894e-01 -4.173708504e-02 1.440591251e+00 -1.820432221e-01 9.826988520e-01 3.410182548e-02 -7.141742551e-02 3.485650000e-02 4.110880000e-02 -9.985460000e-01 7.459180000e+00
-9.803889923e-01 -1.795786341e-01 -8.117757997e-02 1.417722541e+00 -1.826339908e-01 9.826649153e-01 3.186485823e-02 -3.973906732e-02 7.404810000e-02 4.606570000e-02 -9.961900000e-01 7.067280000e+00
-9.809040242e-01 -1.828275513e-01 -6.633617227e-02 1.443676817e+00 -1.856031010e-01 9.818755483e-01 3.836605510e-02 -3.779086117e-02 5.811950000e-02 4.994560000e-02 -9.970590000e-01 6.715430000e+00
-9.744774207e-01 -1.867640367e-01 -1.245521540e-01 1.386444066e+00 -1.904787104e-01 9.815166495e-01 1.850689424e-02 -1.107194875e-02 1.187940000e-01 4.175910000e-02 -9.920400000e-01 6.345820000e+00
-9.661352041e-01 -1.798295638e-01 -1.850524964e-01 1.352922640e+00 -1.860409686e-01 9.824009500e-01 1.662145305e-02 -2.316279969e-02 1.788060000e-01 5.048590000e-02 -9.825880000e-01 6.132990000e+00
-9.515279981e-01 -1.860756380e-01 -2.448870832e-01 1.268944294e+00 -1.939069098e-01 9.809873131e-01 8.045595958e-03 -3.600531381e-02 2.387340000e-01 5.514090000e-02 -9.695180000e-01 5.737320000e+00
-9.406652699e-01 -1.799622638e-01 -2.876845806e-01 1.152720327e+00 -1.856940213e-01 9.825790382e-01 -7.477782913e-03 -2.105056713e-02 2.840190000e-01 4.638730000e-02 -9.576960000e-01 5.393880000e+00
-9.387247945e-01 -1.834670251e-01 -2.917788974e-01 1.051246721e+00 -1.894374710e-01 9.818613584e-01 -7.914381178e-03 -3.253719417e-02 2.879390000e-01 4.784450000e-02 -9.564530000e-01 5.008200000e+00
-9.670792229e-01 -1.955614763e-01 -1.628281877e-01 1.023374668e+00 -2.014183269e-01 9.792987236e-01 2.010925878e-02 -3.534704072e-02 1.555250000e-01 5.224390000e-02 -9.864490000e-01 4.810490000e+00
-9.573496447e-01 -1.871030567e-01 -2.201682817e-01 9.651363036e-01 -1.938952786e-01 9.809765279e-01 9.455260508e-03 -3.565907998e-02 2.142100000e-01 5.174160000e-02 -9.754160000e-01 4.446870000e+00
-9.472843123e-01 -1.880479708e-01 -2.594052717e-01 8.674217689e-01 -1.948826508e-01 9.808259681e-01 6.425272039e-04 -4.028298507e-02 2.543100000e-01 5.116220000e-02 -9.657680000e-01 4.090550000e+00
-9.348423887e-01 -1.827876073e-01 -3.043989344e-01 7.441488786e-01 -1.890093983e-01 9.819327430e-01 -9.169296570e-03 -4.440492995e-02 3.005760000e-01 4.896240000e-02 -9.525000000e-01 3.742080000e+00
-9.256543666e-01 -1.808291026e-01 -3.323614297e-01 6.346865189e-01 -1.889133146e-01 9.819598026e-01 -8.119217514e-03 -4.339195648e-02 3.278340000e-01 5.527190000e-02 -9.431170000e-01 3.421880000e+00
-9.130248161e-01 -1.739674149e-01 -3.689448582e-01 5.218461204e-01 -1.819234144e-01 9.832216154e-01 -1.341049639e-02 -5.426409396e-02 3.650870000e-01 5.487560000e-02 -9.293540000e-01 3.132900000e+00
-9.171890183e-01 -1.858148938e-01 -3.524730642e-01 3.969883144e-01 -1.931173430e-01 9.810658123e-01 -1.467216560e-02 -6.163762104e-02 3.485250000e-01 5.461150000e-02 -9.357070000e-01 2.856870000e+00
-9.032447854e-01 -1.851725708e-01 -3.871182143e-01 2.653489620e-01 -1.913582350e-01 9.812531286e-01 -2.288188287e-02 -8.192174771e-02 3.840980000e-01 5.341030000e-02 -9.217460000e-01 2.515290000e+00
-9.123168429e-01 -1.881591564e-01 -3.636959916e-01 1.207835624e-01 -1.870571744e-01 9.815899236e-01 -3.860329746e-02 -6.452390209e-02 3.642640000e-01 3.281350000e-02 -9.307170000e-01 2.166750000e+00
-9.576379586e-01 -1.858537561e-01 -2.199721358e-01 1.169922118e-01 -1.932672198e-01 9.810663452e-01 1.247911170e-02 -8.424762044e-02 2.134880000e-01 5.446390000e-02 -9.754260000e-01 2.054740000e+00
-9.799114917e-01 -1.784578482e-01 -8.902688856e-02 1.312174236e-01 -1.820924548e-01 9.826768597e-01 3.446182202e-02 -7.704298491e-02 8.133470000e-02 4.998060000e-02 -9.954330000e-01 1.912340000e+00
-9.780876341e-01 -1.817984058e-01 -1.014563331e-01 8.152468902e-02 -1.861167243e-01 9.819118306e-01 3.477921215e-02 -5.832018849e-02 9.329830000e-02 5.289980000e-02 -9.942320000e-01 1.649620000e+00
-9.700844975e-01 -1.902792877e-01 -1.507619057e-01 6.906275275e-02 -1.957916536e-01 9.803884015e-01 2.246658096e-02 -7.424400607e-02 1.435300000e-01 5.131240000e-02 -9.883150000e-01 1.477540000e+00
-9.685127879e-01 -1.882581112e-01 -1.629175099e-01 4.509128558e-02 -1.920495432e-01 9.813546447e-01 7.699021329e-03 -6.330205830e-02 1.584300000e-01 3.874480000e-02 -9.866100000e-01 1.298260000e+00
-9.654978225e-01 -1.788333546e-01 -1.892935155e-01 -5.230333951e-03 -1.859559677e-01 9.823456821e-01 2.041191638e-02 -7.224276692e-02 1.823010000e-01 5.490790000e-02 -9.817080000e-01 1.077730000e+00
-9.562554946e-01 -1.867227714e-01 -2.251881228e-01 -5.299483911e-02 -1.916245781e-01 9.814679754e-01 -9.033177214e-05 -7.154636422e-02 2.210320000e-01 4.306520000e-02 -9.743150000e-01 8.594820000e-01
-9.513391136e-01 -1.847156828e-01 -2.466457379e-01 -1.265860060e-01 -1.921670755e-01 9.813423551e-01 6.271167183e-03 -7.051252254e-02 2.408850000e-01 5.336310000e-02 -9.690850000e-01 6.275720000e-01
-9.507694184e-01 -1.933599919e-01 -2.421777593e-01 -1.777863885e-01 -2.035224009e-01 9.789149047e-01 1.742426573e-02 -6.824570035e-02 2.337020000e-01 6.585510000e-02 -9.700750000e-01 4.592800000e-01
-9.724612722e-01 -1.893959098e-01 -1.358271664e-01 -1.811263894e-01 -1.955211476e-01 9.801393139e-01 3.314767020e-02 -7.235941833e-02 1.268520000e-01 5.879190000e-02 -9.901780000e-01 3.670550000e-01
-9.819586749e-01 -1.862281150e-01 3.280494971e-02 -1.666992146e-01 -1.831734031e-01 9.798585948e-01 7.952206442e-02 -7.821396879e-02 -4.695350000e-02 7.207840000e-02 -9.962930000e-01 3.567840000e-01
-9.754170290e-01 -1.772281772e-01 1.309608032e-01 -1.494615867e-01 -1.669641163e-01 9.822336010e-01 8.567262660e-02 -6.177320339e-02 -1.438180000e-01 6.170080000e-02 -9.876790000e-01 3.605180000e-01
-9.650476160e-01 -1.943129639e-01 1.758578280e-01 -1.345617440e-01 -1.809687773e-01 9.794409522e-01 8.913345896e-02 -4.911401782e-02 -1.895620000e-01 5.419330000e-02 -9.803720000e-01 2.496380000e-01
-9.617775456e-01 -1.838479054e-01 2.029384794e-01 -1.606388347e-01 -1.661089290e-01 9.808819651e-01 1.013776700e-01 -5.280498366e-02 -2.176970000e-01 6.379290000e-02 -9.739290000e-01 9.067340000e-02
-9.586254708e-01 -1.861874829e-01 2.153387593e-01 -1.882456819e-01 -1.642033769e-01 9.795835761e-01 1.159873105e-01 -8.365528858e-02 -2.325380000e-01 7.582900000e-02 -9.696270000e-01 3.828870000e-02
-9.326886414e-01 -1.895092525e-01 3.068859432e-01 -1.652045728e-01 -1.639149663e-01 9.806130740e-01 1.073805153e-01 -5.570773944e-02 -3.212860000e-01 4.984930000e-02 -9.456690000e-01 4.398570000e-02
-8.977507274e-01 -1.769762334e-01 4.033897854e-01 -1.443064210e-01 -1.399034692e-01 9.828845653e-01 1.198559700e-01 -3.019879329e-02 -4.176980000e-01 5.116510000e-02 -9.071440000e-01 4.118670000e-02
-8.264977038e-01 -1.806169398e-01 5.331786518e-01 -9.830738710e-02 -1.207227564e-01 9.819637177e-01 1.455091160e-01 -2.874786707e-02 -5.498440000e-01 5.589610000e-02 -8.333950000e-01 5.261880000e-02
-7.595874815e-01 -1.916051192e-01 6.215410497e-01 -6.725737047e-02 -1.182337636e-01 9.803786048e-01 1.577311953e-01 -3.154174757e-02 -6.395680000e-01 4.632350000e-02 -7.673380000e-01 5.473010000e-02
-6.656141509e-01 -1.912814016e-01 7.213667065e-01 -7.235200098e-02 -8.166103440e-02 9.794590267e-01 1.843689340e-01 -3.090996093e-02 -7.418150000e-01 6.381100000e-02 -6.675620000e-01 7.068670000e-02
-5.671378251e-01 -1.965035215e-01 7.998382835e-01 -6.367372981e-02 -6.773567391e-02 9.789596898e-01 1.924811694e-01 -3.331023311e-02 -8.208330000e-01 5.498580000e-02 -5.685160000e-01 7.390670000e-02
-4.369654843e-01 -1.940575084e-01 8.782951750e-01 -5.352661489e-02 -3.076748175e-02 9.791035627e-01 2.010233209e-01 -3.865268444e-02 -8.989520000e-01 6.081730000e-02 -4.338050000e-01 1.134240000e-01
-3.421490537e-01 -1.971458103e-01 9.187313845e-01 5.294307145e-02 -2.375588623e-02 9.792450886e-01 2.012840090e-01 -1.021491988e-02 -9.393450000e-01 4.704380000e-02 -3.397310000e-01 5.420440000e-02
-3.034057134e-01 -1.953438525e-01 9.326229657e-01 9.923106899e-02 -8.212904774e-03 9.792599827e-01 2.024403972e-01 5.062609719e-03 -9.528260000e-01 5.376210000e-02 -2.987180000e-01 6.460320000e-02
-1.426284320e-01 -1.950948419e-01 9.703581002e-01 9.926263558e-02 2.073788403e-02 9.795772085e-01 1.999965806e-01 -2.130802530e-03 -9.895590000e-01 4.864840000e-02 -1.356700000e-01 7.216840000e-02
2.812491965e-02 -1.952464730e-01 9.803513451e-01 1.057336669e-01 4.243196129e-02 9.800879454e-01 1.939769138e-01 -3.984646003e-03 -9.987030000e-01 3.614260000e-02 3.584960000e-02 7.683810000e-02
1.850644070e-01 -2.004239527e-01 9.620712982e-01 1.027696022e-01 8.087561467e-02 9.787677151e-01 1.883447588e-01 -1.349964594e-02 -9.793930000e-01 4.295220000e-02 1.973450000e-01 8.612010000e-02
3.419250023e-01 -1.882945561e-01 9.206694373e-01 1.104592667e-01 1.012028411e-01 9.813999643e-01 1.631298393e-01 1.115907366e-02 -9.342620000e-01 3.739620000e-02 3.546210000e-01 9.378470000e-02
4.793078524e-01 -1.933201312e-01 8.560913856e-01 1.115797040e-01 1.304825828e-01 9.802942621e-01 1.483132388e-01 2.663820565e-03 -8.678930000e-01 4.061730000e-02 4.950870000e-01 1.165160000e-01
6.073508866e-01 -2.035304963e-01 7.679198816e-01 7.084139374e-02 1.550949157e-01 9.784026242e-01 1.366522313e-01 -1.854332529e-02 -7.791480000e-01 3.610460000e-02 6.258000000e-01 1.289710000e-01
7.148369069e-01 -1.959338909e-01 6.712813819e-01 6.749311172e-02 1.656050607e-01 9.800699664e-01 1.097133970e-01 -2.304053060e-02 -6.793990000e-01 3.274040000e-02 7.330380000e-01 1.350340000e-01
8.148303699e-01 -1.852438323e-01 5.493052109e-01 7.694881339e-02 1.651711794e-01 9.824813320e-01 8.631249042e-02 -1.843441384e-02 -5.556700000e-01 2.039930000e-02 8.311520000e-01 1.180970000e-01
8.812043573e-01 -1.723817184e-01 4.401863045e-01 6.423270844e-02 1.676665046e-01 9.845794376e-01 4.992198813e-02 -2.905013154e-03 -4.420030000e-01 2.981300000e-02 8.965180000e-01 1.257230000e-01
9.142016183e-01 -1.772439004e-01 3.644443007e-01 5.514828166e-02 1.760073786e-01 9.836969684e-01 3.689999963e-02 -1.943213274e-02 -3.650440000e-01 3.041090000e-02 9.304940000e-01 1.238400000e-01
9.124548432e-01 -1.842246769e-01 3.653592359e-01 6.146591194e-02 1.815491232e-01 9.824848814e-01 4.199301610e-02 -1.533801028e-02 -3.666960000e-01 2.801390000e-02 9.299190000e-01 1.251330000e-01
9.144318990e-01 -1.885505106e-01 3.581394858e-01 1.378806626e-01 1.823348548e-01 9.818928327e-01 5.138686643e-02 -1.163767161e-02 -3.613430000e-01 1.831150000e-02 9.322530000e-01 7.961420000e-02
9.112174387e-01 -1.896403239e-01 3.656758898e-01 1.791769402e-01 1.857466010e-01 9.815125799e-01 4.615801757e-02 9.227841196e-03 -3.676690000e-01 2.586310000e-02 9.295970000e-01 6.587210000e-02
9.110977556e-01 -1.903229640e-01 3.656197948e-01 1.752228381e-01 1.864673292e-01 9.813750827e-01 4.619022944e-02 6.491673888e-03 -3.676010000e-01 2.609230000e-02 9.296180000e-01 6.106470000e-02
9.499127810e-01 -1.806912598e-01 2.549847856e-01 1.620433195e-01 1.828153406e-01 9.830238153e-01 1.555186067e-02 1.663389876e-02 -2.534660000e-01 3.184210000e-02 9.668200000e-01 6.000930000e-02
9.748133610e-01 -1.863963558e-01 1.224532042e-01 1.504948328e-01 1.877830561e-01 9.822103372e-01 2.198375909e-04 3.350055566e-03 -1.203160000e-01 2.278040000e-02 9.924740000e-01 6.813300000e-02
9.834122667e-01 -1.811477998e-01 9.286938131e-03 1.732080170e-01 1.813546706e-01 9.829023162e-01 -3.183445290e-02 1.043061942e-03 -3.361410000e-03 3.299060000e-02 9.994500000e-01 1.005130000e-01
9.844670310e-01 -1.750418298e-01 -1.357557489e-02 1.788980434e-01 1.744573722e-01 9.839950264e-01 -3.630037465e-02 3.093038852e-03 1.971240000e-02 3.336820000e-02 9.992490000e-01 4.089430000e-01
9.815985756e-01 -1.873255688e-01 -3.706461371e-02 2.229168035e-01 1.855844192e-01 9.815559682e-01 -4.589805607e-02 -2.560723680e-03 4.497890000e-02 3.817480000e-02 9.982580000e-01 7.167440000e-01
9.821947251e-01 -1.870290947e-01 -1.770717854e-02 2.381562396e-01 1.864209020e-01 9.819698407e-01 -3.135610694e-02 -3.331409366e-02 2.325250000e-02 2.749680000e-02 9.993510000e-01 1.010260000e+00
9.739751052e-01 -1.819044511e-01 1.352173431e-01 2.800900042e-01 1.836706384e-01 9.829876171e-01 -5.964936144e-04 -3.536586690e-02 -1.328090000e-01 2.541640000e-02 9.908160000e-01 1.146530000e+00
9.474155847e-01 -1.904443073e-01 2.571657716e-01 3.557312078e-01 1.905155208e-01 9.813689344e-01 2.488134155e-02 -2.476691665e-02 -2.571130000e-01 2.542110000e-02 9.660470000e-01 1.265760000e+00
9.545063722e-01 -1.874517202e-01 2.319022845e-01 4.344258008e-01 1.891795091e-01 9.818279138e-01 1.497309374e-02 -5.851934934e-03 -2.304950000e-01 2.957920000e-02 9.726240000e-01 1.508360000e+00
9.639799277e-01 -1.881927671e-01 1.879533532e-01 4.997807612e-01 1.909253392e-01 9.815982738e-01 3.625078430e-03 -5.928230156e-03 -1.851770000e-01 3.239060000e-02 9.821710000e-01 1.724090000e+00
9.756966558e-01 -1.758731878e-01 1.307045481e-01 5.811867494e-01 1.782991380e-01 9.839515239e-01 -7.003208632e-03 -5.441650844e-04 -1.273760000e-01 3.013760000e-02 9.913970000e-01 2.069550000e+00
9.824759623e-01 -1.829527556e-01 3.563763884e-02 6.259864790e-01 1.836766604e-01 9.828183114e-01 -1.819411969e-02 -7.427809038e-03 -3.169670000e-02 2.442110000e-02 9.991990000e-01 2.365600000e+00
9.835985405e-01 -1.803205949e-01 4.301569068e-03 6.854278335e-01 1.803717065e-01 9.832775393e-01 -2.510795083e-02 -8.152600102e-03 2.978460000e-04 2.547200000e-02 9.996750000e-01 2.731780000e+00
9.834575231e-01 -1.803605813e-01 -1.675050279e-02 6.838606826e-01 1.798292436e-01 9.832668016e-01 -2.912940354e-02 -2.538397971e-02 2.172400000e-02 2.563530000e-02 9.994350000e-01 3.071360000e+00
9.834336370e-01 -1.801746623e-01 -1.988805117e-02 7.315160273e-01 1.796208031e-01 9.833700105e-01 -2.681728386e-02 -4.040700889e-02 2.438910000e-02 2.280070000e-02 9.994420000e-01 3.464180000e+00
9.826945968e-01 -1.839931295e-01 -2.141578361e-02 7.674942725e-01 1.830698008e-01 9.823198426e-01 -3.915666736e-02 -3.379377750e-02 2.824170000e-02 3.455850000e-02 9.990040000e-01 3.892150000e+00
9.834101476e-01 -1.775812532e-01 -3.700566630e-02 8.075226479e-01 1.764269711e-01 9.837792837e-01 -3.244197480e-02 -6.312639596e-02 4.216650000e-02 2.537500000e-02 9.987880000e-01 4.288190000e+00
9.799016388e-01 -1.961071655e-01 -3.654749800e-02 8.102797605e-01 1.947170628e-01 9.801079449e-01 -3.838305582e-02 -5.230835437e-02 4.334770000e-02 3.049510000e-02 9.985950000e-01 4.610530000e+00
9.822054020e-01 -1.837981587e-01 -3.860907912e-02 8.192891883e-01 1.819287442e-01 9.821698027e-01 -4.738384735e-02 -5.849835625e-02 4.662970000e-02 3.951660000e-02 9.981300000e-01 4.860030000e+00
9.825791435e-01 -1.854674014e-01 -1.183069745e-02 8.385458431e-01 1.849964407e-01 9.821869161e-01 -3.295624497e-02 -8.602902299e-02 1.773230000e-02 3.019340000e-02 9.993870000e-01 5.074050000e+00
9.829215756e-01 -1.807313336e-01 -3.465962279e-02 8.684268891e-01 1.793151507e-01 9.829625619e-01 -4.037617162e-02 -9.254318402e-02 4.136640000e-02 3.347160000e-02 9.985830000e-01 5.439920000e+00
9.848745089e-01 -1.704457963e-01 -3.113848497e-02 8.718113171e-01 1.698739815e-01 9.852588172e-01 -2.018787453e-02 -1.049259863e-01 3.412040000e-02 1.459290000e-02 9.993110000e-01 5.725270000e+00
9.808746596e-01 -1.914113872e-01 -3.530994693e-02 8.716767588e-01 1.903402686e-01 9.812101715e-01 -3.157505102e-02 -1.117489201e-01 4.069030000e-02 2.425030000e-02 9.988770000e-01 5.943300000e+00
9.827189140e-01 -1.825516493e-01 3.064740319e-02 8.774190054e-01 1.832894134e-01 9.827834464e-01 -2.326162198e-02 -1.043849394e-01 -2.587330000e-02 2.847690000e-02 9.992600000e-01 6.150540000e+00
9.782522650e-01 -1.814707823e-01 1.004533281e-01 8.802878422e-01 1.832265081e-01 9.830341486e-01 -8.459090213e-03 -1.116230826e-01 -9.721400000e-02 2.668080000e-02 9.949060000e-01 6.356180000e+00
9.589257382e-01 -1.836363874e-01 2.161928142e-01 9.271082518e-01 1.832829745e-01 9.828170319e-01 2.186103266e-02 -1.328696982e-01 -2.164920000e-01 1.866130000e-02 9.761060000e-01 6.526670000e+00
9.549833293e-01 -1.852195054e-01 2.317340583e-01 1.032923250e+00 1.884608113e-01 9.820454140e-01 8.273245359e-03 -1.201625695e-01 -2.291060000e-01 3.577190000e-02 9.727440000e-01 6.829340000e+00
9.477636134e-01 -1.743851927e-01 2.670844450e-01 1.062381085e+00 1.748031663e-01 9.843480091e-01 2.240407141e-02 -1.071265214e-01 -2.668110000e-01 2.545350000e-02 9.634130000e-01 7.099770000e+00
9.504571063e-01 -1.809140924e-01 2.527873352e-01 1.135614239e+00 1.814170578e-01 9.831709024e-01 2.152100146e-02 -1.185842439e-01 -2.524260000e-01 2.540510000e-02 9.672830000e-01 7.368260000e+00
9.788518196e-01 -1.823275617e-01 9.277045368e-02 1.133105867e+00 1.848912231e-01 9.825607831e-01 -1.976088116e-02 -1.204066232e-01 -8.754960000e-02 3.649540000e-02 9.954910000e-01 7.554190000e+00
9.801399467e-01 -1.933233073e-01 -4.416872602e-02 1.097490850e+00 1.915431951e-01 9.806049104e-01 -4.153404889e-02 -1.199795543e-01 5.134160000e-02 3.224900000e-02 9.981600000e-01 7.665510000e+00
9.867195626e-01 -1.603801906e-01 2.574818498e-02 1.102400822e+00 1.605663517e-01 9.870106778e-01 -5.318421841e-03 -1.318463934e-01 -2.456080000e-02 9.382080000e-03 9.996540000e-01 7.827450000e+00
9.764160580e-01 -1.625378761e-01 1.421037153e-01 1.135922194e+00 1.639312761e-01 9.864694469e-01 1.926259576e-03 -1.427638115e-01 -1.404940000e-01 2.141440000e-02 9.898500000e-01 7.916950000e+00
9.416882218e-01 -1.746351528e-01 2.876215096e-01 1.199323520e+00 1.777208226e-01 9.839579236e-01 1.556235863e-02 -1.302622814e-01 -2.857250000e-01 3.646140000e-02 9.576180000e-01 8.050320000e+00
9.213543826e-01 -1.742000382e-01 3.475053517e-01 1.273579744e+00 1.723892546e-01 9.843571733e-01 3.638276007e-02 -1.050970162e-01 -3.484070000e-01 2.638480000e-02 9.369720000e-01 8.293360000e+00
8.600806659e-01 -1.723411608e-01 4.801658767e-01 1.331977795e+00 1.695356625e-01 9.842751165e-01 4.960097796e-02 -1.105378134e-01 -4.811640000e-01 3.874440000e-02 8.757740000e-01 8.406450000e+00
7.904782266e-01 -1.712866799e-01 5.880526000e-01 1.434558055e+00 1.555806296e-01 9.847624610e-01 7.770343375e-02 -1.001563635e-01 -5.924010000e-01 3.006670000e-02 8.050820000e-01 8.477960000e+00
7.709852177e-01 -1.780160771e-01 6.114669716e-01 1.660796267e+00 1.624887242e-01 9.833467433e-01 8.140282845e-02 -7.944791631e-02 -6.157750000e-01 3.659610000e-02 7.870720000e-01 8.757730000e+00
7.036519999e-01 -1.869661186e-01 6.855056027e-01 1.803381737e+00 1.596502038e-01 9.816939598e-01 1.038725640e-01 -6.385817059e-02 -6.923770000e-01 3.635100000e-02 7.206200000e-01 8.931320000e+00
5.833077392e-01 -1.821314536e-01 7.915681248e-01 1.926838970e+00 1.326158525e-01 9.828139206e-01 1.284102717e-01 -5.105476248e-02 -8.013520000e-01 3.007180000e-02 5.974370000e-01 8.995650000e+00
4.726239827e-01 -1.758307128e-01 8.635445803e-01 2.030530347e+00 1.250447991e-01 9.833596071e-01 1.317887071e-01 -3.030554106e-02 -8.723480000e-01 4.569530000e-02 4.867460000e-01 9.053320000e+00
3.402044025e-01 -1.827371359e-01 9.224253319e-01 2.183380967e+00 1.050053413e-01 9.821843574e-01 1.558480404e-01 5.787004621e-03 -9.344700000e-01 4.383940000e-02 3.533320000e-01 9.059540000e+00
2.204827633e-01 -1.864661442e-01 9.574010889e-01 2.371631401e+00 8.283250717e-02 9.815903319e-01 1.721014625e-01 1.605106976e-02 -9.718670000e-01 4.135850000e-02 2.318690000e-01 9.074730000e+00
2.567299218e-01 -1.851066862e-01 9.485910218e-01 2.608637815e+00 1.023189789e-01 9.811776542e-01 1.637734760e-01 7.048490871e-02 -9.610520000e-01 5.501330000e-02 2.708380000e-01 9.105270000e+00
2.449539171e-01 -1.897615948e-01 9.507832587e-01 2.968262696e+00 8.363272611e-02 9.811387783e-01 1.742737069e-01 1.199004627e-01 -9.659210000e-01 3.682750000e-02 2.562040000e-01 9.160750000e+00
1.519568063e-01 -1.852797713e-01 9.708657503e-01 3.218458810e+00 7.563267175e-02 9.815722124e-01 1.754853286e-01 1.658248399e-01 -9.854890000e-01 4.676300000e-02 1.631700000e-01 9.168000000e+00
-4.656989465e-03 -1.969642253e-01 9.803995316e-01 3.318865377e+00 5.016719973e-02 9.791295072e-01 1.969473981e-01 1.826120265e-01 -9.987300000e-01 5.010110000e-02 5.321350000e-03 9.116630000e+00
-1.404822161e-01 -1.943229040e-01 9.708264163e-01 3.474639768e+00 1.905604859e-02 9.798375038e-01 1.988841426e-01 2.115701988e-01 -9.899000000e-01 4.643970000e-02 -1.339460000e-01 9.010250000e+00
-1.705915065e-01 -1.802280018e-01 9.687185791e-01 3.811742659e+00 1.639494385e-02 9.824745770e-01 1.856742972e-01 2.798583342e-01 -9.852050000e-01 4.755650000e-02 -1.646470000e-01 8.933320000e+00
-1.062378872e-01 -1.912148493e-01 9.757823047e-01 4.137133641e+00 3.054540287e-02 9.802452323e-01 1.954150470e-01 3.255298797e-01 -9.938710000e-01 5.056610000e-02 -9.829870000e-02 8.874970000e+00
-1.205044965e-01 -1.874209493e-01 9.748597965e-01 4.601812729e+00 3.470295420e-02 9.806202129e-01 1.928181664e-01 4.162231161e-01 -9.921060000e-01 5.706590000e-02 -1.116650000e-01 8.804090000e+00
-1.031037951e-01 -1.864735444e-01 9.770344682e-01 4.946778221e+00 3.584120412e-02 9.809357676e-01 1.910001813e-01 4.886708844e-01 -9.940250000e-01 5.471090000e-02 -9.445480000e-02 8.742710000e+00
-1.117103490e-01 -1.853287046e-01 9.763060186e-01 5.355860625e+00 3.509694220e-02 9.811066831e-01 1.902558872e-01 5.631920398e-01 -9.931210000e-01 5.551890000e-02 -1.030950000e-01 8.673780000e+00
-1.223965835e-01 -1.889579318e-01 9.743277085e-01 5.788207347e+00 1.560885749e-02 9.812207644e-01 1.922556343e-01 6.431635065e-01 -9.923590000e-01 3.873960000e-02 -1.171480000e-01 8.617370000e+00
-1.314639516e-01 -1.830062714e-01 9.742818248e-01 6.243991767e+00 2.770272832e-02 9.817501318e-01 1.881469327e-01 7.267271847e-01 -9.909340000e-01 5.172480000e-02 -1.239950000e-01 8.526950000e+00
-1.394335985e-01 -1.752017670e-01 9.746086324e-01 6.692442081e+00 2.622019713e-02 9.832248301e-01 1.805018750e-01 8.200271139e-01 -9.898840000e-01 5.072250000e-02 -1.325010000e-01 8.466820000e+00
-1.392591231e-01 -1.923041873e-01 9.714044301e-01 7.055615483e+00 1.513672710e-02 9.804347235e-01 1.962619078e-01 8.633839880e-01 -9.901400000e-01 4.203510000e-02 -1.336240000e-01 8.398040000e+00
-1.081089418e-01 -1.900799775e-01 9.757981440e-01 7.407171703e+00 3.588149774e-02 9.801652441e-01 1.949060052e-01 9.340915000e-01 -9.934910000e-01 5.608420000e-02 -9.914460000e-02 8.342610000e+00
-9.429305222e-02 -1.906190275e-01 9.771253593e-01 7.839561976e+00 2.233179131e-02 9.808461213e-01 1.934999892e-01 1.027178487e+00 -9.952940000e-01 4.006660000e-02 -8.823010000e-02 8.263780000e+00
-1.115770247e-01 -1.889576611e-01 9.756255432e-01 8.204224396e+00 2.269786831e-02 9.810157597e-01 1.925971944e-01 1.068091185e+00 -9.934970000e-01 4.363410000e-02 -1.051690000e-01 8.195420000e+00
-1.125549356e-01 -1.882834145e-01 9.756435419e-01 8.514812304e+00 2.620005910e-02 9.809793420e-01 1.923357235e-01 1.132905152e+00 -9.933000000e-01 4.721030000e-02 -1.054820000e-01 8.144720000e+00
-1.214608576e-01 -1.813115188e-01 9.758964193e-01 8.857133253e+00 2.870814858e-02 9.821224914e-01 1.860413135e-01 1.210879190e+00 -9.921810000e-01 5.061290000e-02 -1.140840000e-01 8.097910000e+00
-1.214766092e-01 -1.859040917e-01 9.750297741e-01 9.314381663e+00 3.200033484e-02 9.810601958e-01 1.910407917e-01 1.309786208e+00 -9.920780000e-01 5.440830000e-02 -1.132270000e-01 8.009680000e+00
-1.251952867e-01 -1.775068892e-01 9.761240570e-01 9.717289455e+00 2.667158594e-02 9.829070643e-01 1.821613071e-01 1.361249621e+00 -9.917730000e-01 4.884060000e-02 -1.183210000e-01 7.940130000e+00
-1.318840233e-01 -1.828347141e-01 9.742581283e-01 1.009695483e+01 2.694916652e-02 9.818179658e-01 1.879016518e-01 1.437715952e+00 -9.908990000e-01 5.103670000e-02 -1.245590000e-01 7.857510000e+00
-1.023308362e-01 -1.837395624e-01 9.776344611e-01 1.044596096e+01 2.427540444e-02 9.820397582e-01 1.871084923e-01 1.508527708e+00 -9.944540000e-01 4.287950000e-02 -9.603250000e-02 7.823750000e+00
-9.730651308e-02 -1.843134767e-01 9.780390473e-01 1.079438794e+01 2.986026188e-02 9.817187428e-01 1.879780291e-01 1.549324430e+00 -9.948060000e-01 4.749600000e-02 -9.002410000e-02 7.752310000e+00
-1.002454341e-01 -1.850171181e-01 9.776093215e-01 1.121184257e+01 1.717168005e-02 9.820903613e-01 1.876261100e-01 1.626055455e+00 -9.948150000e-01 3.559580000e-02 -9.527300000e-02 7.711730000e+00
-1.087286009e-01 -1.760410187e-01 9.783599130e-01 1.156164669e+01 3.383262385e-02 9.829691014e-01 1.806303983e-01 1.695517733e+00 -9.934960000e-01 5.274010000e-02 -1.009210000e-01 7.668110000e+00
-1.019027332e-01 -1.775944032e-01 9.788139421e-01 1.186932038e+01 3.945019469e-02 9.824400877e-01 1.823595631e-01 1.740200336e+00 -9.940120000e-01 5.719730000e-02 -9.310720000e-02 7.606790000e+00
-1.199643958e-01 -1.793053483e-01 9.764522985e-01 1.227659553e+01 2.203599187e-02 9.828320640e-01 1.831841206e-01 1.813224886e+00 -9.925340000e-01 4.349260000e-02 -1.139530000e-01 7.549130000e+00
-1.233999988e-01 -1.862533171e-01 9.747212425e-01 1.259718534e+01 2.343049714e-02 9.814084896e-01 1.904972291e-01 1.865098345e+00 -9.920800000e-01 4.634560000e-02 -1.167420000e-01 7.496950000e+00
-1.419732939e-01 -1.805800150e-01 9.732599062e-01 1.294389679e+01 1.634486499e-02 9.826578337e-01 1.847079627e-01 1.923637484e+00 -9.897360000e-01 4.213140000e-02 -1.365590000e-01 7.413670000e+00
-1.438928542e-01 -1.773108155e-01 9.735784137e-01 1.332270226e+01 2.413821429e-02 9.828955601e-01 1.825751619e-01 2.025678459e+00 -9.892990000e-01 4.977170000e-02 -1.371520000e-01 7.355330000e+00
-1.582587298e-01 -1.777364994e-01 9.712693839e-01 1.362274980e+01 2.579092830e-02 9.825855275e-01 1.840098074e-01 2.045152183e+00 -9.870610000e-01 5.417100000e-02 -1.509180000e-01 7.281290000e+00
-1.228562430e-01 -1.837154789e-01 9.752714788e-01 1.401349692e+01 2.304462202e-02 9.819229860e-01 1.878714475e-01 2.113655462e+00 -9.921570000e-01 4.555590000e-02 -1.164020000e-01 7.237050000e+00
-1.366430988e-01 -1.758999169e-01 9.748786953e-01 1.433297834e+01 3.191771772e-02 9.828164498e-01 1.818058980e-01 2.190365116e+00 -9.901060000e-01 5.595840000e-02 -1.286810000e-01 7.171480000e+00
-1.491395598e-01 -1.851669445e-01 9.713239467e-01 1.470476217e+01 2.311863148e-02 9.813882674e-01 1.906353093e-01 2.238802102e+00 -9.885460000e-01 5.088700000e-02 -1.420830000e-01 7.113140000e+00
-1.556519497e-01 -1.737349495e-01 9.724138392e-01 1.503645910e+01 3.199896504e-02 9.830082241e-01 1.807498829e-01 2.309874733e+00 -9.872930000e-01 5.925030000e-02 -1.474480000e-01 7.043840000e+00
-1.609075286e-01 -1.857271283e-01 9.693368461e-01 1.540402110e+01 8.118338312e-03 9.818520051e-01 1.894728090e-01 2.345385413e+00 -9.869360000e-01 3.835710000e-02 -1.564800000e-01 6.969150000e+00
-1.682224788e-01 -1.816758696e-01 9.688624481e-01 1.565786006e+01 2.298207855e-02 9.818797663e-01 1.881069965e-01 2.413490782e+00 -9.854810000e-01 5.391030000e-02 -1.609990000e-01 6.928220000e+00
-1.670909368e-01 -1.881544216e-01 9.678218314e-01 1.592524442e+01 3.254581445e-02 9.800340875e-01 1.961475792e-01 2.457377243e+00 -9.854040000e-01 6.427300000e-02 -1.576310000e-01 6.852250000e+00
-1.804042286e-01 -1.755798455e-01 9.677947601e-01 1.619602663e+01 3.243669432e-02 9.823407815e-01 1.842654701e-01 2.516432324e+00 -9.830580000e-01 6.463430000e-02 -1.715230000e-01 6.798950000e+00
-1.966661759e-01 -1.789397988e-01 9.640037049e-01 1.650231687e+01 2.845213844e-02 9.817497550e-01 1.880383203e-01 2.576522841e+00 -9.800580000e-01 6.440870000e-02 -1.879860000e-01 6.717000000e+00
-2.062411641e-01 -1.807308014e-01 9.616656074e-01 1.675072454e+01 1.278339275e-02 9.822131697e-01 1.873338578e-01 2.621031268e+00 -9.784180000e-01 5.092930000e-02 -2.002620000e-01 6.655990000e+00
-2.091518871e-01 -1.816238450e-01 9.608682162e-01 1.703006839e+01 1.734052319e-02 9.817568676e-01 1.893467288e-01 2.670312580e+00 -9.777290000e-01 5.626420000e-02 -2.021870000e-01 6.589060000e+00
-2.141892520e-01 -1.722216179e-01 9.614900573e-01 1.734338335e+01 -2.414133065e-04 9.843436328e-01 1.762613072e-01 2.741376639e+00 -9.767920000e-01 3.752110000e-02 -2.108770000e-01 6.487950000e+00
-2.143378228e-01 -1.664490247e-01 9.624726901e-01 1.753593820e+01 -2.846997389e-03 9.854757910e-01 1.697930263e-01 2.764554515e+00 -9.767550000e-01 3.365290000e-02 -2.116990000e-01 6.433770000e+00
-1.706627694e-01 -1.825200136e-01 9.682771968e-01 1.776028813e+01 1.806060600e-02 9.819495926e-01 1.882804113e-01 2.804219954e+00 -9.851640000e-01 4.962010000e-02 -1.642860000e-01 6.367710000e+00
-1.955960771e-02 -1.793950131e-01 9.835824490e-01 1.788463770e+01 4.778846082e-02 9.824789189e-01 1.801439713e-01 2.829000360e+00 -9.986660000e-01 5.052740000e-02 -1.064390000e-02 6.359800000e+00
9.890198093e-02 -1.701642487e-01 9.804395673e-01 1.799154268e+01 5.704233043e-02 9.846200993e-01 1.651355529e-01 2.844341220e+00 -9.934610000e-01 3.959430000e-02 1.070870000e-01 6.384730000e+00
1.482119063e-01 -1.785243869e-01 9.727087870e-01 1.822138411e+01 7.400349395e-02 9.828158751e-01 1.691034680e-01 2.903629481e+00 -9.861830000e-01 4.692070000e-02 1.588760000e-01 6.436190000e+00
2.664158577e-01 -1.738212075e-01 9.480549302e-01 1.843139747e+01 9.534947342e-02 9.835322996e-01 1.535314305e-01 2.924786670e+00 -9.591300000e-01 4.949340000e-02 2.786020000e-01 6.459220000e+00
4.065700020e-01 -1.769198304e-01 8.963255907e-01 1.852641096e+01 1.027519678e-01 9.837016494e-01 1.475583620e-01 2.942776405e+00 -9.078230000e-01 3.210640000e-02 4.181230000e-01 6.498460000e+00
4.536848958e-01 -1.805878205e-01 8.726730053e-01 1.862301965e+01 1.381850947e-01 9.816638300e-01 1.313024963e-01 2.951681246e+00 -8.803830000e-01 6.102050000e-02 4.703210000e-01 6.604530000e+00
4.650180153e-01 -1.699727898e-01 8.688306199e-01 1.887886711e+01 1.141169642e-01 9.847170258e-01 1.315659497e-01 2.997853899e+00 -8.779150000e-01 3.796780000e-02 4.773080000e-01 6.720650000e+00
4.802619567e-01 -1.795398959e-01 8.585531463e-01 1.916776602e+01 1.271335660e-01 9.827391096e-01 1.343927880e-01 3.029666662e+00 -8.678630000e-01 4.460720000e-02 4.947970000e-01 6.842970000e+00
4.784936855e-01 -1.816532918e-01 8.590959339e-01 1.938343956e+01 1.304758677e-01 9.822152889e-01 1.350150217e-01 3.068550533e+00 -8.683430000e-01 4.748740000e-02 4.936850000e-01 6.969110000e+00
4.835604282e-01 -1.825231457e-01 8.560698550e-01 1.952303195e+01 1.408421420e-01 9.814986582e-01 1.297097259e-01 3.090554719e+00 -8.639060000e-01 5.784820000e-02 5.003200000e-01 7.043570000e+00
4.917575711e-01 -1.728630900e-01 8.534004841e-01 1.982831708e+01 1.372171151e-01 9.832342486e-01 1.200927678e-01 3.140668287e+00 -8.598520000e-01 5.804470000e-02 5.072330000e-01 7.215300000e+00
4.555081196e-01 -1.774996725e-01 8.723570979e-01 2.000184945e+01 1.267797890e-01 9.828676882e-01 1.337862906e-01 3.161949583e+00 -8.811580000e-01 4.965650000e-02 4.702070000e-01 7.285330000e+00
4.157142424e-01 -1.763438962e-01 8.922356542e-01 2.028804376e+01 1.206324960e-01 9.830462197e-01 1.380863489e-01 3.195734139e+00 -9.014600000e-01 5.022820000e-02 4.299390000e-01 7.380910000e+00
2.928717929e-01 -1.773750871e-01 9.395548163e-01 2.040781806e+01 1.099761536e-01 9.823702755e-01 1.511767100e-01 3.212203459e+00 -9.498060000e-01 5.905330000e-02 3.072160000e-01 7.389090000e+00
1.316658853e-01 -1.769095442e-01 9.753802558e-01 2.054374009e+01 7.939455730e-02 9.826677963e-01 1.675138154e-01 3.251491013e+00 -9.881100000e-01 5.538400000e-02 1.434290000e-01 7.374540000e+00
6.668482216e-02 -1.824706490e-01 9.809471533e-01 2.081759708e+01 7.830215823e-02 9.810606865e-01 1.771687317e-01 3.291768972e+00 -9.946970000e-01 6.499580000e-02 7.970970000e-02 7.324040000e+00
1.085794570e-01 -1.725837123e-01 9.789919208e-01 2.102500294e+01 7.178457618e-02 9.836042767e-01 1.654353878e-01 3.341910794e+00 -9.914930000e-01 5.231370000e-02 1.191880000e-01 7.347880000e+00
2.657659594e-01 -1.687959004e-01 9.491448746e-01 2.115011678e+01 9.380436095e-02 9.844076689e-01 1.488012802e-01 3.366998889e+00 -9.594630000e-01 4.948760000e-02 2.774560000e-01 7.360200000e+00
3.264014318e-01 -1.791412465e-01 9.281006937e-01 2.137346693e+01 1.123157972e-01 9.822705775e-01 1.500972228e-01 3.382447234e+00 -9.385350000e-01 5.524840000e-02 3.407350000e-01 7.473180000e+00
3.483982106e-01 -1.683487935e-01 9.221048646e-01 2.169340585e+01 1.068718644e-01 9.844591418e-01 1.393533552e-01 3.444578044e+00 -9.312340000e-01 4.999660000e-02 3.609760000e-01 7.576290000e+00
3.620483290e-01 -1.753926397e-01 9.155096344e-01 2.192644923e+01 1.115935765e-01 9.832310137e-01 1.442356861e-01 3.474963194e+00 -9.254550000e-01 4.994470000e-02 3.755500000e-01 7.638950000e+00
3.903847893e-01 -1.673135875e-01 9.053209434e-01 2.217927380e+01 1.066147103e-01 9.849477851e-01 1.360560244e-01 3.522504817e+00 -9.144580000e-01 4.340630000e-02 4.023470000e-01 7.733270000e+00
3.960108867e-01 -1.800803402e-01 9.004152090e-01 2.236732098e+01 1.109463199e-01 9.827814277e-01 1.477581389e-01 3.546838453e+00 -9.115190000e-01 4.138390000e-02 4.091710000e-01 7.808180000e+00
4.107245750e-01 -1.805685988e-01 8.937004156e-01 2.259087147e+01 1.250847313e-01 9.820847307e-01 1.409399458e-01 3.578631878e+00 -9.031380000e-01 5.390080000e-02 4.259530000e-01 7.868220000e+00
4.223624010e-01 -1.811124344e-01 8.881486856e-01 2.277570206e+01 1.194684685e-01 9.824093845e-01 1.435206852e-01 3.611377384e+00 -8.985200000e-01 4.548800000e-02 4.365700000e-01 7.935110000e+00
4.296217782e-01 -1.760574452e-01 8.856796315e-01 2.302037593e+01 1.238994613e-01 9.830263588e-01 1.353075329e-01 3.657281941e+00 -8.944690000e-01 5.160420000e-02 4.441430000e-01 8.047340000e+00
4.505224719e-01 -1.911206501e-01 8.720680672e-01 2.329724628e+01 1.375808520e-01 9.800111648e-01 1.437009631e-01 3.699098562e+00 -8.821000000e-01 5.523940000e-02 4.678120000e-01 8.155860000e+00
4.533879464e-01 -1.837382130e-01 8.721691443e-01 2.351373687e+01 1.206941946e-01 9.821651982e-01 1.441691617e-01 3.723716335e+00 -8.831040000e-01 3.990120000e-02 4.674780000e-01 8.256970000e+00
4.719899251e-01 -1.918911164e-01 8.604667784e-01 2.370157824e+01 1.428107385e-01 9.797753203e-01 1.401622479e-01 3.765120084e+00 -8.699600000e-01 5.672870000e-02 4.898480000e-01 8.337080000e+00
4.780666934e-01 -1.661302505e-01 8.624692271e-01 2.385712836e+01 1.233938729e-01 9.849140827e-01 1.213186223e-01 3.789263701e+00 -8.696130000e-01 4.842500000e-02 4.913540000e-01 8.426020000e+00
4.864331627e-01 -1.642492542e-01 8.581403118e-01 2.403929809e+01 1.260703805e-01 9.850876882e-01 1.170846101e-01 3.818702565e+00 -8.645750000e-01 5.123230000e-02 4.998860000e-01 8.497460000e+00
4.937194096e-01 -1.985537879e-01 8.466507498e-01 2.417301947e+01 1.475405404e-01 9.785963579e-01 1.434598800e-01 3.834404215e+00 -8.570140000e-01 5.408640000e-02 5.124470000e-01 8.568310000e+00
5.013144069e-01 -1.916900385e-01 8.437641420e-01 2.431390992e+01 1.439591563e-01 9.800382554e-01 1.371171972e-01 3.838050262e+00 -8.532050000e-01 5.272880000e-02 5.189030000e-01 8.631850000e+00
5.076675493e-01 -1.957395126e-01 8.390235892e-01 2.446616658e+01 1.676648955e-01 9.776764888e-01 1.266377279e-01 3.871146311e+00 -8.450810000e-01 7.638490000e-02 5.291530000e-01 8.726000000e+00
5.187308030e-01 -1.842150357e-01 8.348555247e-01 2.463471792e+01 1.509267011e-01 9.809044915e-01 1.226647067e-01 3.891230265e+00 -8.415100000e-01 6.237200000e-02 5.366290000e-01 8.799510000e+00
5.243268959e-01 -1.750704159e-01 8.333261937e-01 2.479276433e+01 1.331565569e-01 9.834546162e-01 1.228286955e-01 3.931200098e+00 -8.410420000e-01 4.656040000e-02 5.389630000e-01 8.882820000e+00
5.308844777e-01 -1.909136729e-01 8.256593865e-01 2.499164454e+01 1.538768367e-01 9.798143495e-01 1.276179936e-01 3.953935279e+00 -8.333570000e-01 5.929950000e-02 5.495450000e-01 9.013380000e+00
5.369042619e-01 -1.787995035e-01 8.244779507e-01 2.512615041e+01 1.451008760e-01 9.822909031e-01 1.185328709e-01 3.974773582e+00 -8.310710000e-01 5.599170000e-02 5.533410000e-01 9.099100000e+00
5.433857411e-01 -1.634826380e-01 8.234108585e-01 2.525818800e+01 1.315733840e-01 9.853179347e-01 1.088000659e-01 4.008704770e+00 -8.291080000e-01 4.921850000e-02 5.569180000e-01 9.158540000e+00
5.171312750e-01 -1.955922766e-01 8.332578861e-01 2.539186998e+01 1.550781271e-01 9.788377936e-01 1.335208061e-01 4.005509578e+00 -8.417400000e-01 6.017240000e-02 5.365200000e-01 9.237720000e+00
4.076374394e-01 -1.753869557e-01 8.961424412e-01 2.548311802e+01 1.170414657e-01 9.833217179e-01 1.392093797e-01 4.027248430e+00 -9.056120000e-01 4.813880000e-02 4.213660000e-01 9.261050000e+00
3.012477724e-01 -1.942635153e-01 9.335479644e-01 2.559760201e+01 1.315324241e-01 9.781338914e-01 1.610973981e-01 4.040434066e+00 -9.444310000e-01 7.426160000e-02 3.202120000e-01 9.265930000e+00
2.327217271e-01 -1.927325158e-01 9.532548886e-01 2.572292852e+01 1.058978872e-01 9.793607059e-01 1.721574666e-01 4.055505297e+00 -9.667610000e-01 6.088290000e-02 2.483290000e-01 9.247610000e+00
2.417685440e-01 -1.785223956e-01 9.537706695e-01 2.595117943e+01 9.423966337e-02 9.826030347e-01 1.600307630e-01 4.114613795e+00 -9.657470000e-01 5.119260000e-02 2.543870000e-01 9.285150000e+00
2.990851990e-01 -1.826638810e-01 9.365799367e-01 2.613585855e+01 9.576267711e-02 9.822978033e-01 1.609996765e-01 4.141322822e+00 -9.494090000e-01 4.153670000e-02 3.112830000e-01 9.348220000e+00
3.392686483e-01 -1.848953836e-01 9.223399747e-01 2.636127374e+01 1.101498329e-01 9.815561808e-01 1.562493191e-01 4.172078488e+00 -9.342180000e-01 4.858510000e-02 3.533770000e-01 9.392140000e+00
3.923086253e-01 -1.869247219e-01 9.006400630e-01 2.650204666e+01 1.241576214e-01 9.809342188e-01 1.495078366e-01 4.200695807e+00 -9.114160000e-01 5.316810000e-02 4.080370000e-01 9.437640000e+00
4.183875334e-01 -1.817840957e-01 8.898919100e-01 2.669812614e+01 1.069078836e-01 9.828118135e-01 1.505024284e-01 4.219687294e+00 -9.019550000e-01 3.216810000e-02 4.306300000e-01 9.538580000e+00
3.204257153e-01 -1.856120999e-01 9.289114455e-01 2.679929437e+01 1.294740874e-01 9.799936861e-01 1.511576566e-01 4.241984641e+00 -9.383840000e-01 7.183510000e-02 3.380470000e-01 9.557540000e+00
2.148965614e-01 -1.801260874e-01 9.598823194e-01 2.688351741e+01 8.271561228e-02 9.826698743e-01 1.658841094e-01 4.265534302e+00 -9.731280000e-01 4.374930000e-02 2.260720000e-01 9.540080000e+00
1.147006427e-01 -1.833819148e-01 9.763269045e-01 2.694959495e+01 6.595293263e-02 9.820512352e-01 1.767086393e-01 4.278181134e+00 -9.912080000e-01 4.412300000e-02 1.247370000e-01 9.507520000e+00
9.754924549e-02 -1.870874501e-01 9.774875344e-01 2.712312833e+01 6.146834494e-02 9.814292365e-01 1.817075863e-01 4.312237870e+00 -9.933310000e-01 4.235900000e-02 1.072380000e-01 9.454630000e+00
2.282165070e-01 -1.770182591e-01 9.573823453e-01 2.715116666e+01 8.806852009e-02 9.830543390e-01 1.607715282e-01 4.318920724e+00 -9.696190000e-01 4.762450000e-02 2.399400000e-01 9.467370000e+00
3.551523954e-01 -1.814333062e-01 9.170324592e-01 2.716111744e+01 1.016602356e-01 9.826627249e-01 1.550465479e-01 4.310032392e+00 -9.292640000e-01 3.816060000e-02 3.674400000e-01 9.504740000e+00
4.589619578e-01 -1.804110874e-01 8.699464780e-01 2.722396091e+01 1.101381242e-01 9.831666919e-01 1.457848728e-01 4.319851641e+00 -8.816030000e-01 2.890460000e-02 4.711060000e-01 9.531390000e+00
4.760495493e-01 -1.794366888e-01 8.609172205e-01 2.744268647e+01 1.034462614e-01 9.835921428e-01 1.478037196e-01 4.345089313e+00 -8.733130000e-01 1.869680000e-02 4.868010000e-01 9.640580000e+00
5.744311584e-01 -1.739433700e-01 7.998576131e-01 2.754684537e+01 1.244217337e-01 9.843613581e-01 1.247112109e-01 4.367664564e+00 -8.090410000e-01 2.788160000e-02 5.870900000e-01 9.710560000e+00
6.853416467e-01 -1.793406622e-01 7.057931866e-01 2.760834627e+01 1.589961848e-01 9.826684610e-01 9.530516492e-02 4.384082506e+00 -7.106530000e-01 4.690180000e-02 7.019780000e-01 9.782320000e+00
7.585819482e-01 -1.705916339e-01 6.288492452e-01 2.762608650e+01 1.353447670e-01 9.853219094e-01 1.040274906e-01 4.376530374e+00 -6.373650000e-01 6.198080000e-03 7.705370000e-01 9.865340000e+00
7.242215595e-01 -1.850689490e-01 6.642683302e-01 2.776693701e+01 1.582895821e-01 9.822062171e-01 1.010721689e-01 4.384007976e+00 -6.711540000e-01 3.194810000e-02 7.406290000e-01 1.000720000e+01
6.163329751e-01 -1.758908994e-01 7.675914838e-01 2.785823898e+01 1.316062953e-01 9.840348602e-01 1.198156223e-01 4.406077722e+00 -7.764110000e-01 2.717350000e-02 6.296410000e-01 1.006380000e+01
4.923342529e-01 -1.761994210e-01 8.523855355e-01 2.799045779e+01 1.258623795e-01 9.834152412e-01 1.305875190e-01 4.427372516e+00 -8.612580000e-01 4.299050000e-02 5.063460000e-01 1.008650000e+01
4.062537195e-01 -1.759654078e-01 8.966571596e-01 2.812447096e+01 1.116296904e-01 9.834899384e-01 1.424292443e-01 4.452385031e+00 -9.069160000e-01 4.223120000e-02 4.191890000e-01 1.013320000e+01
2.821110405e-01 -1.779357337e-01 9.427366058e-01 2.824368183e+01 8.865430339e-02 9.832803959e-01 1.590586974e-01 4.469975178e+00 -9.552770000e-01 3.870540000e-02 2.931690000e-01 1.014430000e+01
2.248977579e-01 -1.735744015e-01 9.587979927e-01 2.837372349e+01 6.702469799e-02 9.844310090e-01 1.624933314e-01 4.497344925e+00 -9.720740000e-01 2.771870000e-02 2.330300000e-01 1.014340000e+01
2.019238699e-01 -1.742211242e-01 9.637806116e-01 2.855447725e+01 7.251388855e-02 9.840097420e-01 1.626852797e-01 4.523246148e+00 -9.767130000e-01 3.703750000e-02 2.113280000e-01 1.021850000e+01
1.338580138e-01 -1.768539334e-01 9.750919534e-01 2.874537768e+01 5.698040398e-02 9.836928411e-01 1.705917875e-01 4.560896259e+00 -9.893610000e-01 3.272610000e-02 1.417520000e-01 1.022180000e+01
-2.703023039e-03 -1.838035548e-01 9.829588074e-01 2.884484391e+01 5.344006248e-02 9.815316845e-01 1.836835214e-01 4.577406269e+00 -9.985670000e-01 5.302590000e-02 7.169370000e-03 1.018910000e+01
-1.404048831e-01 -1.778921103e-01 9.739821197e-01 2.893029666e+01 8.968018147e-03 9.834573016e-01 1.809156748e-01 4.589469640e+00 -9.900540000e-01 3.413610000e-02 -1.364870000e-01 1.016700000e+01
-2.268280887e-01 -1.729294224e-01 9.584591463e-01 2.902940998e+01 -7.222836683e-03 9.843823479e-01 1.758970752e-01 4.617692667e+00 -9.739080000e-01 3.297560000e-02 -2.245340000e-01 1.012370000e+01
-2.650693812e-01 -1.841874709e-01 9.464739566e-01 2.921803564e+01 -1.016819491e-02 9.820649361e-01 1.882661101e-01 4.637959238e+00 -9.641760000e-01 4.027970000e-02 -2.621880000e-01 1.010420000e+01
-3.105883878e-01 -1.768276209e-01 9.339520080e-01 2.942866451e+01 -2.003605420e-02 9.835440639e-01 1.795539004e-01 4.686745404e+00 -9.503330000e-01 3.705460000e-02 -3.090210000e-01 1.001370000e+01
-2.542515524e-01 -1.863072918e-01 9.490235035e-01 2.964014997e+01 -3.017311172e-03 9.814179837e-01 1.918584236e-01 4.729509183e+00 -9.671330000e-01 4.591680000e-02 -2.500890000e-01 9.937440000e+00
-9.345303022e-02 -1.867330141e-01 9.779555282e-01 2.977605347e+01 3.560968535e-02 9.809988586e-01 1.907169598e-01 4.753303754e+00 -9.949870000e-01 5.264780000e-02 -8.502780000e-02 9.951040000e+00
1.065890561e-02 -1.840162474e-01 9.828655685e-01 2.991616601e+01 5.927569219e-02 9.813085100e-01 1.830820990e-01 4.770230593e+00 -9.981850000e-01 5.630860000e-02 2.136740000e-02 9.998970000e+00
-4.530998776e-03 -1.822813084e-01 9.832360461e-01 3.012362235e+01 4.767803855e-02 9.820885912e-01 1.822882584e-01 4.814336378e+00 -9.988520000e-01 4.770470000e-02 4.240970000e-03 9.994550000e+00
-2.053286373e-02 -1.749691195e-01 9.843601846e-01 3.039561593e+01 5.187290888e-02 9.830548976e-01 1.758192971e-01 4.858483491e+00 -9.984430000e-01 5.467160000e-02 -1.110870000e-02 9.995070000e+00
-5.248998282e-02 -1.829335619e-01 9.817230671e-01 3.066424891e+01 3.307036087e-02 9.822210631e-01 1.847943775e-01 4.894301382e+00 -9.980740000e-01 4.216580000e-02 -4.550710000e-02 9.975140000e+00
-9.611087769e-02 -1.756578481e-01 9.797480691e-01 3.097850059e+01 2.009421537e-02 9.837619584e-01 1.783485366e-01 4.969431866e+00 -9.951680000e-01 3.682850000e-02 -9.102050000e-02 9.938290000e+00
-1.131645722e-01 -1.842033842e-01 9.763515330e-01 3.126588633e+01 1.409610464e-02 9.822677158e-01 1.869532882e-01 5.004781794e+00 -9.934760000e-01 3.491930000e-02 -1.085610000e-01 9.902720000e+00
-1.396745065e-01 -1.748337402e-01 9.746406662e-01 3.162241957e+01 2.219728779e-02 9.834892896e-01 1.796020195e-01 5.075223505e+00 -9.899490000e-01 4.672020000e-02 -1.334880000e-01 9.838470000e+00
-1.533466862e-01 -1.842354391e-01 9.708459912e-01 3.192297546e+01 2.430602973e-02 9.814662156e-01 1.900898703e-01 5.122369548e+00 -9.878730000e-01 5.274710000e-02 -1.460270000e-01 9.803810000e+00
-1.820523184e-01 -1.792176469e-01 9.668189303e-01 3.221603838e+01 1.394930185e-02 9.826798976e-01 1.847846301e-01 5.171775980e+00 -9.831900000e-01 4.712690000e-02 -1.763990000e-01 9.749350000e+00
-2.201544097e-01 -1.850889979e-01 9.577445648e-01 3.251626978e+01 9.059470150e-03 9.814033943e-01 1.917436504e-01 5.228304824e+00 -9.754230000e-01 5.088990000e-02 -2.143830000e-01 9.701250000e+00
-3.001477837e-01 -1.790403439e-01 9.369400234e-01 3.274287350e+01 2.769699917e-03 9.820596848e-01 1.885496996e-01 5.263486961e+00 -9.538890000e-01 5.918780000e-02 -2.942670000e-01 9.620330000e+00
-4.553169998e-01 -1.772376939e-01 8.725094566e-01 3.283041860e+01 -3.083384148e-02 9.825362769e-01 1.834974625e-01 5.289245431e+00 -8.897960000e-01 5.664670000e-02 -4.528300000e-01 9.532030000e+00
-6.204011013e-01 -1.813081399e-01 7.630400966e-01 3.286154631e+01 -7.800758117e-02 9.823522567e-01 1.699946100e-01 5.306874391e+00 -7.803950000e-01 4.594190000e-02 -6.235960000e-01 9.435000000e+00
-7.803742767e-01 -1.830627537e-01 5.979161061e-01 3.285713540e+01 -1.177177078e-01 9.820996610e-01 1.470473534e-01 5.308060076e+00 -6.141320000e-01 4.436670000e-02 -7.879550000e-01 9.343790000e+00
-8.704208272e-01 -1.719544909e-01 4.613016364e-01 3.283749932e+01 -1.276859963e-01 9.838048804e-01 1.257941917e-01 5.305506545e+00 -4.754620000e-01 5.059220000e-02 -8.782810000e-01 9.285900000e+00
-9.350913796e-01 -1.760714754e-01 3.075770570e-01 3.278262548e+01 -1.507929601e-01 9.830475948e-01 1.043039801e-01 5.301437855e+00 -3.207270000e-01 5.115330000e-02 -9.457890000e-01 9.216280000e+00
-9.715700981e-01 -1.814206842e-01 1.521106489e-01 3.268249777e+01 -1.709451730e-01 9.820726222e-01 7.943684125e-02 5.284607506e+00 -1.637960000e-01 5.117580000e-02 -9.851660000e-01 9.163870000e+00
-9.842293863e-01 -1.742064534e-01 -3.075071192e-02 3.255865301e+01 -1.757304936e-01 9.827916708e-01 5.692369353e-02 5.264799733e+00 2.030500000e-02 6.142970000e-02 -9.979050000e-01 9.133060000e+00
-9.634523917e-01 -1.723153578e-01 -2.051036566e-01 3.236755608e+01 -1.793164792e-01 9.836626471e-01 1.590679524e-02 5.223560185e+00 1.990120000e-01 5.210390000e-02 -9.786110000e-01 9.172270000e+00
-9.154735726e-01 -1.842476825e-01 -3.577170271e-01 3.219618475e+01 -1.933186860e-01 9.810786294e-01 -1.057669423e-02 5.203418555e+00 3.528970000e-01 5.947070000e-02 -9.337700000e-01 9.202770000e+00
-9.106502503e-01 -1.688816962e-01 -3.770883785e-01 3.203895660e+01 -1.781234723e-01 9.839520474e-01 -1.051044242e-02 5.176159602e+00 3.728120000e-01 5.759700000e-02 -9.261180000e-01 9.124810000e+00
-9.393946199e-01 -1.741192189e-01 -2.953319070e-01 3.198982626e+01 -1.831587303e-01 9.830788160e-01 2.997727571e-03 5.175028966e+00 2.898120000e-01 5.690870000e-02 -9.553900000e-01 8.921900000e+00
-9.781851098e-01 -1.778173050e-01 -1.074008563e-01 3.204013211e+01 -1.836063363e-01 9.818952708e-01 4.658243537e-02 5.176416695e+00 9.717320000e-02 6.528580000e-02 -9.931240000e-01 8.792780000e+00
-9.834704012e-01 -1.692908353e-01 6.423118670e-02 3.207232980e+01 -1.650032261e-01 9.840100114e-01 6.706901510e-02 5.190073748e+00 -7.455830000e-02 5.536200000e-02 -9.956790000e-01 8.715900000e+00
-9.626084387e-01 -1.798804827e-01 2.025543893e-01 3.217744794e+01 -1.624047227e-01 9.816482800e-01 9.995925012e-02 5.217267093e+00 -2.168170000e-01 6.332580000e-02 -9.741560000e-01 8.634190000e+00
-9.362666668e-01 -1.734609853e-01 3.054753305e-01 3.235183677e+01 -1.452213428e-01 9.829199230e-01 1.130443134e-01 5.254541351e+00 -3.198670000e-01 6.147810000e-02 -9.454660000e-01 8.524580000e+00
-9.260426154e-01 -1.732119719e-01 3.353244153e-01 3.245777862e+01 -1.463446190e-01 9.837512721e-01 1.040066063e-01 5.279494364e+00 -3.478910000e-01 4.724160000e-02 -9.363440000e-01 8.132180000e+00
-8.523013876e-01 -1.740595694e-01 4.932408981e-01 3.253572412e+01 -1.283314595e-01 9.837701038e-01 1.254106490e-01 5.299599722e+00 -5.070640000e-01 4.358930000e-02 -8.608050000e-01 7.991630000e+00
-7.577686871e-01 -1.798511561e-01 6.272475007e-01 3.262128252e+01 -1.119466605e-01 9.828453375e-01 1.465706514e-01 5.323702940e+00 -6.428480000e-01 4.084840000e-02 -7.649040000e-01 7.939560000e+00
-6.486663668e-01 -1.879052683e-01 7.375118027e-01 3.269814231e+01 -8.634735050e-02 9.809553522e-01 1.739850640e-01 5.340079255e+00 -7.561580000e-01 4.917610000e-02 -6.525380000e-01 7.934760000e+00
-4.734979236e-01 -1.720729681e-01 8.638236499e-01 3.278506425e+01 -4.236825019e-02 9.840455954e-01 1.727974382e-01 5.365958174e+00 -8.797750000e-01 4.522050000e-02 -4.732340000e-01 7.942630000e+00
-3.293900728e-01 -1.862688758e-01 9.256382376e-01 3.284757095e+01 -1.386959962e-02 9.811961832e-01 1.925135169e-01 5.371753907e+00 -9.440920000e-01 5.057380000e-02 -3.257800000e-01 7.933530000e+00
-1.864342980e-01 -1.868752098e-01 9.645304738e-01 3.289906524e+01 -6.987109965e-04 9.817685041e-01 1.900798405e-01 5.371887490e+00 -9.824670000e-01 3.476340000e-02 -1.831660000e-01 7.966220000e+00
-7.373625725e-03 -1.866621638e-01 9.823968521e-01 3.295693897e+01 3.201023060e-02 9.818755713e-01 1.868035779e-01 5.381140271e+00 -9.994600000e-01 3.282410000e-02 -1.264890000e-03 8.026320000e+00
1.586672667e-01 -1.748777316e-01 9.717215975e-01 3.299297250e+01 6.887498044e-02 9.837517097e-01 1.657967057e-01 5.378480893e+00 -9.849270000e-01 4.062080000e-02 1.681340000e-01 8.171130000e+00
2.673364543e-01 -1.773297922e-01 9.471456823e-01 3.301293934e+01 9.095067778e-02 9.831766891e-01 1.584043485e-01 5.377288676e+00 -9.593010000e-01 4.379630000e-02 2.789670000e-01 8.338010000e+00
2.650034160e-01 -1.804290358e-01 9.472162769e-01 3.332516210e+01 8.248428548e-02 9.829782872e-01 1.641643842e-01 5.422654875e+00 -9.607130000e-01 3.462630000e-02 2.753760000e-01 8.492700000e+00
2.566163886e-01 -1.813809041e-01 9.493411910e-01 3.368931212e+01 8.108854500e-02 9.828105772e-01 1.658563668e-01 5.482154121e+00 -9.631060000e-01 3.441930000e-02 2.669130000e-01 8.584470000e+00
2.568454936e-01 -1.875518135e-01 9.480790789e-01 3.409402307e+01 8.711182458e-02 9.814884364e-01 1.705613221e-01 5.538409699e+00 -9.625180000e-01 3.878100000e-02 2.684290000e-01 8.659430000e+00
2.431036246e-01 -1.807201766e-01 9.530165668e-01 3.443168972e+01 8.809140177e-02 9.825439620e-01 1.638484130e-01 5.595206719e+00 -9.659920000e-01 4.412040000e-02 2.547800000e-01 8.750270000e+00
2.348348445e-01 -1.821334553e-01 9.548195713e-01 3.476234658e+01 7.431737141e-02 9.827782837e-01 1.691884154e-01 5.652997548e+00 -9.691900000e-01 3.122830000e-02 2.443260000e-01 8.822050000e+00
2.243639787e-01 -1.797480788e-01 9.577845322e-01 3.504273578e+01 6.837013938e-02 9.833236182e-01 1.685250210e-01 5.690668373e+00 -9.721040000e-01 2.767300000e-02 2.329110000e-01 8.889780000e+00
2.178833330e-01 -1.920134913e-01 9.568996750e-01 3.531837534e+01 8.388727419e-02 9.805114227e-01 1.776506489e-01 5.737587523e+00 -9.723630000e-01 4.156460000e-02 2.297440000e-01 8.942310000e+00
2.012435842e-01 -1.787739337e-01 9.630896551e-01 3.557030541e+01 6.734054424e-02 9.834035910e-01 1.684734567e-01 5.788577544e+00 -9.772240000e-01 3.095080000e-02 2.099430000e-01 8.987790000e+00
1.710424447e-01 -1.815657545e-01 9.683898365e-01 3.586469703e+01 7.607677212e-02 9.823731890e-01 1.707503985e-01 5.836453835e+00 -9.823220000e-01 4.446640000e-02 1.818400000e-01 9.008550000e+00
1.510305435e-01 -1.792955074e-01 9.721330857e-01 3.611852643e+01 6.121699637e-02 9.832223386e-01 1.718301693e-01 5.874090255e+00 -9.866320000e-01 3.355950000e-02 1.594720000e-01 9.049860000e+00
1.033105088e-01 -1.822504791e-01 9.778098174e-01 3.636020211e+01 6.243516025e-02 9.823192306e-01 1.764946256e-01 5.914798842e+00 -9.926880000e-01 4.281600000e-02 1.128630000e-01 9.049370000e+00
1.024998907e-01 -1.855467970e-01 9.772748287e-01 3.662941315e+01 6.221885643e-02 9.817210942e-01 1.798653775e-01 5.956494702e+00 -9.927850000e-01 4.236880000e-02 1.121700000e-01 9.074520000e+00
8.223144385e-02 -1.858632916e-01 9.791288496e-01 3.693485134e+01 6.265052339e-02 9.814770952e-01 1.810474328e-01 6.004822025e+00 -9.946420000e-01 4.645510000e-02 9.235270000e-02 9.093190000e+00
5.653232179e-02 -1.850643798e-01 9.810994192e-01 3.726652846e+01 4.778685359e-02 9.820462667e-01 1.824894909e-01 6.069642569e+00 -9.972560000e-01 3.656710000e-02 6.436100000e-02 9.104930000e+00
3.752991634e-02 -1.765732025e-01 9.835714558e-01 3.756451402e+01 4.235254991e-02 9.836620660e-01 1.749733012e-01 6.145511875e+00 -9.983980000e-01 3.509000000e-02 4.439510000e-02 9.112240000e+00
2.617765032e-02 -1.895605234e-01 9.815203834e-01 3.778208822e+01 4.179046129e-02 9.812057599e-01 1.883853175e-01 6.164641554e+00 -9.987830000e-01 3.608670000e-02 3.360750000e-02 9.106060000e+00
2.468617978e-02 -1.947064574e-01 9.805510893e-01 3.805084864e+01 5.876366360e-02 9.794364973e-01 1.930057643e-01 6.210215604e+00 -9.979670000e-01 5.285620000e-02 3.562020000e-02 9.104650000e+00
1.336457921e-02 -1.966174937e-01 9.803886989e-01 3.830400555e+01 5.256119068e-02 9.792596294e-01 1.956742870e-01 6.256130819e+00 -9.985280000e-01 4.891530000e-02 2.342180000e-02 9.092120000e+00
5.181653332e-03 -1.861070043e-01 9.825160073e-01 3.852644241e+01 4.575154528e-02 9.815444476e-01 1.856817790e-01 6.292203062e+00 -9.989390000e-01 4.398940000e-02 1.360070000e-02 9.082530000e+00
-5.151329191e-02 -1.848173204e-01 9.814221599e-01 3.872356666e+01 1.993086929e-02 9.823409935e-01 1.860364815e-01 6.328704141e+00 -9.984730000e-01 2.914390000e-02 -4.692000000e-02 9.089120000e+00
-6.948380048e-02 -1.739237607e-01 9.823046422e-01 3.894557837e+01 7.808330236e-03 9.845600997e-01 1.748752356e-01 6.387649431e+00 -9.975530000e-01 1.982110000e-02 -6.705290000e-02 9.041540000e+00
-7.419476610e-02 -1.806017884e-01 9.807539875e-01 3.916049984e+01 2.087727086e-02 9.829678569e-01 1.825888383e-01 6.413357106e+00 -9.970250000e-01 3.402260000e-02 -6.916060000e-02 9.037700000e+00
-8.647308274e-02 -1.766525626e-01 9.804678321e-01 3.939767950e+01 1.724397648e-02 9.837406740e-01 1.787633243e-01 6.462241040e+00 -9.961050000e-01 3.236540000e-02 -8.202090000e-02 8.990490000e+00
-1.013780606e-01 -1.745969442e-01 9.794076417e-01 3.963810247e+01 1.856598064e-02 9.839754789e-01 1.773332825e-01 6.489742625e+00 -9.946750000e-01 3.616140000e-02 -9.651200000e-02 8.984950000e+00
-1.082264565e-01 -1.864176017e-01 9.764918214e-01 3.990077766e+01 2.128338972e-02 9.816012765e-01 1.897520307e-01 6.536201590e+00 -9.938980000e-01 4.131920000e-02 -1.022670000e-01 8.925200000e+00
-1.165358040e-01 -1.810738299e-01 9.765402181e-01 4.022777465e+01 3.178321896e-02 9.820563025e-01 1.858894579e-01 6.596288932e+00 -9.926780000e-01 5.270030000e-02 -1.086900000e-01 8.865500000e+00
-1.271520167e-01 -1.899168137e-01 9.735315823e-01 4.044061591e+01 2.366933044e-02 9.806379303e-01 1.943945392e-01 6.630940802e+00 -9.916010000e-01 4.776050000e-02 -1.201950000e-01 8.830010000e+00
-1.423645968e-01 -1.808311433e-01 9.731554376e-01 4.070256237e+01 1.538903889e-02 9.826473663e-01 1.848459265e-01 6.693885419e+00 -9.896950000e-01 4.129150000e-02 -1.371120000e-01 8.776110000e+00
-1.715260409e-01 -1.846451185e-01 9.677211560e-01 4.090214362e+01 1.584971302e-02 9.816352099e-01 1.901090325e-01 6.715242585e+00 -9.850520000e-01 4.794680000e-02 -1.654490000e-01 8.740750000e+00
-1.872871170e-01 -1.880351332e-01 9.641406946e-01 4.110741268e+01 -2.166426847e-03 9.815843325e-01 1.910164861e-01 6.766204684e+00 -9.823030000e-01 3.368620000e-02 -1.842450000e-01 8.687500000e+00
-2.359858882e-01 -1.937047086e-01 9.522546615e-01 4.124252001e+01 -2.183369415e-02 9.807405542e-01 1.940885459e-01 6.784944774e+00 -9.715110000e-01 2.501090000e-02 -2.356700000e-01 8.648940000e+00
-3.702701900e-01 -1.775187775e-01 9.118045915e-01 4.138065220e+01 -3.633303228e-02 9.835871670e-01 1.767398358e-01 6.822896244e+00 -9.282130000e-01 3.231280000e-02 -3.706430000e-01 8.555250000e+00
-4.499640933e-01 -1.833180471e-01 8.740291549e-01 4.145231715e+01 -2.845889859e-02 9.811512613e-01 1.911346606e-01 6.823955413e+00 -8.925930000e-01 6.112980000e-02 -4.467000000e-01 8.457710000e+00
-4.629262802e-01 -1.844569799e-01 8.669921030e-01 4.167718540e+01 -4.202244128e-02 9.815751040e-01 1.863975245e-01 6.868498443e+00 -8.854000000e-01 4.985520000e-02 -4.621480000e-01 8.317800000e+00
-4.263865243e-01 -1.821469014e-01 8.860120876e-01 4.189856249e+01 -2.564413775e-02 9.815562132e-01 1.894478489e-01 6.924093989e+00 -9.041780000e-01 5.805700000e-02 -4.231930000e-01 8.175680000e+00
-3.088796047e-01 -1.925560049e-01 9.314055653e-01 4.204765664e+01 -2.202272493e-02 9.804766816e-01 1.953976913e-01 6.943917449e+00 -9.508460000e-01 3.984230000e-02 -3.070890000e-01 8.152780000e+00
-2.613324745e-01 -1.754154494e-01 9.491759703e-01 4.227804128e+01 3.610923012e-03 9.831641353e-01 1.826908449e-01 7.005067758e+00 -9.652420000e-01 5.117050000e-02 -2.563000000e-01 8.073090000e+00
-2.604281156e-01 -1.845231699e-01 9.476961867e-01 4.249835972e+01 -9.451082024e-03 9.820070877e-01 1.886066133e-01 7.046802111e+00 -9.654470000e-01 4.016170000e-02 -2.574860000e-01 7.978230000e+00
-2.487293470e-01 -1.722046848e-01 9.531413405e-01 4.278964869e+01 8.230079573e-03 9.836571772e-01 1.798654822e-01 7.092347266e+00 -9.685380000e-01 5.258230000e-02 -2.432470000e-01 7.904320000e+00
-2.563833468e-01 -1.843943765e-01 9.488232478e-01 4.304116495e+01 -1.152800644e-02 9.821476243e-01 1.877556429e-01 7.139855322e+00 -9.665060000e-01 3.719950000e-02 -2.539330000e-01 7.792970000e+00
-3.582931662e-01 -1.872716403e-01 9.146336016e-01 4.315924891e+01 -3.683496965e-02 9.817484805e-01 1.865836946e-01 7.158266967e+00 -9.328820000e-01 3.316110000e-02 -3.586520000e-01 7.748500000e+00
-4.562221098e-01 -1.854773864e-01 8.703209761e-01 4.322795272e+01 -6.178834612e-02 9.822784218e-01 1.769476235e-01 7.167362235e+00 -8.877180000e-01 2.695170000e-02 -4.595980000e-01 7.642360000e+00
-4.767396816e-01 -1.855635774e-01 8.592347625e-01 4.339210658e+01 -5.713599391e-02 9.819399116e-01 1.803616184e-01 7.202740345e+00 -8.771860000e-01 3.689230000e-02 -4.787320000e-01 7.498520000e+00
-4.783912226e-01 -1.887601151e-01 8.576200375e-01 4.357171158e+01 -5.965640247e-02 9.813539473e-01 1.827167050e-01 7.248790573e+00 -8.761180000e-01 3.624750000e-02 -4.807320000e-01 7.387950000e+00
-5.634356725e-01 -1.805674253e-01 8.061860747e-01 4.369098879e+01 -7.063492834e-02 9.827788120e-01 1.707540484e-01 7.266624490e+00 -8.231350000e-01 3.926400000e-02 -5.664870000e-01 7.263730000e+00
-7.116257035e-01 -1.852770244e-01 6.776881420e-01 4.374124770e+01 -1.057059266e-01 9.818554212e-01 1.574355939e-01 7.286095798e+00 -6.945610000e-01 4.039960000e-02 -7.182990000e-01 7.150290000e+00
-8.501891553e-01 -1.803566363e-01 4.946205085e-01 4.376556379e+01 -1.316988559e-01 9.824785022e-01 1.318739231e-01 7.295513751e+00 -5.097390000e-01 4.697680000e-02 -8.590460000e-01 7.057410000e+00
-9.452119264e-01 -1.765145905e-01 2.746206806e-01 4.374202891e+01 -1.556453521e-01 9.831178973e-01 9.619406465e-02 7.277762772e+00 -2.869640000e-01 4.818040000e-02 -9.567290000e-01 6.965910000e+00
-9.794165484e-01 -1.839660127e-01 8.306268389e-02 4.369213620e+01 -1.781157333e-01 9.812883833e-01 7.312757231e-02 7.272050126e+00 -9.496150000e-02 5.682760000e-02 -9.938580000e-01 6.901300000e+00
-9.777874353e-01 -1.886225421e-01 -9.139722787e-02 4.363690087e+01 -1.918987654e-01 9.810038312e-01 2.841296620e-02 7.269102705e+00 8.430160000e-02 4.532080000e-02 -9.954090000e-01 6.856900000e+00
-9.393739080e-01 -1.769865866e-01 -2.936869251e-01 4.352792328e+01 -1.832617401e-01 9.830447031e-01 -6.245433307e-03 7.253420588e+00 2.898130000e-01 4.795480000e-02 -9.558810000e-01 6.816420000e+00
-8.850019156e-01 -1.557874255e-01 -4.387506514e-01 4.340961715e+01 -1.623850378e-01 9.864659882e-01 -2.271886408e-02 7.239411527e+00 4.363520000e-01 5.114030000e-02 -8.983220000e-01 6.822900000e+00
-8.035256299e-01 -1.415959304e-01 -5.781853375e-01 4.326783129e+01 -1.459624828e-01 9.885117713e-01 -3.923455349e-02 7.203002933e+00 5.770980000e-01 5.286740000e-02 -8.149620000e-01 6.888850000e+00
-7.554036709e-01 -1.686756795e-01 -6.331771564e-01 4.319139187e+01 -1.585636730e-01 9.846368819e-01 -7.313066709e-02 7.187221745e+00 6.357850000e-01 4.515570000e-02 -7.705440000e-01 7.007220000e+00
-7.736957873e-01 -1.631458966e-01 -6.121913937e-01 4.319560323e+01 -1.582096798e-01 9.854153239e-01 -6.266069682e-02 7.175366646e+00 6.134860000e-01 4.837430000e-02 -7.882230000e-01 7.049210000e+00
-8.297188914e-01 -1.760984563e-01 -5.296746845e-01 4.321090936e+01 -1.748776490e-01 9.831669851e-01 -5.292809361e-02 7.177826514e+00 5.300790000e-01 4.871280000e-02 -8.465480000e-01 7.032760000e+00
-9.070809403e-01 -1.685702082e-01 -3.857315086e-01 4.319774815e+01 -1.755935451e-01 9.843114918e-01 -1.723544885e-02 7.181590706e+00 3.825860000e-01 5.209800000e-02 -9.224500000e-01 7.034370000e+00
-9.639209336e-01 -1.786173178e-01 -1.973650919e-01 4.320771663e+01 -1.837131676e-01 9.829501266e-01 7.665899014e-03 7.190331528e+00 1.926310000e-01 4.364790000e-02 -9.803000000e-01 7.021160000e+00
-9.820768425e-01 -1.836002778e-01 4.261786046e-02 4.325592356e+01 -1.813839120e-01 9.820838108e-01 5.110189821e-02 7.202925354e+00 -5.123660000e-02 4.245580000e-02 -9.977840000e-01 7.021910000e+00
-9.616045862e-01 -1.829912244e-01 2.045282546e-01 4.330454212e+01 -1.683759628e-01 9.818886307e-01 8.686280621e-02 7.204103395e+00 -2.167190000e-01 4.909010000e-02 -9.749990000e-01 7.021080000e+00
-9.090565767e-01 -1.842509208e-01 3.737222551e-01 4.332697521e+01 -1.510655431e-01 9.816347144e-01 1.165034832e-01 7.205455823e+00 -3.883240000e-01 4.945170000e-02 -9.201950000e-01 7.031520000e+00
-8.402474451e-01 -1.861610261e-01 5.092425283e-01 4.333456499e+01 -1.424195218e-01 9.820094741e-01 1.239961501e-01 7.218848034e+00 -5.231640000e-01 3.166140000e-02 -8.516440000e-01 7.030410000e+00
-7.277718830e-01 -1.885703690e-01 6.593855909e-01 4.336670063e+01 -1.142255594e-01 9.813556840e-01 1.545749864e-01 7.226550011e+00 -6.762400000e-01 3.717660000e-02 -7.357430000e-01 7.033930000e+00
-6.162785121e-01 -1.830399306e-01 7.659613317e-01 4.340553158e+01 -8.014873722e-02 9.821422997e-01 1.702138531e-01 7.232628624e+00 -7.834390000e-01 4.350830000e-02 -6.199440000e-01 7.013050000e+00
-5.246328384e-01 -1.854347316e-01 8.308878876e-01 4.350476611e+01 -7.099845646e-02 9.821198482e-01 1.743567730e-01 7.235854641e+00 -8.483630000e-01 3.248150000e-02 -5.284180000e-01 6.960640000e+00
-5.372037015e-01 -1.843863347e-01 8.230514866e-01 4.370199992e+01 -7.265590836e-02 9.823012879e-01 1.726404757e-01 7.282947690e+00 -8.403170000e-01 3.294360000e-02 -5.410930000e-01 6.818080000e+00
-5.418690246e-01 -1.849533622e-01 8.198593417e-01 4.390249371e+01 -7.207475260e-02 9.821186208e-01 1.739211295e-01 7.332686157e+00 -8.373670000e-01 3.515140000e-02 -5.455100000e-01 6.675740000e+00
-5.597845967e-01 -1.780901594e-01 8.092743892e-01 4.414446795e+01 -7.853666144e-02 9.836382156e-01 1.621361632e-01 7.373426099e+00 -8.249080000e-01 2.720360000e-02 -5.646120000e-01 6.510780000e+00
-5.611253464e-01 -1.882232673e-01 8.060458584e-01 4.434606085e+01 -7.687215564e-02 9.814434360e-01 1.756669573e-01 7.418987720e+00 -8.241540000e-01 3.660870000e-02 -5.651820000e-01 6.359050000e+00
-5.623979639e-01 -1.809162491e-01 8.068314061e-01 4.438627581e+01 -6.211582476e-02 9.822564872e-01 1.769543030e-01 7.419596724e+00 -8.245300000e-01 4.940170000e-02 -5.636570000e-01 6.338470000e+00
-6.480905036e-01 -1.834942882e-01 7.391273675e-01 4.441548553e+01 -8.707258586e-02 9.820281815e-01 1.674484293e-01 7.425145226e+00 -7.565690000e-01 4.416400000e-02 -6.524200000e-01 6.288230000e+00
-7.786268136e-01 -1.857124507e-01 5.993748326e-01 4.444934571e+01 -1.220499437e-01 9.817793479e-01 1.456470129e-01 7.438476135e+00 -6.155030000e-01 4.025100000e-02 -7.871060000e-01 6.199380000e+00
-8.861452365e-01 -1.839193155e-01 4.253468431e-01 4.446483261e+01 -1.490490526e-01 9.822141840e-01 1.141871024e-01 7.447476631e+00 -4.387830000e-01 3.778880000e-02 -8.977980000e-01 6.101260000e+00
-9.387431145e-01 -1.858732871e-01 2.901938176e-01 4.445470412e+01 -1.637719113e-01 9.815281969e-01 9.889998387e-02 7.456904312e+00 -3.032160000e-01 4.531610000e-02 -9.518440000e-01 6.051470000e+00
-9.774612609e-01 -1.772343398e-01 1.147067049e-01 4.440881564e+01 -1.707146496e-01 9.832114770e-01 6.444031410e-02 7.452155128e+00 -1.242020000e-01 4.340570000e-02 -9.913070000e-01 5.984780000e+00
-9.823149121e-01 -1.790572373e-01 -5.473988389e-02 4.435736802e+01 -1.815706974e-01 9.823481807e-01 4.499354362e-02 7.436070173e+00 4.571720000e-02 5.413690000e-02 -9.974860000e-01 5.946650000e+00
-9.541850708e-01 -1.738850180e-01 -2.435063297e-01 4.426356907e+01 -1.818302341e-01 9.832757577e-01 1.036069738e-02 7.420193523e+00 2.376320000e-01 5.416280000e-02 -9.698440000e-01 5.921200000e+00
-9.042483971e-01 -1.721743949e-01 -3.907572910e-01 4.418294562e+01 -1.798992796e-01 9.835372475e-01 -1.706001451e-02 7.405423225e+00 3.872620000e-01 5.487050000e-02 -9.203350000e-01 5.914240000e+00
-8.442842642e-01 -1.763514096e-01 -5.060481557e-01 4.406174998e+01 -1.751600092e-01 9.832481739e-01 -5.041494376e-02 7.384033732e+00 5.064610000e-01 4.607480000e-02 -8.610310000e-01 5.953190000e+00
-8.398556110e-01 -1.607055343e-01 -5.184749319e-01 4.405598493e+01 -1.599027533e-01 9.860321134e-01 -4.660891604e-02 7.380537074e+00 5.187230000e-01 4.376080000e-02 -8.538210000e-01 5.967090000e+00
-8.374936159e-01 -1.695074093e-01 -5.194911362e-01 4.404293466e+01 -1.690881714e-01 9.844014143e-01 -4.861096350e-02 7.380680812e+00 5.196280000e-01 4.712850000e-02 -8.530920000e-01 5.971090000e+00
-8.402790031e-01 -1.637345139e-01 -5.168377247e-01 4.404902056e+01 -1.610448541e-01 9.856578534e-01 -5.042873185e-02 7.376950640e+00 5.176820000e-01 4.085990000e-02 -8.545970000e-01 5.972320000e+00
-8.304870509e-01 -1.761321825e-01 -5.284595358e-01 4.406504506e+01 -1.738372518e-01 9.832642046e-01 -5.452620453e-02 7.379330873e+00 5.292190000e-01 4.658270000e-02 -8.472060000e-01 5.951850000e+00
-8.301456184e-01 -1.722509471e-01 -5.302721421e-01 4.405959953e+01 -1.704358801e-01 9.839526064e-01 -5.280378695e-02 7.384950042e+00 5.308580000e-01 4.654260000e-02 -8.461820000e-01 5.954310000e+00
-8.336686149e-01 -1.688865368e-01 -5.258075952e-01 4.405523363e+01 -1.674824477e-01 9.845705285e-01 -5.069509285e-02 7.382268531e+00 5.262570000e-01 4.580060000e-02 -8.490910000e-01 5.957630000e+00
-8.377260434e-01 -1.621188513e-01 -5.214706809e-01 4.406264374e+01 -1.634417383e-01 9.855785756e-01 -4.384007776e-02 7.377039899e+00 5.210580000e-01 4.850410000e-02 -8.521420000e-01 5.949250000e+00
-8.285908173e-01 -1.720139822e-01 -5.327738202e-01 4.407030502e+01 -1.689538711e-01 9.840903475e-01 -5.496439377e-02 7.387088866e+00 5.337530000e-01 4.447120000e-02 -8.444710000e-01 5.951240000e+00
-8.365491869e-01 -1.707475864e-01 -5.206063031e-01 4.405590683e+01 -1.660275834e-01 9.845229881e-01 -5.611678787e-02 7.384636928e+00 5.221300000e-01 3.949060000e-02 -8.519510000e-01 5.951910000e+00
-8.382276696e-01 -1.733428207e-01 -5.170354469e-01 4.405577555e+01 -1.688201679e-01 9.840427508e-01 -5.621816207e-02 7.382719335e+00 5.185300000e-01 4.016240000e-02 -8.541160000e-01 5.951910000e+00
-8.359742400e-01 -1.713353075e-01 -5.213352731e-01 4.405774955e+01 -1.678826054e-01 9.843111160e-01 -5.428670345e-02 7.382333463e+00 5.224580000e-01 4.214080000e-02 -8.516230000e-01 5.950460000e+00
-8.303648611e-01 -1.705186438e-01 -5.304889269e-01 4.405257288e+01 -1.678150383e-01 9.843535385e-01 -5.372963932e-02 7.378960896e+00 5.313500000e-01 4.440880000e-02 -8.459870000e-01 5.956810000e+00
-8.304479913e-01 -1.708318070e-01 -5.302566259e-01 4.406488865e+01 -1.685372407e-01 9.842615231e-01 -5.314722412e-02 7.382561034e+00 5.309910000e-01 4.523190000e-02 -8.461700000e-01 5.944800000e+00
-8.347042669e-01 -1.722326384e-01 -5.230721079e-01 4.405547799e+01 -1.682612449e-01 9.841754046e-01 -5.555410746e-02 7.384101204e+00 5.243630000e-01 4.164150000e-02 -8.504760000e-01 5.954560000e+00
-8.640305792e-01 -1.768921826e-01 -4.713396798e-01 4.406421749e+01 -1.750921424e-01 9.833773109e-01 -4.809014832e-02 7.385859390e+00 4.720110000e-01 4.097650000e-02 -8.806400000e-01 5.952120000e+00
-9.269082854e-01 -1.692750574e-01 -3.349444618e-01 4.408207226e+01 -1.762129368e-01 9.843031541e-01 -9.807271662e-03 7.381762819e+00 3.313470000e-01 4.993110000e-02 -9.421870000e-01 5.950240000e+00
-9.725518498e-01 -1.676471583e-01 -1.613620464e-01 4.409808137e+01 -1.726426339e-01 9.848316555e-01 1.735012297e-02 7.391352724e+00 1.560060000e-01 4.473180000e-02 -9.867430000e-01 5.947510000e+00
-9.811269459e-01 -1.832849283e-01 6.162148192e-02 4.412572502e+01 -1.798601678e-01 9.820276577e-01 5.720725975e-02 7.402940877e+00 -7.099920000e-02 4.504440000e-02 -9.964590000e-01 5.938790000e+00
-9.545653506e-01 -1.841010935e-01 2.343305482e-01 4.415430457e+01 -1.676806935e-01 9.818752090e-01 8.834463000e-02 7.400137418e+00 -2.463480000e-01 4.503810000e-02 -9.681340000e-01 5.938560000e+00
-9.043223047e-01 -1.858189086e-01 3.842812446e-01 4.418151247e+01 -1.517479789e-01 9.814157337e-01 1.174566623e-01 7.399876139e+00 -3.989650000e-01 4.790480000e-02 -9.157140000e-01 5.943080000e+00
-8.120482070e-01 -1.832411559e-01 5.540769089e-01 4.420933776e+01 -1.284385899e-01 9.822631683e-01 1.366108732e-01 7.410187146e+00 -5.692820000e-01 3.976970000e-02 -8.211800000e-01 5.943530000e+00
-6.883351197e-01 -1.881614844e-01 7.005649128e-01 4.425731583e+01 -9.805419704e-02 9.810431476e-01 1.671516372e-01 7.411607408e+00 -7.187350000e-01 4.636300000e-02 -6.937360000e-01 5.946580000e+00
-5.607890369e-01 -1.812370241e-01 8.078792366e-01 4.432633570e+01 -6.405377139e-02 9.823209591e-01 1.759076255e-01 7.433393637e+00 -8.254770000e-01 4.689940000e-02 -5.624840000e-01 5.931170000e+00
-4.377198272e-01 -1.875254335e-01 8.793383366e-01 4.437667728e+01 -5.042548411e-02 9.815891546e-01 1.842300824e-01 7.442341731e+00 -8.976960000e-01 3.630010000e-02 -4.391170000e-01 5.954330000e+00
-3.952291844e-01 -1.872750415e-01 8.992897076e-01 4.441933472e+01 -4.411410665e-02 9.817368861e-01 1.850569059e-01 7.447792923e+00 -9.175230000e-01 3.346850000e-02 -3.962730000e-01 5.974660000e+00
-3.906701508e-01 -1.802963649e-01 9.027014929e-01 4.440100077e+01 -3.116539401e-02 9.826597959e-01 1.827788426e-01 7.436084533e+00 -9.200030000e-01 4.327320000e-02 -3.895150000e-01 5.981710000e+00
-4.353313517e-01 -1.869839933e-01 8.806378176e-01 4.450972825e+01 -4.346377848e-02 9.814176899e-01 1.868964393e-01 7.452104800e+00 -8.992200000e-01 4.308600000e-02 -4.353690000e-01 5.925710000e+00
-5.505511579e-01 -1.768870690e-01 8.158455756e-01 4.458407893e+01 -6.321484852e-02 9.833214746e-01 1.705392261e-01 7.472629123e+00 -8.324040000e-01 4.231700000e-02 -5.525510000e-01 5.875550000e+00
-6.802315447e-01 -1.791672240e-01 7.107639786e-01 4.462494193e+01 -9.332342408e-02 9.829446360e-01 1.584634636e-01 7.489986265e+00 -7.270330000e-01 4.146090000e-02 -6.853500000e-01 5.797160000e+00
-8.047655607e-01 -1.743039707e-01 5.674245629e-01 4.465237381e+01 -1.244481503e-01 9.842151223e-01 1.258333544e-01 7.504483585e+00 -5.804010000e-01 3.065140000e-02 -8.137540000e-01 5.690700000e+00
-8.813325193e-01 -1.817597909e-01 4.361377776e-01 4.464865848e+01 -1.431815766e-01 9.823859929e-01 1.200712771e-01 7.497228108e+00 -4.502800000e-01 4.337580000e-02 -8.918330000e-01 5.593470000e+00
-9.289421666e-01 -1.759143035e-01 3.257630038e-01 4.460006580e+01 -1.496136982e-01 9.832265099e-01 1.043129531e-01 7.494447748e+00 -3.386490000e-01 4.816200000e-02 -9.396790000e-01 5.452210000e+00
-9.418412993e-01 -1.756952970e-01 2.864723243e-01 4.446046966e+01 -1.538560829e-01 9.832980627e-01 9.722696527e-02 7.486672819e+00 -2.987700000e-01 4.749680000e-02 -9.531430000e-01 5.317550000e+00
-9.135066913e-01 -1.780028119e-01 3.658134619e-01 4.440823695e+01 -1.456842726e-01 9.826981484e-01 1.143729645e-01 7.472556930e+00 -3.798430000e-01 5.118720000e-02 -9.236340000e-01 5.154880000e+00
-9.103897576e-01 -1.862806161e-01 3.694450424e-01 4.451123474e+01 -1.550501813e-01 9.814470294e-01 1.127865439e-01 7.508266553e+00 -3.836010000e-01 4.539720000e-02 -9.223830000e-01 4.954940000e+00
-8.433912462e-01 -1.832715822e-01 5.050771424e-01 4.453745043e+01 -1.353644221e-01 9.821830857e-01 1.303581878e-01 7.513560912e+00 -5.199690000e-01 4.157350000e-02 -8.531730000e-01 4.915950000e+00
-7.323652213e-01 -1.844699089e-01 6.554477231e-01 4.456959225e+01 -1.111465981e-01 9.820793073e-01 1.522075796e-01 7.519799175e+00 -6.717790000e-01 3.862070000e-02 -7.397440000e-01 4.928710000e+00
-5.717119815e-01 -1.877799656e-01 7.986762470e-01 4.456872322e+01 -8.557747231e-02 9.817943570e-01 1.695751933e-01 7.511706160e+00 -8.159790000e-01 2.859950000e-02 -5.773740000e-01 4.953040000e+00
-4.079254742e-01 -1.816963134e-01 8.947531505e-01 4.457524542e+01 -5.437013958e-02 9.830929762e-01 1.748475541e-01 7.518401307e+00 -9.113950000e-01 2.267690000e-02 -4.109070000e-01 4.971300000e+00
-2.388215755e-01 -1.795051381e-01 9.543280784e-01 4.458964482e+01 -1.861396003e-03 9.828491001e-01 1.844039170e-01 7.515873797e+00 -9.710620000e-01 4.226320000e-02 -2.350590000e-01 4.980490000e+00
-8.414585291e-02 -1.826378455e-01 9.795731877e-01 4.459547066e+01 2.604094481e-02 9.823206976e-01 1.853870442e-01 7.514682298e+00 -9.961130000e-01 4.110860000e-02 -7.790210000e-02 4.996060000e+00
1.201635412e-01 -1.888939026e-01 9.746174728e-01 4.459733657e+01 5.785399932e-02 9.813955220e-01 1.830743528e-01 7.508665093e+00 -9.910670000e-01 3.438670000e-02 1.288560000e-01 5.017300000e+00
2.619251602e-01 -1.832462406e-01 9.475312661e-01 4.463535415e+01 7.626757064e-02 9.826674809e-01 1.689589141e-01 7.519041999e+00 -9.620700000e-01 2.801130000e-02 2.713610000e-01 5.037540000e+00
3.898228557e-01 -1.808242870e-01 9.029624004e-01 4.477857538e+01 9.659696084e-02 9.831523638e-01 1.551804843e-01 7.536837247e+00 -9.158100000e-01 2.673050000e-02 4.007220000e-01 5.097360000e+00
3.067440837e-01 -1.882718124e-01 9.329851059e-01 4.505556702e+01 8.774821690e-02 9.816597556e-01 1.692445187e-01 7.570699690e+00 -9.477380000e-01 2.995300000e-02 3.176390000e-01 5.221420000e+00
1.730511583e-01 -1.940217265e-01 9.656134861e-01 4.515779403e+01 6.636415290e-02 9.804732494e-01 1.851143692e-01 7.594784946e+00 -9.826740000e-01 3.204780000e-02 1.825480000e-01 5.224120000e+00
5.526704992e-02 -1.961839308e-01 9.790080499e-01 4.523593613e+01 5.704260945e-02 9.795263397e-01 1.930672918e-01 7.603566151e+00 -9.968410000e-01 4.517490000e-02 6.532640000e-02 5.215780000e+00
-1.548320781e-02 -1.863162210e-01 9.823678919e-01 4.548697689e+01 4.137649492e-02 9.815247905e-01 1.868083474e-01 7.646605723e+00 -9.990240000e-01 4.353940000e-02 -7.488040000e-03 5.181670000e+00
-1.114818928e-01 -1.826096661e-01 9.768444585e-01 4.565160927e+01 1.773976037e-02 9.824499537e-01 1.856820332e-01 7.692112139e+00 -9.936080000e-01 3.802920000e-02 -1.062860000e-01 5.167810000e+00
-2.576982863e-01 -1.850168525e-01 9.483461707e-01 4.575180509e+01 -5.514248871e-03 9.817611181e-01 1.900374996e-01 7.715565069e+00 -9.662100000e-01 4.374290000e-02 -2.540180000e-01 5.108520000e+00
-4.270751885e-01 -1.751845430e-01 8.870838526e-01 4.582209100e+01 -3.369856992e-02 9.834545446e-01 1.779926279e-01 7.735551646e+00 -9.035880000e-01 4.612280000e-02 -4.259120000e-01 5.036390000e+00
-5.974160647e-01 -1.842958909e-01 7.804668064e-01 4.585098584e+01 -7.956284297e-02 9.820545655e-01 1.709954532e-01 7.741893714e+00 -7.979750000e-01 4.005930000e-02 -6.013580000e-01 4.938300000e+00
-7.327533804e-01 -1.867744726e-01 6.543605018e-01 4.583915309e+01 -1.120677156e-01 9.815878898e-01 1.546816330e-01 7.734897756e+00 -6.712030000e-01 4.001080000e-02 -7.401930000e-01 4.838220000e+00
-8.202635841e-01 -1.874501887e-01 5.403974204e-01 4.580891355e+01 -1.334343307e-01 9.814180454e-01 1.378904237e-01 7.735879307e+00 -5.562030000e-01 4.099890000e-02 -8.300340000e-01 4.752820000e+00
-8.762585203e-01 -1.799782155e-01 4.469664150e-01 4.571869002e+01 -1.343505179e-01 9.820939585e-01 1.320674630e-01 7.711198405e+00 -4.627320000e-01 5.567500000e-02 -8.847480000e-01 4.668290000e+00
-9.029026379e-01 -1.869594396e-01 3.870566996e-01 4.560803520e+01 -1.555083356e-01 9.815383498e-01 1.113508523e-01 7.709438835e+00 -4.007290000e-01 4.034850000e-02 -9.153080000e-01 4.595240000e+00
-8.922056109e-01 -1.787657944e-01 4.147442174e-01 4.560028586e+01 -1.397675705e-01 9.825360930e-01 1.228293908e-01 7.696458256e+00 -4.294590000e-01 5.162130000e-02 -9.016100000e-01 4.507630000e+00
-8.194073162e-01 -1.856798215e-01 5.423041973e-01 4.563406987e+01 -1.274317423e-01 9.814143052e-01 1.434808341e-01 7.721686993e+00 -5.588670000e-01 4.846250000e-02 -8.278400000e-01 4.425810000e+00
-7.340594690e-01 -1.872898872e-01 6.527473539e-01 4.567585946e+01 -1.071316906e-01 9.811176250e-01 1.610308404e-01 7.723297712e+00 -6.705810000e-01 4.827630000e-02 -7.402640000e-01 4.424070000e+00
-7.249566644e-01 -1.830109586e-01 6.640367091e-01 4.567082229e+01 -1.061879203e-01 9.822262157e-01 1.547754386e-01 7.726045777e+00 -6.805600000e-01 4.169280000e-02 -7.315050000e-01 4.419980000e+00
-7.274085249e-01 -1.863137077e-01 6.604267165e-01 4.567332089e+01 -1.041893688e-01 9.812635412e-01 1.620687645e-01 7.725522408e+00 -6.782490000e-01 4.908080000e-02 -7.331920000e-01 4.417180000e+00
-7.321111847e-01 -1.888239719e-01 6.544904803e-01 4.567431797e+01 -1.153116271e-01 9.812994118e-01 1.541228684e-01 7.725613722e+00 -6.713540000e-01 3.736470000e-02 -7.401940000e-01 4.424720000e+00
-7.296320163e-01 -1.867031843e-01 6.578591501e-01 4.567959515e+01 -1.038035055e-01 9.810980475e-01 1.633113904e-01 7.726859248e+00 -6.759150000e-01 5.086910000e-02 -7.352220000e-01 4.410330000e+00
-6.827967012e-01 -1.887677083e-01 7.058018954e-01 4.569106808e+01 -1.104052392e-01 9.816104337e-01 1.557268514e-01 7.732834365e+00 -7.222190000e-01 2.840550000e-02 -6.910810000e-01 4.426090000e+00
-5.517542169e-01 -1.877220357e-01 8.126054965e-01 4.569155001e+01 -7.263084308e-02 9.814531143e-01 1.774119511e-01 7.723054782e+00 -8.308380000e-01 3.886760000e-02 -5.551550000e-01 4.443520000e+00
-3.768124438e-01 -1.902509254e-01 9.065410122e-01 4.571990597e+01 -4.417255579e-02 9.812570509e-01 1.875704559e-01 7.733895795e+00 -9.252360000e-01 3.063470000e-02 -3.781540000e-01 4.448860000e+00
-2.314418770e-01 -1.856720122e-01 9.549662901e-01 4.578610199e+01 -6.251253626e-03 9.818820659e-01 1.893901723e-01 7.740028403e+00 -9.728290000e-01 3.786310000e-02 -2.284090000e-01 4.450420000e+00
-1.804134102e-01 -1.901409518e-01 9.650378112e-01 4.608098973e+01 -9.404315184e-03 9.814262227e-01 1.916117464e-01 7.795779016e+00 -9.835460000e-01 2.549390000e-02 -1.788510000e-01 4.380510000e+00
-1.915570473e-01 -1.820206102e-01 9.644559395e-01 4.639794445e+01 3.190776790e-03 9.825317172e-01 1.860660502e-01 7.846224161e+00 -9.814760000e-01 3.871960000e-02 -1.876300000e-01 4.300150000e+00
-1.860921701e-01 -1.845886861e-01 9.650376016e-01 4.665494067e+01 -5.859456949e-03 9.823846238e-01 1.867771434e-01 7.903494157e+00 -9.825150000e-01 2.910310000e-02 -1.838950000e-01 4.231380000e+00
-2.418679191e-01 -1.954825636e-01 9.504141728e-01 4.691452487e+01 -1.850723606e-02 9.802472877e-01 1.969088772e-01 7.946829737e+00 -9.701330000e-01 3.003640000e-02 -2.407080000e-01 4.147910000e+00
-3.695453747e-01 -1.835827927e-01 9.108970059e-01 4.701487223e+01 -4.851620307e-02 9.827640511e-01 1.783841167e-01 7.970637542e+00 -9.279450000e-01 2.172780000e-02 -3.720830000e-01 4.088890000e+00
-5.231638750e-01 -1.885836343e-01 8.311056821e-01 4.706861934e+01 -7.555989354e-02 9.816335851e-01 1.751761061e-01 7.989019189e+00 -8.488760000e-01 2.884760000e-02 -5.278040000e-01 4.018540000e+00
-6.441400108e-01 -1.836621359e-01 7.425300708e-01 4.710248355e+01 -8.865001882e-02 9.821295559e-01 1.660224779e-01 7.988118862e+00 -7.597530000e-01 4.111640000e-02 -6.489110000e-01 3.924860000e+00
-7.425243083e-01 -1.833635309e-01 6.442327851e-01 4.712243006e+01 -1.088822437e-01 9.820498098e-01 1.540197873e-01 7.993460892e+00 -6.609100000e-01 4.421790000e-02 -7.491610000e-01 3.799520000e+00
-7.911471285e-01 -1.765529079e-01 5.855897593e-01 4.713854986e+01 -1.090290480e-01 9.828063977e-01 1.490110658e-01 8.003692782e+00 -6.018290000e-01 5.404340000e-02 -7.967940000e-01 3.603240000e+00
-7.819220564e-01 -1.741076343e-01 5.985686895e-01 4.723891530e+01 -1.060475156e-01 9.833602516e-01 1.475012709e-01 8.031634321e+00 -6.142890000e-01 5.185780000e-02 -7.873750000e-01 3.408520000e+00
-7.729237244e-01 -1.802286422e-01 6.083646057e-01 4.738413899e+01 -1.143396461e-01 9.826764988e-01 1.458515606e-01 8.070147994e+00 -6.241120000e-01 4.317190000e-02 -7.801410000e-01 3.182180000e+00
-7.507767654e-01 -1.808383106e-01 6.353206553e-01 4.756961100e+01 -1.046552781e-01 9.822120192e-01 1.559039860e-01 8.108325953e+00 -6.522130000e-01 5.055940000e-02 -7.563480000e-01 2.875150000e+00
-7.362738554e-01 -1.771987193e-01 6.530708239e-01 4.778947307e+01 -1.044379639e-01 9.832983587e-01 1.490560701e-01 8.166051383e+00 -6.685760000e-01 4.154070000e-02 -7.424830000e-01 2.545820000e+00
-7.149915165e-01 -1.843275544e-01 6.743966787e-01 4.799475315e+01 -1.095671535e-01 9.822409640e-01 1.523059882e-01 8.209834498e+00 -6.904950000e-01 3.500570000e-02 -7.224900000e-01 2.313650000e+00
-6.995452064e-01 -1.875737705e-01 6.895304491e-01 4.814687891e+01 -1.145480878e-01 9.818913592e-01 1.508929952e-01 8.258763882e+00 -7.053470000e-01 2.657210000e-02 -7.083640000e-01 2.095950000e+00
-7.684775224e-01 -1.749169281e-01 6.155048848e-01 4.826669197e+01 -1.135364638e-01 9.839228960e-01 1.378615153e-01 8.276381096e+00 -6.297240000e-01 3.606120000e-02 -7.759820000e-01 1.931440000e+00
-8.400973811e-01 -1.783810977e-01 5.122658469e-01 4.830192616e+01 -1.377863237e-01 9.835816833e-01 1.165382710e-01 8.295674905e+00 -5.246440000e-01 2.732030000e-02 -8.508830000e-01 1.743680000e+00
-8.690093461e-01 -1.733489672e-01 4.634359391e-01 4.845516385e+01 -1.355005327e-01 9.841903559e-01 1.140552668e-01 8.328975133e+00 -4.758800000e-01 3.631930000e-02 -8.787600000e-01 1.443890000e+00
-9.305126946e-01 -1.765673844e-01 3.208896405e-01 4.848575949e+01 -1.561904877e-01 9.837639000e-01 8.839014282e-02 8.346083987e+00 -3.312860000e-01 3.212830000e-02 -9.429830000e-01 1.334150000e+00
-9.711269910e-01 -1.656863479e-01 1.716382254e-01 4.848202456e+01 -1.572301151e-01 9.856236621e-01 6.183950345e-02 8.336835895e+00 -1.794170000e-01 3.306730000e-02 -9.832170000e-01 1.239730000e+00
-9.866966129e-01 -1.625657868e-01 1.201875889e-03 4.843977268e+01 -1.623539320e-01 9.857382305e-01 4.428582153e-02 8.328533399e+00 -8.384100000e-03 4.350150000e-02 -9.990180000e-01 1.126060000e+00
-9.844400583e-01 -1.607653905e-01 -7.093564278e-02 4.828227338e+01 -1.625745701e-01 9.864841893e-01 2.047853649e-02 8.308151791e+00 6.668460000e-02 3.169220000e-02 -9.972710000e-01 9.803420000e-01
-9.856512944e-01 -1.643576944e-01 -3.844433197e-02 4.820525043e+01 -1.655914938e-01 9.856924440e-01 3.145694548e-02 8.307125452e+00 3.272410000e-02 3.737170000e-02 -9.987650000e-01 7.960150000e-01
-9.850164490e-01 -1.652906113e-01 4.921029278e-02 4.821120818e+01 -1.630599722e-01 9.855264194e-01 4.636209342e-02 8.313528201e+00 -5.616130000e-02 3.764320000e-02 -9.977120000e-01 7.829400000e-01
-9.858796014e-01 -1.671694949e-01 -9.759162741e-03 4.818846467e+01 -1.674376388e-01 9.849218169e-01 4.352575148e-02 8.299445211e+00 2.335830000e-03 4.454520000e-02 -9.990050000e-01 6.698500000e-01
-9.861265741e-01 -1.659971524e-01 4.898121470e-04 4.817676384e+01 -1.658077762e-01 9.851330066e-01 4.494794875e-02 8.300043499e+00 -7.943760000e-03 4.424310000e-02 -9.989890000e-01 6.617530000e-01
-9.843709900e-01 -1.760181992e-01 5.534823470e-03 4.818345708e+01 -1.755657926e-01 9.833299100e-01 4.732344035e-02 8.301985369e+00 -1.377240000e-02 4.561210000e-02 -9.988640000e-01 6.605930000e-01
-9.818682595e-01 -1.666504248e-01 9.035005962e-02 4.819620742e+01 -1.623059414e-01 9.852875549e-01 5.352220209e-02 8.303950409e+00 -9.794030000e-02 3.788740000e-02 -9.944710000e-01 6.558260000e-01
-9.532989536e-01 -1.675669494e-01 2.512821538e-01 4.821145114e+01 -1.523826292e-01 9.851703250e-01 7.885928300e-02 8.315370774e+00 -2.607700000e-01 3.688550000e-02 -9.646960000e-01 6.493070000e-01
-9.156219012e-01 -1.716900125e-01 3.635381715e-01 4.827621669e+01 -1.449873853e-01 9.843939935e-01 9.973420071e-02 8.327299704e+00 -3.749880000e-01 3.861040000e-02 -9.262250000e-01 5.078420000e-01
-9.320061148e-01 -1.848185890e-01 3.117786724e-01 4.833381561e+01 -1.631531644e-01 9.820701158e-01 9.444186828e-02 8.354107712e+00 -3.236430000e-01 3.715270000e-02 -9.454500000e-01 2.444490000e-01
-9.535602312e-01 -1.825993237e-01 2.395426647e-01 4.836368370e+01 -1.653734661e-01 9.820867915e-01 9.031754134e-02 8.358578182e+00 -2.517440000e-01 4.650920000e-02 -9.666760000e-01 1.085240000e-01
-9.799138984e-01 -1.669417619e-01 1.090815438e-01 4.835595145e+01 -1.610978975e-01 9.850875368e-01 6.041458429e-02 8.359680335e+00 -1.175400000e-01 4.162830000e-02 -9.921950000e-01 -6.398660000e-02
-9.854243938e-01 -1.626029505e-01 -4.999609487e-02 4.834043551e+01 -1.646586473e-01 9.855329519e-01 4.016584332e-02 8.358695620e+00 4.274170000e-02 4.781270000e-02 -9.979410000e-01 -2.072050000e-01
-9.673872048e-01 -1.723885042e-01 -1.855915612e-01 4.830176558e+01 -1.766136343e-01 9.842592920e-01 6.350601859e-03 8.377760216e+00 1.815760000e-01 3.892150000e-02 -9.826060000e-01 -3.472290000e-01
-9.555354838e-01 -1.626241846e-01 -2.459787072e-01 4.822065439e+01 -1.677910036e-01 9.858228503e-01 4.758250387e-05 8.349375579e+00 2.424840000e-01 4.131840000e-02 -9.692750000e-01 -5.902710000e-01
-9.217149700e-01 -1.641158366e-01 -3.514370234e-01 4.812821882e+01 -1.690871279e-01 9.854591771e-01 -1.672957448e-02 8.354449674e+00 3.490730000e-01 4.400350000e-02 -9.360620000e-01 -7.445170000e-01
-8.646732403e-01 -1.604961977e-01 -4.760053536e-01 4.802892584e+01 -1.586078856e-01 9.863406659e-01 -4.445291021e-02 8.329620163e+00 4.766370000e-01 3.706090000e-02 -8.783180000e-01 -8.912720000e-01
-8.354405716e-01 -1.562430557e-01 -5.269036217e-01 4.781632260e+01 -1.548468639e-01 9.868153085e-01 -4.710101916e-02 8.306077505e+00 5.273160000e-01 4.223930000e-02 -8.486190000e-01 -1.166510000e+00
-7.614640220e-01 -1.562196425e-01 -6.291007343e-01 4.770807272e+01 -1.444746842e-01 9.870135812e-01 -7.022478398e-02 8.282438577e+00 6.319010000e-01 3.741550000e-02 -7.741450000e-01 -1.272290000e+00
-7.200752839e-01 -1.515780903e-01 -6.771382369e-01 4.750329682e+01 -1.386822441e-01 9.875980123e-01 -7.359908559e-02 8.260675875e+00 6.798970000e-01 4.091010000e-02 -7.321660000e-01 -1.401510000e+00
-7.258348344e-01 -1.624857467e-01 -6.684034778e-01 4.725967695e+01 -1.408967506e-01 9.862172749e-01 -8.674187504e-02 8.239317325e+00 6.732850000e-01 3.121560000e-02 -7.387240000e-01 -1.602070000e+00
-7.284796485e-01 -1.700745206e-01 -6.636203096e-01 4.708101838e+01 -1.454241972e-01 9.850075957e-01 -9.280300034e-02 8.228511555e+00 6.694540000e-01 2.890140000e-02 -7.422910000e-01 -1.771990000e+00
-6.830570035e-01 -1.528856618e-01 -7.141844012e-01 4.690197824e+01 -1.304120480e-01 9.876615173e-01 -8.670105346e-02 8.192692818e+00 7.186280000e-01 3.391650000e-02 -6.945670000e-01 -1.948670000e+00
-5.753616244e-01 -1.613409131e-01 -8.018279470e-01 4.676139004e+01 -1.209690552e-01 9.863548574e-01 -1.116680001e-01 8.169878331e+00 8.089040000e-01 3.274690000e-02 -5.870280000e-01 -2.012230000e+00
-4.635549224e-01 -1.688299552e-01 -8.698357568e-01 4.662037428e+01 -1.121890258e-01 9.849624009e-01 -1.313875521e-01 8.157881427e+00 8.789370000e-01 3.668060000e-02 -4.755250000e-01 -2.071380000e+00
-3.899467724e-01 -1.594452995e-01 -9.069285281e-01 4.643199369e+01 -9.157850495e-02 9.867275045e-01 -1.340991098e-01 8.118138295e+00 9.162720000e-01 3.076370000e-02 -3.993730000e-01 -2.088560000e+00
-3.908617404e-01 -1.570075886e-01 -9.069598173e-01 4.613681910e+01 -8.910116266e-02 9.871711958e-01 -1.324943455e-01 8.074346450e+00 9.161270000e-01 2.902420000e-02 -3.998370000e-01 -2.209740000e+00
-3.563466464e-01 -1.546040069e-01 -9.214742275e-01 4.585000326e+01 -8.277502805e-02 9.875615497e-01 -1.336818181e-01 8.036410001e+00 9.306800000e-01 2.863800000e-02 -3.647110000e-01 -2.298860000e+00
-2.443144982e-01 -1.498981245e-01 -9.580406060e-01 4.569385646e+01 -5.847268296e-02 9.884591601e-01 -1.397463005e-01 8.002968716e+00 9.679320000e-01 2.187710000e-02 -2.502600000e-01 -2.310090000e+00
-1.656747195e-01 -1.479921509e-01 -9.750126427e-01 4.545142404e+01 -4.666433265e-02 9.887454052e-01 -1.421471381e-01 7.957638516e+00 9.850760000e-01 2.194820000e-02 -1.707160000e-01 -2.301970000e+00
-1.637125413e-01 -1.501266594e-01 -9.750178333e-01 4.521366924e+01 -4.865718271e-02 9.883791818e-01 -1.440138293e-01 7.920609722e+00 9.853070000e-01 2.386480000e-02 -1.691150000e-01 -2.334890000e+00
-2.005041595e-01 -1.444981192e-01 -9.689779341e-01 4.499233466e+01 -5.138402532e-02 9.892524756e-01 -1.368890728e-01 7.873947173e+00 9.783440000e-01 2.234310000e-02 -2.057740000e-01 -2.361680000e+00
-2.288077564e-01 -1.418123332e-01 -9.630864590e-01 4.469032112e+01 -4.835475780e-02 9.897668038e-01 -1.342528117e-01 7.832788529e+00 9.722700000e-01 1.585170000e-02 -2.333230000e-01 -2.396440000e+00
-3.480223371e-01 -1.461035074e-01 -9.260314110e-01 4.455312321e+01 -7.153603818e-02 9.890402960e-01 -1.291598066e-01 7.806022072e+00 9.347530000e-01 2.129420000e-02 -3.546600000e-01 -2.458710000e+00
-4.129042046e-01 -1.500860480e-01 -8.983231853e-01 4.434201639e+01 -8.102806530e-02 9.884708136e-01 -1.279037934e-01 7.780480216e+00 9.071630000e-01 1.997740000e-02 -4.203050000e-01 -2.579770000e+00
-4.012863380e-01 -1.434635086e-01 -9.046475037e-01 4.412329933e+01 -7.954459476e-02 9.893844813e-01 -1.216168869e-01 7.738139319e+00 9.124920000e-01 2.315660000e-02 -4.084390000e-01 -2.670950000e+00
-4.142794721e-01 -1.442684399e-01 -8.986428447e-01 4.391303470e+01 -8.994346156e-02 9.890134364e-01 -1.173121878e-01 7.713777817e+00 9.056940000e-01 3.222700000e-02 -4.227040000e-01 -2.765120000e+00
-4.688900146e-01 -1.438707339e-01 -8.714605943e-01 4.373161771e+01 -9.646693579e-02 9.890841445e-01 -1.113853179e-01 7.683307676e+00 8.779730000e-01 3.183960000e-02 -4.776500000e-01 -2.866780000e+00
-5.772672857e-01 -1.614477139e-01 -8.004359739e-01 4.361569113e+01 -1.208435535e-01 9.863558277e-01 -1.117965582e-01 7.666061439e+00 8.075640000e-01 3.219100000e-02 -5.889010000e-01 -2.981070000e+00
-6.647102603e-01 -1.555280557e-01 -7.307336409e-01 4.347713476e+01 -1.253553349e-01 9.874432494e-01 -9.613645881e-02 7.649555933e+00 7.365100000e-01 2.769850000e-02 -6.758600000e-01 -3.084280000e+00
-6.622717713e-01 -1.493781168e-01 -7.342224889e-01 4.325174588e+01 -1.288008877e-01 9.880351610e-01 -8.483748015e-02 7.617194977e+00 7.381100000e-01 3.838300000e-02 -6.735880000e-01 -3.296940000e+00
-7.563165414e-01 -1.604504791e-01 -6.342251093e-01 4.310242620e+01 -1.483463114e-01 9.862663635e-01 -7.260863460e-02 7.591855795e+00 6.371650000e-01 3.916980000e-02 -7.697320000e-01 -3.460050000e+00
-8.293250588e-01 -1.663195593e-01 -5.334397714e-01 4.304075810e+01 -1.576489185e-01 9.855356181e-01 -6.218431224e-02 7.594366924e+00 5.360660000e-01 3.252520000e-02 -8.435490000e-01 -3.547270000e+00
-8.918859133e-01 -1.572419747e-01 -4.240461785e-01 4.294457583e+01 -1.605571050e-01 9.866247453e-01 -2.815822932e-02 7.573232269e+00 4.228020000e-01 4.296960000e-02 -9.052030000e-01 -3.749350000e+00
-9.227634454e-01 -1.674055789e-01 -3.471066416e-01 4.283849534e+01 -1.689804073e-01 9.852771126e-01 -2.596309028e-02 7.563456968e+00 3.463430000e-01 3.469650000e-02 -9.374660000e-01 -3.984540000e+00
-9.323212045e-01 -1.747380521e-01 -3.166143169e-01 4.270147947e+01 -1.776972560e-01 9.838867243e-01 -1.974571216e-02 7.554584447e+00 3.149630000e-01 3.785210000e-02 -9.483490000e-01 -4.296650000e+00
-9.615451100e-01 -1.716011347e-01 -2.144373989e-01 4.264151124e+01 -1.753771495e-01 9.845005709e-01 -1.436767396e-03 7.550115392e+00 2.113600000e-01 3.622600000e-02 -9.767370000e-01 -4.482150000e+00
-9.842974813e-01 -1.627795221e-01 -6.827514790e-02 4.262903050e+01 -1.642942281e-01 9.862623556e-01 1.715304217e-02 7.551936038e+00 6.454500000e-02 2.810090000e-02 -9.975190000e-01 -4.616550000e+00
-9.865694491e-01 -1.633412814e-01 5.240697842e-04 4.259008113e+01 -1.631911677e-01 9.857905493e-01 3.981704693e-02 7.558052264e+00 -7.020390000e-03 3.919680000e-02 -9.992070000e-01 -4.939230000e+00
-9.849788047e-01 -1.677328227e-01 4.102657037e-02 4.256761412e+01 -1.659805730e-01 9.851931951e-01 4.294827290e-02 7.568300652e+00 -4.762300000e-02 3.549350000e-02 -9.982350000e-01 -5.251340000e+00
-9.821960993e-01 -1.689318952e-01 8.217563732e-02 4.255795856e+01 -1.649862137e-01 9.848872977e-01 5.269254052e-02 7.569432264e+00 -8.983520000e-02 3.819650000e-02 -9.952240000e-01 -5.473450000e+00
-9.601599033e-01 -1.684451876e-01 2.229770748e-01 4.260067966e+01 -1.566961462e-01 9.851979294e-01 6.950696797e-02 7.586508256e+00 -2.313850000e-01 3.179810000e-02 -9.723420000e-01 -5.646010000e+00
-9.370442959e-01 -1.755710306e-01 3.018646788e-01 4.268027506e+01 -1.553772424e-01 9.837601660e-01 8.985581632e-02 7.601405048e+00 -3.127390000e-01 3.729600000e-02 -9.491070000e-01 -5.856230000e+00
-9.415005947e-01 -1.672538225e-01 2.925801282e-01 4.274653623e+01 -1.516000260e-01 9.855502036e-01 7.555378746e-02 7.635485309e+00 -3.009890000e-01 2.677880000e-02 -9.532510000e-01 -6.092150000e+00
-9.183417193e-01 -1.598940791e-01 3.620536889e-01 4.282247575e+01 -1.411475193e-01 9.869242695e-01 7.783828329e-02 7.654781125e+00 -3.697650000e-01 2.037910000e-02 -9.289020000e-01 -6.301800000e+00
-8.757252815e-01 -1.636407351e-01 4.542327224e-01 4.290099739e+01 -1.278592783e-01 9.858237117e-01 1.086476174e-01 7.664444567e+00 -4.655730000e-01 3.706760000e-02 -8.842330000e-01 -6.404150000e+00
-8.074146325e-01 -1.773396866e-01 5.627002634e-01 4.299184204e+01 -1.233213256e-01 9.834166873e-01 1.329789958e-01 7.682628191e+00 -5.769520000e-01 3.797620000e-02 -8.158950000e-01 -6.529380000e+00
-7.823494147e-01 -1.764627967e-01 5.973191830e-01 4.313439306e+01 -1.197809791e-01 9.837515041e-01 1.337390891e-01 7.721468764e+00 -6.112130000e-01 3.308320000e-02 -7.907740000e-01 -6.712750000e+00
-7.418878055e-01 -1.812547041e-01 6.455619724e-01 4.326833621e+01 -1.196491583e-01 9.831042748e-01 1.385248628e-01 7.744843097e+00 -6.597630000e-01 2.552890000e-02 -7.510400000e-01 -6.879380000e+00
-6.547823221e-01 -1.734897444e-01 7.356369522e-01 4.335546486e+01 -8.526073129e-02 9.840410445e-01 1.561829683e-01 7.768558567e+00 -7.509930000e-01 3.954490000e-02 -6.591250000e-01 -6.964300000e+00
-5.557078424e-01 -1.634497912e-01 8.151520419e-01 4.348229966e+01 -5.866778714e-02 9.857488538e-01 1.576616490e-01 7.804981949e+00 -8.293050000e-01 3.979060000e-02 -5.573770000e-01 -7.044770000e+00
-4.669543359e-01 -1.806157593e-01 8.656400246e-01 4.359128331e+01 -6.951977026e-02 9.833870666e-01 1.676824466e-01 7.821331571e+00 -8.815450000e-01 1.812090000e-02 -4.717530000e-01 -7.088380000e+00
-3.578683891e-01 -1.790021208e-01 9.164540660e-01 4.368498111e+01 -2.921189535e-02 9.831196289e-01 1.806161842e-01 7.824426619e+00 -9.333150000e-01 3.786540000e-02 -3.570560000e-01 -7.120300000e+00
-2.705953341e-01 -1.802809079e-01 9.456626711e-01 4.386261854e+01 -2.553647519e-02 9.833074257e-01 1.801506022e-01 7.846672588e+00 -9.623540000e-01 2.459900000e-02 -2.706820000e-01 -7.139810000e+00
-2.181537375e-01 -1.802699094e-01 9.591200893e-01 4.408782562e+01 2.180049405e-03 9.826989110e-01 1.851974184e-01 7.900905887e+00 -9.759120000e-01 4.249250000e-02 -2.139860000e-01 -7.165950000e+00
-1.194097790e-01 -1.755727968e-01 9.771980921e-01 4.420484705e+01 -2.798365964e-03 9.842952489e-01 1.765061999e-01 7.932468954e+00 -9.928410000e-01 1.834200000e-02 -1.180260000e-01 -7.175500000e+00
-1.228213122e-02 -1.836748172e-01 9.829105185e-01 4.435698478e+01 1.095856622e-02 9.829004517e-01 1.838099816e-01 7.950067837e+00 -9.998650000e-01 1.302890000e-02 -1.005930000e-02 -7.169500000e+00
8.848414382e-02 -1.937494402e-01 9.770526777e-01 4.447587553e+01 5.055538788e-02 9.805089475e-01 1.898566510e-01 7.955705809e+00 -9.947940000e-01 3.259600000e-02 9.655460000e-02 -7.145970000e+00
1.994171782e-01 -1.848874500e-01 9.623144922e-01 4.462145039e+01 8.205618705e-02 9.817411410e-01 1.716154082e-01 7.990330177e+00 -9.764730000e-01 4.474090000e-02 2.109470000e-01 -7.092520000e+00
3.186671363e-01 -1.899101400e-01 9.286468016e-01 4.474400563e+01 1.090010506e-01 9.805661548e-01 1.631236229e-01 8.024175234e+00 -9.415780000e-01 4.924140000e-02 3.331750000e-01 -7.027470000e+00
4.438104028e-01 -1.732250657e-01 8.792182527e-01 4.484936384e+01 1.102416651e-01 9.842403010e-01 1.382688003e-01 8.036898198e+00 -8.893140000e-01 3.556130000e-02 4.559130000e-01 -6.973230000e+00
5.286766289e-01 -1.929852217e-01 8.265941417e-01 4.496098506e+01 1.307605976e-01 9.807035007e-01 1.453329398e-01 8.051037207e+00 -8.386910000e-01 3.125180000e-02 5.437100000e-01 -6.925010000e+00
6.442138045e-01 -1.676873536e-01 7.462366766e-01 4.505393467e+01 1.368612415e-01 9.851966322e-01 1.032339253e-01 8.067914226e+00 -7.525010000e-01 3.562620000e-02 6.576270000e-01 -6.844320000e+00
7.231724293e-01 -1.739308071e-01 6.684082680e-01 4.514392924e+01 1.478552766e-01 9.843227424e-01 9.616730746e-02 8.083552784e+00 -6.746550000e-01 2.928210000e-02 7.375520000e-01 -6.744260000e+00
7.463161968e-01 -1.875671228e-01 6.386160422e-01 4.540461626e+01 1.626535584e-01 9.817771574e-01 9.827193792e-02 8.114873945e+00 -6.454120000e-01 3.053130000e-02 7.632250000e-01 -6.459350000e+00
8.067813734e-01 -1.837971695e-01 5.615356991e-01 4.555643802e+01 1.656597148e-01 9.826315428e-01 8.361664427e-02 8.136114621e+00 -5.671510000e-01 2.556350000e-02 8.232170000e-01 -6.252400000e+00
8.753516893e-01 -1.792671686e-01 4.490249393e-01 4.560916750e+01 1.716244902e-01 9.834506037e-01 5.805622690e-02 8.143897358e+00 -4.520010000e-01 2.624400000e-02 8.916310000e-01 -6.097570000e+00
9.135307112e-01 -1.775058007e-01 3.659961899e-01 4.567351972e+01 1.775286622e-01 9.835314391e-01 3.389306947e-02 8.145949671e+00 -3.659860000e-01 3.401250000e-02 9.299990000e-01 -5.900940000e+00
9.341988371e-01 -1.668662235e-01 3.153220610e-01 4.585913673e+01 1.668539115e-01 9.856053333e-01 2.724042060e-02 8.148311162e+00 -3.153280000e-01 2.716470000e-02 9.485940000e-01 -5.495220000e+00
9.548615575e-01 -1.763802684e-01 2.390167215e-01 4.599330823e+01 1.768255263e-01 9.840440405e-01 1.975557890e-02 8.165819196e+00 -2.386880000e-01 2.340040000e-02 9.708140000e-01 -5.149960000e+00
9.671250090e-01 -1.725686607e-01 1.867874485e-01 4.611621977e+01 1.754318370e-01 9.844912341e-01 1.219732065e-03 8.178695487e+00 -1.841010000e-01 3.158880000e-02 9.824000000e-01 -4.779470000e+00
9.744772404e-01 -1.691884910e-01 1.475443276e-01 4.621545636e+01 1.719168288e-01 9.850942266e-01 -5.845552466e-03 8.178356269e+00 -1.443560000e-01 3.106170000e-02 9.890380000e-01 -4.437070000e+00
9.793827446e-01 -1.749346414e-01 1.010294824e-01 4.631167984e+01 1.761874592e-01 9.843506640e-01 -3.544992536e-03 8.174346177e+00 -9.882820000e-02 2.127210000e-02 9.948770000e-01 -4.071250000e+00
9.840049516e-01 -1.710384373e-01 4.981025837e-02 4.637158755e+01 1.717266944e-01 9.850957385e-01 -9.851349321e-03 8.160776971e+00 -4.738280000e-02 1.824750000e-02 9.987100000e-01 -3.740140000e+00
9.866567734e-01 -1.612274678e-01 2.265444764e-02 4.640373208e+01 1.616114234e-01 9.867204755e-01 -1.627444061e-02 8.169126654e+00 -1.972970000e-02 1.971850000e-02 9.996110000e-01 -3.474490000e+00
9.746506916e-01 -1.631062100e-01 1.531411032e-01 4.642712555e+01 1.639722918e-01 9.864401238e-01 7.043497005e-03 8.154495050e+00 -1.522130000e-01 1.824600000e-02 9.881790000e-01 -3.307090000e+00
9.393151475e-01 -1.657987634e-01 3.003278890e-01 4.651371579e+01 1.630736050e-01 9.860177590e-01 3.430468234e-02 8.155720606e+00 -3.018160000e-01 1.675270000e-02 9.532190000e-01 -3.135500000e+00
9.457706573e-01 -1.589626665e-01 2.832818277e-01 4.668367684e+01 1.586836048e-01 9.870355365e-01 2.408720343e-02 8.187197595e+00 -2.834380000e-01 2.217120000e-02 9.587340000e-01 -2.760500000e+00
9.535928941e-01 -1.688881845e-01 2.492722782e-01 4.680635214e+01 1.697171473e-01 9.853227923e-01 1.832558287e-02 8.195343485e+00 -2.487090000e-01 2.483070000e-02 9.682600000e-01 -2.421360000e+00
9.669691824e-01 -1.569448552e-01 2.008471823e-01 4.688213215e+01 1.560397655e-01 9.875397016e-01 2.043168005e-02 8.187354971e+00 -2.015510000e-01 1.158330000e-02 9.794100000e-01 -2.165170000e+00
9.569054384e-01 -1.680316431e-01 2.368492738e-01 4.695989066e+01 1.692588419e-01 9.854527020e-01 1.529481783e-02 8.209485173e+00 -2.359730000e-01 2.545310000e-02 9.714260000e-01 -1.990170000e+00
9.564896855e-01 -1.721305851e-01 2.355820520e-01 4.701628136e+01 1.713154901e-01 9.849222169e-01 2.408351520e-02 8.191526982e+00 -2.361750000e-01 1.732320000e-02 9.715560000e-01 -1.811040000e+00
9.584760855e-01 -1.607771429e-01 2.355311147e-01 4.709577430e+01 1.604033766e-01 9.868309900e-01 2.087671889e-02 8.200752838e+00 -2.357860000e-01 1.777020000e-02 9.716430000e-01 -1.578840000e+00
9.276343287e-01 -1.807528695e-01 3.268386084e-01 4.713637130e+01 1.777411029e-01 9.832908000e-01 3.932853156e-02 8.199385951e+00 -3.284860000e-01 2.161020000e-02 9.442620000e-01 -1.477300000e+00
9.191607555e-01 -1.622170109e-01 3.589276145e-01 4.724230610e+01 1.575527197e-01 9.865989202e-01 4.242290036e-02 8.213736323e+00 -3.609990000e-01 1.755660000e-02 9.324010000e-01 -1.246850000e+00
8.645047803e-01 -1.919211410e-01 4.645397449e-01 4.729390375e+01 1.837525124e-01 9.809316140e-01 6.330268678e-02 8.223085286e+00 -4.678320000e-01 3.063490000e-02 8.832870000e-01 -1.131850000e+00
8.342541433e-01 -1.782313886e-01 5.217795261e-01 4.740781906e+01 1.623218784e-01 9.837676175e-01 7.650832466e-02 8.235298147e+00 -5.269450000e-01 2.086880000e-02 8.496430000e-01 -1.038640000e+00
7.980282982e-01 -1.800790429e-01 5.750837675e-01 4.750820141e+01 1.630027616e-01 9.832381615e-01 8.169164931e-02 8.253888895e+00 -5.801550000e-01 2.854800000e-02 8.140050000e-01 -8.770410000e-01
7.331009337e-01 -1.846435510e-01 6.545756784e-01 4.761164608e+01 1.539939426e-01 9.825111587e-01 1.046802040e-01 8.259471249e+00 -6.624560000e-01 2.405960000e-02 7.487140000e-01 -8.103390000e-01
7.106678918e-01 -1.815887430e-01 6.796893807e-01 4.773493586e+01 1.517180193e-01 9.829395956e-01 1.039738828e-01 8.271108457e+00 -6.869740000e-01 2.923020000e-02 7.260940000e-01 -6.737020000e-01
7.234593025e-01 -1.755342767e-01 6.676783493e-01 4.792163543e+01 1.450074969e-01 9.841977012e-01 1.016257928e-01 8.316278953e+00 -6.749660000e-01 2.329620000e-02 7.374810000e-01 -4.931320000e-01
7.886942627e-01 -1.819048802e-01 5.872589662e-01 4.800262135e+01 1.609222433e-01 9.830027071e-01 8.836784031e-02 8.317848759e+00 -5.933520000e-01 2.480780000e-02 8.045610000e-01 -3.779660000e-01
7.776937018e-01 -1.823201396e-01 6.016240459e-01 4.807365620e+01 1.617101322e-01 9.828345562e-01 8.880854368e-02 8.327598799e+00 -6.074880000e-01 2.822280000e-02 7.938270000e-01 -2.264820000e-01
8.312064420e-01 -1.719745909e-01 5.286969911e-01 4.816765435e+01 1.589652650e-01 9.847706735e-01 7.040437715e-02 8.338524165e+00 -5.327530000e-01 2.552390000e-02 8.458860000e-01 -1.141920000e-01
8.328864374e-01 -1.841226215e-01 5.219185506e-01 4.824069008e+01 1.716892217e-01 9.824711153e-01 7.261219944e-02 8.336337017e+00 -5.261400000e-01 2.913010000e-02 8.498990000e-01 2.694540000e-02
8.196889321e-01 -1.795278890e-01 5.439486839e-01 4.833653172e+01 1.676059061e-01 9.832256484e-01 7.194027321e-02 8.348504352e+00 -5.477400000e-01 3.220040000e-02 8.360290000e-01 1.723300000e-01
7.566500294e-01 -1.714095214e-01 6.309507207e-01 4.842041731e+01 1.462431152e-01 9.849429614e-01 9.219979857e-02 8.360223612e+00 -6.372540000e-01 2.250920000e-02 7.703250000e-01 2.621300000e-01
7.287262670e-01 -1.787180699e-01 6.610732128e-01 4.855570916e+01 1.471273964e-01 9.836620327e-01 1.037442992e-01 8.380507064e+00 -6.688140000e-01 2.166080000e-02 7.431150000e-01 3.746810000e-01
6.522457326e-01 -1.701085548e-01 7.386739377e-01 4.866780458e+01 1.315359073e-01 9.851098217e-01 1.107144441e-01 8.406935302e+00 -7.465080000e-01 2.494910000e-02 6.649080000e-01 4.851760000e-01
5.391590087e-01 -1.695232072e-01 8.249662604e-01 4.878905772e+01 1.174956146e-01 9.850940917e-01 1.256382532e-01 8.432181320e+00 -8.339680000e-01 2.919100000e-02 5.510400000e-01 5.597140000e-01
4.412624905e-01 -1.764484633e-01 8.798595341e-01 4.891763044e+01 1.088393031e-01 9.837636435e-01 1.427008659e-01 8.442893233e+00 -8.907530000e-01 3.279470000e-02 4.533020000e-01 6.114890000e-01
4.110468167e-01 -1.794119313e-01 8.937855113e-01 4.911273516e+01 1.056123798e-01 9.832128497e-01 1.487923726e-01 8.477259659e+00 -9.054760000e-01 3.323410000e-02 4.230940000e-01 6.536980000e-01
2.924730037e-01 -1.683920781e-01 9.413304324e-01 4.924311777e+01 7.275622681e-02 9.854388084e-01 1.536769595e-01 8.494420696e+00 -9.535020000e-01 2.354130000e-02 3.004660000e-01 6.989050000e-01
2.102542066e-01 -1.726917166e-01 9.622737289e-01 4.938161541e+01 7.604805397e-02 9.841818227e-01 1.600070993e-01 8.521281112e+00 -9.746840000e-01 3.953690000e-02 2.200620000e-01 7.241860000e-01
1.691326885e-01 -1.766799124e-01 9.696281524e-01 4.955754845e+01 7.982438909e-02 9.830246884e-01 1.651972406e-01 8.538466650e+00 -9.823550000e-01 4.945970000e-02 1.803650000e-01 7.417040000e-01
7.372783971e-02 -1.728925706e-01 9.821772104e-01 4.965962956e+01 4.136235272e-02 9.845401092e-01 1.702036419e-01 8.562157430e+00 -9.964200000e-01 2.807640000e-02 7.973930000e-02 7.360300000e-01
1.877430531e-02 -1.842842589e-01 9.826937677e-01 4.980615788e+01 4.460458804e-02 9.820430890e-01 1.833099773e-01 8.578716050e+00 -9.988280000e-01 4.039110000e-02 2.665710000e-02 7.143120000e-01
5.427314239e-02 -1.872550131e-01 9.808105974e-01 4.999399916e+01 5.660589923e-02 9.812559138e-01 1.842076402e-01 8.613019030e+00 -9.969200000e-01 4.552220000e-02 6.385560000e-02 6.980650000e-01
6.164236339e-02 -1.815051360e-01 9.814559152e-01 5.017052933e+01 4.004115187e-02 9.829838094e-01 1.792729408e-01 8.651571562e+00 -9.972950000e-01 2.824780000e-02 6.786120000e-02 7.021920000e-01
8.064260924e-02 -1.824299577e-01 9.799063203e-01 5.037466017e+01 5.705816509e-02 9.823411757e-01 1.781875166e-01 8.679999847e+00 -9.951090000e-01 4.154220000e-02 8.962760000e-02 6.940600000e-01
-2.193852450e-02 -1.824185377e-01 9.829765305e-01 5.053916110e+01 3.679623995e-02 9.823993636e-01 1.831328298e-01 8.709387136e+00 -9.990820000e-01 4.018750000e-02 -1.484000000e-02 6.536240000e-01
-1.068339402e-01 -1.847607557e-01 9.769596287e-01 5.067729325e+01 3.757663000e-02 9.811309011e-01 1.896586755e-01 8.744498298e+00 -9.935670000e-01 5.697280000e-02 -9.787510000e-02 6.103070000e-01
-7.670305798e-02 -1.991391415e-01 9.769649444e-01 5.087514267e+01 1.439507104e-02 9.795282156e-01 2.007918585e-01 8.773770463e+00 -9.969500000e-01 2.946480000e-02 -7.226610000e-02 5.668280000e-01
-5.259650801e-02 -1.859156992e-01 9.811567954e-01 5.113017420e+01 3.382356551e-02 9.816211509e-01 1.878169549e-01 8.832781141e+00 -9.980430000e-01 4.306470000e-02 -4.534150000e-02 5.329670000e-01
-2.029815384e-02 -1.879649860e-01 9.819659851e-01 5.142917418e+01 2.391689772e-02 9.817963226e-01 1.884267787e-01 8.878793795e+00 -9.995080000e-01 2.731030000e-02 -1.543310000e-02 4.758830000e-01
3.805358390e-03 -1.816610312e-01 9.833543092e-01 5.169087145e+01 2.214986575e-02 9.831353670e-01 1.815349051e-01 8.936389017e+00 -9.997470000e-01 2.109040000e-02 7.764950000e-03 4.553320000e-01
2.944411430e-02 -1.784756578e-01 9.835041780e-01 5.203447382e+01 4.294433123e-02 9.832480432e-01 1.771435524e-01 8.995482772e+00 -9.986430000e-01 3.702000000e-02 3.661540000e-02 4.271860000e-01
3.948549053e-02 -1.843368483e-01 9.820700006e-01 5.232120462e+01 4.103176658e-02 9.823063064e-01 1.827315771e-01 9.035437356e+00 -9.983770000e-01 3.308080000e-02 4.635050000e-02 4.361440000e-01
-8.181366672e-02 -1.799724700e-01 9.802631474e-01 5.248295323e+01 1.051616173e-02 9.833502859e-01 1.814167407e-01 9.080624508e+00 -9.965920000e-01 2.515100000e-02 -7.855890000e-02 3.865440000e-01
-2.001692630e-01 -1.869533176e-01 9.617595288e-01 5.258242833e+01 4.961881457e-03 9.814200330e-01 1.918078639e-01 9.086420005e+00 -9.797490000e-01 4.316610000e-02 -1.955220000e-01 3.318050000e-01
-2.372582563e-01 -1.848304573e-01 9.537014843e-01 5.284967998e+01 -5.488395186e-03 9.819724716e-01 1.889442231e-01 9.147572825e+00 -9.714310000e-01 3.959430000e-02 -2.339960000e-01 1.752170000e-01
-2.142984908e-01 -1.814428618e-01 9.597678554e-01 5.308323903e+01 1.347962465e-02 9.819523004e-01 1.886465024e-01 9.184984604e+00 -9.766750000e-01 5.336400000e-02 -2.079850000e-01 1.355590000e-01
-1.611923813e-01 -1.777298600e-01 9.707880848e-01 5.327082185e+01 -4.664142206e-03 9.837773380e-01 1.793335367e-01 9.226785905e+00 -9.869120000e-01 2.437930000e-02 -1.594060000e-01 4.508420000e-02
-1.194989670e-01 -1.773253364e-01 9.768701525e-01 5.357761592e+01 2.807369350e-02 9.829237967e-01 1.818583510e-01 9.273392009e+00 -9.924370000e-01 4.915630000e-02 -1.124800000e-01 -1.303470000e-02
-6.990759839e-02 -1.787043709e-01 9.814158109e-01 5.392151099e+01 3.885420298e-02 9.825892724e-01 1.816853312e-01 9.325456943e+00 -9.967970000e-01 5.083330000e-02 -6.174700000e-02 -7.321150000e-02
-3.662038638e-02 -1.840590296e-01 9.822324363e-01 5.427814641e+01 1.838553987e-02 9.826013679e-01 1.848135967e-01 9.390919427e+00 -9.991600000e-01 2.482680000e-02 -3.259920000e-02 -1.464500000e-01
-1.419124758e-02 -1.849330832e-01 9.826486076e-01 5.454120493e+01 4.839536254e-02 9.814690034e-01 1.854099427e-01 9.438233897e+00 -9.987270000e-01 5.018680000e-02 -4.978360000e-03 -1.639230000e-01
2.986765754e-02 -1.813732304e-01 9.829607497e-01 5.486756619e+01 5.421982563e-02 9.822460325e-01 1.795936421e-01 9.485037352e+00 -9.980820000e-01 4.793190000e-02 3.917140000e-02 -1.836220000e-01
5.821747375e-02 -1.772774247e-01 9.824378833e-01 5.510555018e+01 5.300100641e-02 9.832679729e-01 1.742864311e-01 9.526846049e+00 -9.968960000e-01 4.192370000e-02 6.663920000e-02 -1.886580000e-01
8.312615006e-02 -1.823548815e-01 9.797126257e-01 5.534423324e+01 6.316615077e-02 9.821023682e-01 1.774401946e-01 9.578652810e+00 -9.945350000e-01 4.713480000e-02 9.315700000e-02 -1.957140000e-01
-1.568905408e-02 -1.804648336e-01 9.834562169e-01 5.558452149e+01 3.673162545e-02 9.828095651e-01 1.809320484e-01 9.621304385e+00 -9.992020000e-01 3.896260000e-02 -8.790590000e-03 -2.149310000e-01
-1.602045269e-01 -1.844674845e-01 9.696937873e-01 5.572190064e+01 1.753486176e-02 9.816958276e-01 1.896476140e-01 9.646086590e+00 -9.869280000e-01 4.738580000e-02 -1.540380000e-01 -2.649070000e-01
-1.591326578e-01 -1.916841637e-01 9.684702662e-01 5.601025990e+01 1.914554811e-02 9.801865604e-01 1.971490687e-01 9.689505002e+00 -9.870720000e-01 4.991470000e-02 -1.523100000e-01 -3.970070000e-01
-1.299026694e-01 -1.830303587e-01 9.744869846e-01 5.631997348e+01 2.666787117e-02 9.818143801e-01 1.879614747e-01 9.743990737e+00 -9.911680000e-01 5.040420000e-02 -1.226600000e-01 -4.594740000e-01
-7.307568024e-02 -1.885492741e-01 9.793409530e-01 5.666349394e+01 4.484649339e-02 9.803516500e-01 1.920902344e-01 9.817153141e+00 -9.963180000e-01 5.795720000e-02 -6.318410000e-02 -5.216800000e-01
-2.793880904e-02 -1.850169169e-01 9.823381930e-01 5.704797807e+01 4.989764654e-02 9.812389055e-01 1.862288914e-01 9.884950452e+00 -9.983630000e-01 5.421940000e-02 -1.818280000e-02 -5.948840000e-01
6.722028809e-03 -1.848610712e-01 9.827412741e-01 5.736186312e+01 3.688379479e-02 9.821408383e-01 1.844956817e-01 9.945615167e+00 -9.992970000e-01 3.500710000e-02 1.342040000e-02 -6.176160000e-01
3.425366927e-02 -1.923219149e-01 9.807336667e-01 5.758709656e+01 4.629740761e-02 9.805614903e-01 1.906711110e-01 9.980489276e+00 -9.983400000e-01 3.887430000e-02 4.249180000e-02 -6.377180000e-01
6.676050689e-02 -1.827726277e-01 9.808854549e-01 5.786345981e+01 6.824773052e-02 9.816136730e-01 1.782629466e-01 1.002516094e+01 -9.954320000e-01 5.504230000e-02 7.800690000e-02 -6.307920000e-01
1.255050674e-02 -1.732173543e-01 9.848032830e-01 5.806273791e+01 4.363369949e-02 9.840383748e-01 1.725264821e-01 1.008273631e+01 -9.989690000e-01 4.080530000e-02 1.990830000e-02 -6.546890000e-01
3.809075040e-02 -1.846603014e-01 9.820636075e-01 5.845551821e+01 5.936797151e-02 9.814593191e-01 1.822439177e-01 1.014191599e+01 -9.975090000e-01 5.136140000e-02 4.834740000e-02 -6.730290000e-01
-5.040413847e-02 -1.832611001e-01 9.817708305e-01 5.866081737e+01 3.900744132e-02 9.819098391e-01 1.852894363e-01 1.017988385e+01 -9.979670000e-01 4.763570000e-02 -4.234380000e-02 -6.847320000e-01
-1.631069300e-01 -1.819029995e-01 9.696941499e-01 5.876383459e+01 2.670624157e-02 9.816828202e-01 1.886437624e-01 1.019415256e+01 -9.862470000e-01 5.666600000e-02 -1.552610000e-01 -7.630780000e-01
-2.836299761e-01 -1.818321302e-01 9.415362452e-01 5.890134315e+01 3.329156459e-03 9.816646184e-01 1.905848024e-01 1.022938714e+01 -9.589280000e-01 5.719010000e-02 -2.778240000e-01 -8.434140000e-01
-4.083423272e-01 -1.654983855e-01 8.977009024e-01 5.902820916e+01 -1.077656980e-02 9.842332761e-01 1.765492023e-01 1.026133028e+01 -9.127650000e-01 6.241840000e-02 -4.036870000e-01 -9.256390000e-01
-4.360579675e-01 -1.791631878e-01 8.819037925e-01 5.919658355e+01 -2.016130512e-02 9.816806092e-01 1.894645995e-01 1.029757131e+01 -8.996930000e-01 6.483720000e-02 -4.316820000e-01 -1.070810000e+00
-3.345991990e-01 -1.849153889e-01 9.240403285e-01 5.926690741e+01 -1.275310612e-02 9.813573829e-01 1.917677740e-01 1.030095782e+01 -9.422740000e-01 5.238100000e-02 -3.307200000e-01 -1.106940000e+00
-2.017566790e-01 -1.757730055e-01 9.635338720e-01 5.932306053e+01 3.567149350e-03 9.836263915e-01 1.801852092e-01 1.030384387e+01 -9.794290000e-01 3.979060000e-02 -1.978260000e-01 -1.121020000e+00
-1.627230980e-01 -1.707933245e-01 9.717774316e-01 5.962654030e+01 1.459824371e-02 9.843801238e-01 1.754526832e-01 1.038156329e+01 -9.865640000e-01 4.273650000e-02 -1.576880000e-01 -1.193560000e+00
-5.913086418e-02 -1.822546704e-01 9.814717742e-01 5.981450465e+01 3.216428596e-02 9.823337855e-01 1.843525892e-01 1.040434884e+01 -9.977320000e-01 4.246930000e-02 -5.222410000e-02 -1.206740000e+00
5.011240601e-02 -1.836308336e-01 9.817169415e-01 5.999538872e+01 4.497359050e-02 9.823703632e-01 1.814571619e-01 1.043288466e+01 -9.977300000e-01 3.505810000e-02 5.748750000e-02 -1.190690000e+00
9.122933247e-02 -1.735618757e-01 9.805881080e-01 6.035324879e+01 6.944992704e-02 9.834055549e-01 1.675993196e-01 1.049825871e+01 -9.934050000e-01 5.281190000e-02 1.017690000e-01 -1.170660000e+00
5.638333405e-02 -1.751015880e-01 9.829347431e-01 6.057757733e+01 5.866769364e-02 9.833804880e-01 1.718157789e-01 1.053807464e+01 -9.966840000e-01 4.797890000e-02 6.571910000e-02 -1.185100000e+00
8.632142353e-02 -1.761830660e-01 9.805651202e-01 6.078392275e+01 6.237693440e-02 9.832640376e-01 1.711767289e-01 1.056868653e+01 -9.943130000e-01 4.638840000e-02 9.586650000e-02 -1.193640000e+00
4.947988909e-02 -1.756487066e-01 9.832083994e-01 6.105526140e+01 4.660134100e-02 9.837481077e-01 1.733998989e-01 1.061814838e+01 -9.976870000e-01 3.723900000e-02 5.686120000e-02 -1.211770000e+00
-7.258653828e-02 -1.907896560e-01 9.789440380e-01 6.117947102e+01 2.351330229e-02 9.809329593e-01 1.929208183e-01 1.063539097e+01 -9.970850000e-01 3.702160000e-02 -6.671640000e-02 -1.251740000e+00
-1.823547801e-01 -1.795781358e-01 9.666944120e-01 6.131841710e+01 2.206942157e-02 9.821841954e-01 1.866187718e-01 1.066477972e+01 -9.829850000e-01 5.536520000e-02 -1.751430000e-01 -1.296540000e+00
-1.575853421e-01 -1.795339118e-01 9.710482004e-01 6.156658101e+01 3.052987278e-02 9.819783721e-01 1.865093675e-01 1.070958175e+01 -9.870330000e-01 5.903710000e-02 -1.492650000e-01 -1.370680000e+00
-7.342416770e-02 -1.718812972e-01 9.823776637e-01 6.180063344e+01 3.311361055e-02 9.840728576e-01 1.746530038e-01 1.075133628e+01 -9.967510000e-01 4.535380000e-02 -6.656310000e-02 -1.439180000e+00
6.416619032e-02 -1.766230989e-01 9.821845981e-01 6.191612660e+01 5.931459513e-02 9.831479167e-01 1.729212614e-01 1.078370214e+01 -9.961750000e-01 4.716220000e-02 7.356120000e-02 -1.447790000e+00
1.768964075e-01 -1.723185317e-01 9.690275406e-01 6.202775477e+01 7.247895768e-02 9.841621777e-01 1.617788021e-01 1.079069088e+01 -9.815570000e-01 4.161600000e-02 1.865850000e-01 -1.374770000e+00
2.119665009e-01 -1.777994258e-01 9.609671494e-01 6.214874113e+01 6.469121042e-02 9.837068395e-01 1.677374387e-01 1.081213141e+01 -9.751330000e-01 2.661140000e-02 2.200150000e-01 -1.255140000e+00
7.545009880e-02 -1.785197433e-01 9.810390769e-01 6.222367806e+01 5.053244907e-02 9.832639942e-01 1.750382473e-01 1.082001230e+01 -9.958680000e-01 3.636770000e-02 8.320840000e-02 -1.221500000e+00
-6.246625653e-02 -1.746020248e-01 9.826560800e-01 6.236642720e+01 1.790714476e-02 9.842242423e-01 1.760190209e-01 1.085674982e+01 -9.978860000e-01 2.859180000e-02 -5.835420000e-02 -1.242850000e+00
-1.931340732e-01 -1.780456959e-01 9.648824662e-01 6.248669424e+01 3.455745548e-03 9.832687958e-01 1.821298911e-01 1.086975501e+01 -9.811660000e-01 3.850990000e-02 -1.892880000e-01 -1.293700000e+00
-2.796994541e-01 -1.674611304e-01 9.453698673e-01 6.269136622e+01 4.079313219e-04 9.846500417e-01 1.745396614e-01 1.091355264e+01 -9.600880000e-01 4.920440000e-02 -2.753380000e-01 -1.357230000e+00
-2.939591608e-01 -1.802563894e-01 9.386672430e-01 6.296812387e+01 -7.633600731e-03 9.824675091e-01 1.862771767e-01 1.095332098e+01 -9.557870000e-01 4.759240000e-02 -2.901820000e-01 -1.458260000e+00
-2.975789995e-01 -1.760738889e-01 9.383199572e-01 6.323906261e+01 -3.772056616e-03 9.830553319e-01 1.832720289e-01 1.100559453e+01 -9.546900000e-01 5.099850000e-02 -2.932010000e-01 -1.541820000e+00
-3.050845179e-01 -1.774762083e-01 9.356419222e-01 6.349254075e+01 4.371837753e-04 9.824548789e-01 1.864985672e-01 1.105209178e+01 -9.523250000e-01 5.730680000e-02 -2.996540000e-01 -1.649750000e+00
-3.105048577e-01 -1.767707540e-01 9.339911074e-01 6.377014988e+01 -8.565091608e-03 9.830370193e-01 1.832060979e-01 1.110362727e+01 -9.505330000e-01 4.888660000e-02 -3.067520000e-01 -1.754130000e+00
-2.944010827e-01 -1.762588972e-01 9.392873753e-01 6.410100147e+01 -2.090800534e-03 9.829613432e-01 1.837991094e-01 1.116928087e+01 -9.556800000e-01 5.214680000e-02 -2.897530000e-01 -1.876420000e+00
-2.223435776e-01 -1.734563460e-01 9.594149534e-01 6.436547489e+01 1.430284549e-02 9.833609710e-01 1.811004164e-01 1.120380716e+01 -9.748630000e-01 5.398890000e-02 -2.161630000e-01 -1.948320000e+00
-8.183193383e-02 -1.830795011e-01 9.796866718e-01 6.454687977e+01 3.328183351e-02 9.819326384e-01 1.862793156e-01 1.122371030e+01 -9.960900000e-01 4.784940000e-02 -7.426020000e-02 -1.938460000e+00
-9.749677262e-02 -1.699324380e-01 9.806206548e-01 6.486969254e+01 2.665654739e-02 9.845157020e-01 1.732575834e-01 1.130256342e+01 -9.948790000e-01 4.303200000e-02 -9.145730000e-02 -1.959550000e+00
-1.018312525e-01 -1.753363868e-01 9.792276664e-01 6.519727910e+01 3.448296538e-02 9.831309379e-01 1.796212368e-01 1.135495510e+01 -9.942040000e-01 5.205770000e-02 -9.406740000e-02 -1.993820000e+00
-1.276383929e-01 -1.765310701e-01 9.759845423e-01 6.554062888e+01 2.762859187e-02 9.830185871e-01 1.814165400e-01 1.140801315e+01 -9.914360000e-01 5.012080000e-02 -1.205930000e-01 -2.045500000e+00
-1.470858097e-01 -1.851865000e-01 9.716331020e-01 6.595113761e+01 2.513340949e-02 9.813006406e-01 1.908336195e-01 1.148315837e+01 -9.888040000e-01 5.248940000e-02 -1.396810000e-01 -2.127560000e+00
-1.638101410e-01 -1.845109050e-01 9.690831440e-01 6.625345960e+01 3.104666708e-02 9.809018014e-01 1.920092574e-01 1.154771358e+01 -9.860030000e-01 6.153990000e-02 -1.549530000e-01 -2.175510000e+00
-1.733113373e-01 -1.828214224e-01 9.677494735e-01 6.657710191e+01 2.412648589e-02 9.815370383e-01 1.897466087e-01 1.160937218e+01 -9.845720000e-01 5.623370000e-02 -1.657010000e-01 -2.241800000e+00
-1.992057218e-01 -1.807594766e-01 9.631421698e-01 6.684060088e+01 1.858995839e-02 9.819666756e-01 1.881373890e-01 1.165074952e+01 -9.797810000e-01 5.538280000e-02 -1.922540000e-01 -2.298030000e+00
-2.102394803e-01 -1.779689012e-01 9.613152528e-01 6.706686842e+01 1.432068136e-02 9.826251967e-01 1.850462274e-01 1.169539663e+01 -9.775450000e-01 5.267070000e-02 -2.040380000e-01 -2.350600000e+00
-2.122898591e-01 -1.722604352e-01 9.619041736e-01 6.748760224e+01 6.480330294e-03 9.840704445e-01 1.776603623e-01 1.178031914e+01 -9.771850000e-01 4.394900000e-02 -2.077920000e-01 -2.467420000e+00
-2.143085318e-01 -1.757858951e-01 9.608174670e-01 6.788509288e+01 2.424497999e-02 9.824124807e-01 1.851444093e-01 1.185041084e+01 -9.764650000e-01 6.297310000e-02 -2.062780000e-01 -2.577110000e+00
-1.550377875e-01 -1.722631520e-01 9.727733447e-01 6.819611659e+01 3.836154801e-02 9.828872724e-01 1.801681102e-01 1.190349712e+01 -9.871640000e-01 6.524990000e-02 -1.457760000e-01 -2.647800000e+00
-3.533421195e-03 -1.648051947e-01 9.863201856e-01 6.836841395e+01 5.437989338e-02 9.848348834e-01 1.647519190e-01 1.195121493e+01 -9.985140000e-01 5.421810000e-02 5.482250000e-03 -2.637930000e+00
1.039243935e-01 -1.764658558e-01 9.788049930e-01 6.849803553e+01 7.575199845e-02 9.826793905e-01 1.691214948e-01 1.195881352e+01 -9.916960000e-01 5.657060000e-02 1.154920000e-01 -2.583830000e+00
1.093809143e-01 -1.811585944e-01 9.773524607e-01 6.879527217e+01 6.980702982e-02 9.822240376e-01 1.742491476e-01 1.201438309e+01 -9.915460000e-01 4.916650000e-02 1.200830000e-01 -2.550850000e+00
-1.673485125e-02 -1.733550279e-01 9.847175922e-01 6.894134425e+01 5.207403628e-02 9.833673014e-01 1.740024221e-01 1.203414942e+01 -9.985030000e-01 5.419010000e-02 -7.429210000e-03 -2.582530000e+00
-1.334917217e-01 -1.763056539e-01 9.752411660e-01 6.908431880e+01 2.765702921e-02 9.830031759e-01 1.814944364e-01 1.207640365e+01 -9.906640000e-01 5.120040000e-02 -1.263470000e-01 -2.660870000e+00
-1.209403026e-01 -1.663790427e-01 9.786170259e-01 6.931479093e+01 2.712901643e-02 9.849312194e-01 1.708052029e-01 1.213054746e+01 -9.922890000e-01 4.720620000e-02 -1.146040000e-01 -2.721260000e+00
-1.057756816e-01 -1.651069748e-01 9.805873153e-01 6.954656370e+01 2.554173101e-02 9.853424453e-01 1.686630069e-01 1.216773548e+01 -9.940620000e-01 4.288640000e-02 -1.000090000e-01 -2.765540000e+00
-3.053090550e-02 -1.768691547e-01 9.837605770e-01 6.980437076e+01 4.790972803e-02 9.828290909e-01 1.781885705e-01 1.218876858e+01 -9.983850000e-01 5.257200000e-02 -2.153290000e-02 -2.800900000e+00
1.204236623e-01 -1.785391523e-01 9.765355078e-01 6.995235549e+01 5.869531178e-02 9.832541631e-01 1.725292696e-01 1.223272529e+01 -9.909860000e-01 3.654150000e-02 1.288860000e-01 -2.773940000e+00
2.513961107e-01 -1.777051815e-01 9.514305504e-01 7.008393754e+01 9.089748232e-02 9.829909776e-01 1.595819633e-01 1.223861289e+01 -9.636060000e-01 4.636430000e-02 2.632730000e-01 -2.716930000e+00
2.922332657e-01 -1.808700685e-01 9.390873291e-01 7.029882845e+01 7.956188132e-02 9.831468622e-01 1.645972060e-01 1.227518755e+01 -9.530320000e-01 2.661480000e-02 3.016980000e-01 -2.663440000e+00
3.481090405e-01 -1.726597825e-01 9.214164863e-01 7.055667001e+01 8.778525966e-02 9.845772599e-01 1.513300596e-01 1.232722444e+01 -9.333350000e-01 2.820740000e-02 3.578970000e-01 -2.604290000e+00
4.893786737e-01 -1.723118974e-01 8.548788792e-01 7.068662392e+01 1.100270972e-01 9.846509825e-01 1.354839629e-01 1.233248654e+01 -8.651030000e-01 2.775690000e-02 5.008260000e-01 -2.545870000e+00
6.157586258e-01 -1.770129002e-01 7.677940416e-01 7.080339604e+01 1.313834973e-01 9.838631530e-01 1.214593241e-01 1.234023723e+01 -7.769040000e-01 2.608580000e-02 6.290790000e-01 -2.438660000e+00
7.273206292e-01 -1.848352036e-01 6.609395453e-01 7.090220649e+01 1.546380982e-01 9.824212753e-01 1.045704486e-01 1.235070569e+01 -6.686490000e-01 2.615020000e-02 7.431180000e-01 -2.327870000e+00
8.183640638e-01 -1.764103625e-01 5.469541918e-01 7.097690368e+01 1.612548589e-01 9.839751158e-01 7.609063416e-02 1.237589529e+01 -5.516130000e-01 2.592920000e-02 8.336970000e-01 -2.188550000e+00
8.938935573e-01 -1.674466822e-01 4.158318498e-01 7.104498783e+01 1.579605418e-01 9.857762986e-01 5.739113081e-02 1.237301396e+01 -4.195280000e-01 1.438350000e-02 9.076290000e-01 -2.044450000e+00
9.166244711e-01 -1.548738526e-01 3.685303939e-01 7.111312878e+01 1.550673032e-01 9.874696351e-01 2.929167786e-02 1.240524046e+01 -3.684490000e-01 3.029760000e-02 9.291540000e-01 -1.845070000e+00
9.177218427e-01 -1.772287924e-01 3.554943947e-01 7.122619321e+01 1.738403922e-01 9.838890094e-01 4.173413286e-02 1.237656609e+01 -3.571630000e-01 2.349890000e-02 9.337460000e-01 -1.598300000e+00
9.217940557e-01 -1.717177454e-01 3.475760542e-01 7.132359908e+01 1.691844341e-01 9.848566987e-01 3.787407607e-02 1.239122856e+01 -3.488160000e-01 2.389230000e-02 9.368870000e-01 -1.344660000e+00
9.646957348e-01 -1.637471328e-01 2.062735911e-01 7.135991509e+01 1.668750928e-01 9.859752390e-01 2.263808406e-03 1.239652523e+01 -2.037520000e-01 3.223810000e-02 9.784920000e-01 -1.195470000e+00
9.827997445e-01 -1.701835971e-01 7.171067085e-02 7.136009415e+01 1.715647677e-01 9.850799570e-01 -1.351561903e-02 1.239100545e+01 -6.834060000e-02 2.558620000e-02 9.973340000e-01 -1.049320000e+00
9.864492846e-01 -1.626827766e-01 2.128384359e-02 7.135081258e+01 1.629849921e-01 9.865387329e-01 -1.331849046e-02 1.235613095e+01 -1.883070000e-02 1.660690000e-02 9.996850000e-01 -8.347540000e-01
9.863650201e-01 -1.638240641e-01 1.566361464e-02 7.135779209e+01 1.641100366e-01 9.862562054e-01 -1.915567562e-02 1.236600214e+01 -1.231020000e-02 2.146510000e-02 9.996940000e-01 -5.858670000e-01
9.864486091e-01 -1.628045536e-01 2.033025997e-02 7.137298872e+01 1.633377116e-01 9.861699096e-01 -2.810167504e-02 1.236284057e+01 -1.547410000e-02 3.104160000e-02 9.993980000e-01 -2.963830000e-01
9.812607669e-01 -1.599792797e-01 1.073984647e-01 7.138323353e+01 1.619539894e-01 9.867485206e-01 -9.866119575e-03 1.236324726e+01 -1.043970000e-01 2.707490000e-02 9.941670000e-01 -1.636620000e-01
9.604663535e-01 -1.757311678e-01 2.159227933e-01 7.143807559e+01 1.769608229e-01 9.841212136e-01 1.378194675e-02 1.234978580e+01 -2.149170000e-01 2.497280000e-02 9.763130000e-01 -3.406210000e-02
9.451109069e-01 -1.577591666e-01 2.861438150e-01 7.152599844e+01 1.568455863e-01 9.872733793e-01 2.626400918e-02 1.236791747e+01 -2.866460000e-01 2.005800000e-02 9.578270000e-01 1.647070000e-01
9.408030971e-01 -1.779947479e-01 2.884554245e-01 7.161095307e+01 1.766151652e-01 9.837911752e-01 3.102498201e-02 1.235862793e+01 -2.893020000e-01 2.175720000e-02 9.569910000e-01 4.291040000e-01
9.411809759e-01 -1.759870680e-01 2.884551119e-01 7.171883803e+01 1.753432026e-01 9.841009769e-01 2.828602620e-02 1.237986151e+01 -2.888470000e-01 2.395640000e-02 9.570750000e-01 7.570200000e-01
9.496673537e-01 -1.682290856e-01 2.642560441e-01 7.182092135e+01 1.681294456e-01 9.854922933e-01 2.316547237e-02 1.237939186e+01 -2.643200000e-01 2.242970000e-02 9.641740000e-01 1.067270000e+00
9.621588575e-01 -1.704913939e-01 2.125632025e-01 7.191488886e+01 1.726102047e-01 9.849523425e-01 8.691033101e-03 1.238414137e+01 -2.108470000e-01 2.832840000e-02 9.771090000e-01 1.374690000e+00
9.817899402e-01 -1.613224639e-01 1.003186372e-01 7.192697293e+01 1.636022293e-01 9.864140451e-01 -1.487417884e-02 1.238581973e+01 -9.655620000e-02 3.101560000e-02 9.948440000e-01 1.521090000e+00
9.822101430e-01 -1.709354959e-01 7.774922574e-02 7.193948347e+01 1.729049965e-01 9.847497872e-01 -1.929820960e-02 1.237952874e+01 -7.326470000e-02 3.239810000e-02 9.967860000e-01 1.832760000e+00
9.804184804e-01 -1.799253355e-01 8.004203071e-02 7.198166700e+01 1.818727581e-01 9.831630577e-01 -1.768305060e-02 1.238476102e+01 -7.551270000e-02 3.189430000e-02 9.966350000e-01 2.223010000e+00
9.834460865e-01 -1.633389244e-01 7.844395949e-02 7.203514805e+01 1.651812764e-01 9.861070348e-01 -1.755985807e-02 1.236808588e+01 -7.448590000e-02 3.022660000e-02 9.967640000e-01 2.546870000e+00
9.816531241e-01 -1.725350888e-01 8.116716938e-02 7.207259783e+01 1.746836823e-01 9.844192443e-01 -2.010696499e-02 1.237038231e+01 -7.643340000e-02 3.391670000e-02 9.964980000e-01 2.914010000e+00
9.809033946e-01 -1.711674464e-01 9.235676358e-02 7.212875140e+01 1.732510326e-01 9.847642690e-01 -1.497545214e-02 1.236474348e+01 -8.838630000e-02 3.069040000e-02 9.956130000e-01 3.271220000e+00
9.799439520e-01 -1.745331016e-01 9.616597760e-02 7.218366289e+01 1.762185968e-01 9.843077802e-01 -9.255657691e-03 1.235150401e+01 -9.304150000e-02 2.601630000e-02 9.953220000e-01 3.721230000e+00
9.800673931e-01 -1.706029253e-01 1.017997831e-01 7.225270318e+01 1.723894243e-01 9.849879923e-01 -8.951493419e-03 1.235113233e+01 -9.874440000e-02 2.632230000e-02 9.947650000e-01 4.155510000e+00
9.786975685e-01 -1.765682317e-01 1.047580858e-01 7.230014552e+01 1.788671766e-01 9.837890310e-01 -1.289793881e-02 1.234140608e+01 -1.007830000e-01 3.136100000e-02 9.944140000e-01 4.487200000e+00
9.812755426e-01 -1.659126042e-01 9.782962620e-02 7.235165141e+01 1.682698027e-01 9.856066318e-01 -1.630078813e-02 1.235566101e+01 -9.371700000e-02 3.245730000e-02 9.950700000e-01 4.845200000e+00
9.771027962e-01 -1.882526985e-01 9.914830709e-02 7.240834620e+01 1.901789198e-01 9.816958064e-01 -1.026273090e-02 1.231923159e+01 -9.540150000e-02 2.888360000e-02 9.950200000e-01 5.264940000e+00
9.799457249e-01 -1.669146185e-01 1.088401709e-01 7.247211620e+01 1.689342631e-01 9.855812788e-01 -9.541872489e-03 1.232892808e+01 -1.056780000e-01 2.773740000e-02 9.940130000e-01 5.627230000e+00
9.766548577e-01 -1.782773456e-01 1.198414952e-01 7.251988556e+01 1.812415883e-01 9.833358437e-01 -1.421961356e-02 1.231974328e+01 -1.153100000e-01 3.560790000e-02 9.926910000e-01 5.923340000e+00
9.753724166e-01 -1.776264678e-01 1.307574602e-01 7.257931521e+01 1.807491929e-01 9.834516521e-01 -1.231781408e-02 1.233154961e+01 -1.264060000e-01 3.564880000e-02 9.913380000e-01 6.196930000e+00
9.738102380e-01 -1.865644637e-01 1.299534465e-01 7.264095333e+01 1.889059889e-01 9.819783533e-01 -5.819986238e-03 1.231007530e+01 -1.265260000e-01 3.021650000e-02 9.915030000e-01 6.521380000e+00
9.719526068e-01 -1.861394673e-01 1.437383790e-01 7.272546210e+01 1.888287338e-01 9.819963794e-01 -5.177840021e-03 1.231173205e+01 -1.401870000e-01 3.217460000e-02 9.896020000e-01 7.004050000e+00
9.667423057e-01 -2.052055620e-01 1.526435595e-01 7.280353252e+01 2.085805498e-01 9.779855916e-01 -6.260429790e-03 1.230042298e+01 -1.479980000e-01 3.789070000e-02 9.882610000e-01 7.368740000e+00
9.744136486e-01 -1.697351146e-01 1.473378544e-01 7.287558655e+01 1.729675437e-01 9.848831497e-01 -9.315199956e-03 1.230939882e+01 -1.435290000e-01 3.456150000e-02 9.890420000e-01 7.649580000e+00
9.715497385e-01 -1.759722995e-01 1.585056224e-01 7.296260910e+01 1.783388791e-01 9.839687389e-01 -7.188357506e-04 1.229835298e+01 -1.558380000e-01 2.896610000e-02 9.873580000e-01 8.036970000e+00
9.725950697e-01 -1.767803003e-01 1.510245848e-01 7.304313586e+01 1.791277396e-01 9.838235119e-01 -1.972279921e-03 1.229604953e+01 -1.482330000e-01 2.897090000e-02 9.885280000e-01 8.433690000e+00
9.696376940e-01 -1.890949131e-01 1.550678348e-01 7.312932486e+01 1.920232871e-01 9.813820826e-01 -3.988816480e-03 1.230719746e+01 -1.514260000e-01 3.364440000e-02 9.878960000e-01 8.864340000e+00
9.670565612e-01 -2.051887833e-01 1.506614751e-01 7.318781164e+01 2.061083687e-01 9.784818997e-01 9.656258499e-03 1.229651694e+01 -1.494000000e-01 2.171440000e-02 9.885380000e-01 9.198840000e+00
9.661922633e-01 -1.996207204e-01 1.631685507e-01 7.327270259e+01 2.008510760e-01 9.795799165e-01 9.092040645e-03 1.228483459e+01 -1.616510000e-01 2.398790000e-02 9.865560000e-01 9.477430000e+00
9.636384273e-01 -2.051618858e-01 1.711981854e-01 7.333780510e+01 2.078558511e-01 9.781564444e-01 2.234718268e-03 1.230433643e+01 -1.679170000e-01 3.343110000e-02 9.852340000e-01 9.786170000e+00
9.684534327e-01 -1.785429170e-01 1.738375410e-01 7.340931311e+01 1.810051352e-01 9.834808922e-01 1.715913898e-03 1.230152796e+01 -1.712720000e-01 2.980370000e-02 9.847730000e-01 1.007600000e+01
9.638572906e-01 -2.012639593e-01 1.745626421e-01 7.347694858e+01 2.042434758e-01 9.789199450e-01 9.143329763e-04 1.230961272e+01 -1.710660000e-01 3.477190000e-02 9.846460000e-01 1.041330000e+01
9.649372766e-01 -2.000531753e-01 1.699279047e-01 7.355793958e+01 2.038157943e-01 9.789972134e-01 -4.812579808e-03 1.231256704e+01 -1.653960000e-01 3.927780000e-02 9.854450000e-01 1.077760000e+01
9.653217854e-01 -1.967222078e-01 1.716242729e-01 7.363748202e+01 1.992518631e-01 9.799447102e-01 2.534101618e-03 1.231718394e+01 -1.686810000e-01 3.175020000e-02 9.851590000e-01 1.104410000e+01
9.724929442e-01 -1.786129927e-01 1.495173712e-01 7.369788245e+01 1.815500957e-01 9.833628481e-01 -6.118131175e-03 1.232074481e+01 -1.459370000e-01 3.309470000e-02 9.887400000e-01 1.134340000e+01
9.813020085e-01 -1.923745639e-01 -6.210448642e-03 7.370976680e+01 1.920794764e-01 9.808428804e-01 -3.243462289e-02 1.231033459e+01 1.233110000e-02 3.063530000e-02 9.994550000e-01 1.152870000e+01
9.742604624e-01 -1.916763013e-01 -1.186418078e-01 7.366227606e+01 1.845688717e-01 9.804401949e-01 -6.834686811e-02 1.230335759e+01 1.294220000e-01 4.469010000e-02 9.905820000e-01 1.166250000e+01
9.712457169e-01 -1.913624118e-01 -1.416386841e-01 7.360877452e+01 1.819605553e-01 9.803090894e-01 -7.671428613e-02 1.228182916e+01 1.535300000e-01 4.873580000e-02 9.869410000e-01 1.196090000e+01
9.805931058e-01 -1.818494077e-01 -7.326300618e-02 7.361490944e+01 1.784435789e-01 9.826439437e-01 -5.067660650e-02 1.225645018e+01 8.120700000e-02 3.661980000e-02 9.960240000e-01 1.223450000e+01
9.831170184e-01 -1.827997747e-01 -8.059584888e-03 7.362362144e+01 1.824149598e-01 9.825956348e-01 -3.508906166e-02 1.224561905e+01 1.433360000e-02 3.302640000e-02 9.993520000e-01 1.253800000e+01
9.742727597e-01 -1.973881193e-01 1.087708237e-01 7.365192932e+01 1.994451350e-01 9.798742366e-01 -8.258954329e-03 1.224259514e+01 -1.049520000e-01 2.974030000e-02 9.940320000e-01 1.264790000e+01
9.557190496e-01 -1.816881772e-01 2.314984581e-01 7.369291398e+01 1.839060277e-01 9.828688891e-01 1.215242224e-02 1.225767673e+01 -2.297400000e-01 3.095970000e-02 9.727590000e-01 1.274880000e+01
9.398598893e-01 -1.865504085e-01 2.861157925e-01 7.378761157e+01 1.882175556e-01 9.818823762e-01 2.192321009e-02 1.225374253e+01 -2.850220000e-01 3.324720000e-02 9.579440000e-01 1.298450000e+01
9.374101756e-01 -1.958533179e-01 2.879308951e-01 7.388175380e+01 1.965781022e-01 9.801248594e-01 2.669525686e-02 1.225513318e+01 -2.874370000e-01 3.157660000e-02 9.572790000e-01 1.327280000e+01
9.330998828e-01 -1.940939452e-01 3.027415906e-01 7.399574610e+01 1.954514147e-01 9.803660112e-01 2.611920910e-02 1.228455839e+01 -3.018670000e-01 3.479940000e-02 9.527150000e-01 1.357630000e+01
9.614521355e-01 -1.971118274e-01 1.917207031e-01 7.404523679e+01 2.009994657e-01 9.795913240e-01 -8.474820181e-04 1.226185124e+01 -1.876400000e-01 3.935060000e-02 9.814490000e-01 1.378580000e+01
9.799664655e-01 -1.883643700e-01 6.469044669e-02 7.406375164e+01 1.901779625e-01 9.814789200e-01 -2.307079398e-02 1.226873705e+01 -5.914660000e-02 3.491130000e-02 9.976390000e-01 1.394840000e+01
9.805478506e-01 -1.903278105e-01 4.797263635e-02 7.407273788e+01 1.918710011e-01 9.809653173e-01 -2.988867508e-02 1.227160100e+01 -4.137080000e-02 3.851190000e-02 9.984010000e-01 1.422380000e+01
9.795805577e-01 -1.969668461e-01 4.031694361e-02 7.409955799e+01 1.979615785e-01 9.799553673e-01 -2.234404693e-02 1.222222573e+01 -3.510770000e-02 2.986900000e-02 9.989370000e-01 1.458130000e+01
9.829900341e-01 -1.793143651e-01 3.971612506e-02 7.414865672e+01 1.805594898e-01 9.830964285e-01 -3.033790541e-02 1.222925973e+01 -3.360470000e-02 3.699300000e-02 9.987500000e-01 1.504040000e+01
9.778372316e-01 -2.019060699e-01 5.539637590e-02 7.418282187e+01 2.034080596e-01 9.788255849e-01 -2.290702180e-02 1.221630164e+01 -4.959830000e-02 3.366740000e-02 9.982020000e-01 1.534520000e+01
9.751757216e-01 -2.006841128e-01 9.358045435e-02 7.422303336e+01 2.026410319e-01 9.791822104e-01 -1.180393415e-02 1.221125379e+01 -8.926340000e-02 3.047420000e-02 9.955420000e-01 1.564820000e+01
9.762979109e-01 -1.919896750e-01 9.991320133e-02 7.429287489e+01 1.942541857e-01 9.808602523e-01 -1.336089209e-02 1.220524880e+01 -9.543570000e-02 3.245280000e-02 9.949060000e-01 1.606590000e+01
9.735819739e-01 -2.017311783e-01 1.069681895e-01 7.434175746e+01 2.037763181e-01 9.789807588e-01 -8.431716648e-03 1.219178815e+01 -1.030190000e-01 3.000650000e-02 9.942270000e-01 1.643910000e+01
9.716261395e-01 -2.022483645e-01 1.226334110e-01 7.439484731e+01 2.055044234e-01 9.785506446e-01 -1.437652894e-02 1.219916762e+01 -1.170960000e-01 3.917030000e-02 9.923480000e-01 1.676250000e+01
9.709094835e-01 -2.003688946e-01 1.310978070e-01 7.445310692e+01 2.025822893e-01 9.792583570e-01 -3.632443916e-03 1.219860594e+01 -1.276510000e-01 3.008480000e-02 9.913630000e-01 1.709620000e+01
9.698135234e-01 -1.960766620e-01 1.449680215e-01 7.452239449e+01 1.997561999e-01 9.797819923e-01 -1.113161110e-02 1.219791591e+01 -1.398550000e-01 3.975390000e-02 9.893740000e-01 1.747760000e+01
9.712543835e-01 -1.839535462e-01 1.510830325e-01 7.459559323e+01 1.876517849e-01 9.821800233e-01 -1.047174072e-02 1.220097398e+01 -1.464640000e-01 3.852170000e-02 9.884660000e-01 1.781180000e+01
9.682523862e-01 -1.929904683e-01 1.588745988e-01 7.466379924e+01 1.957267148e-01 9.806573016e-01 -1.608644058e-03 1.220078665e+01 -1.554910000e-01 3.265360000e-02 9.872970000e-01 1.816220000e+01
9.645771204e-01 -2.020366677e-01 1.696229650e-01 7.470757387e+01 2.042814180e-01 9.789029656e-01 4.297858795e-03 1.220619474e+01 -1.669130000e-01 3.050520000e-02 9.855000000e-01 1.839600000e+01
9.641804599e-01 -1.966055239e-01 1.780503185e-01 7.478522897e+01 1.993935574e-01 9.799168637e-01 2.278347255e-03 1.221413902e+01 -1.749220000e-01 3.330530000e-02 9.840190000e-01 1.877810000e+01
9.632236489e-01 -1.831105505e-01 1.966476720e-01 7.485747656e+01 1.873372902e-01 9.822908354e-01 -2.948619260e-03 1.221820318e+01 -1.926250000e-01 3.967960000e-02 9.804700000e-01 1.905470000e+01
9.598385873e-01 -1.893198834e-01 2.070451225e-01 7.489022618e+01 1.945618045e-01 9.808773739e-01 -5.063761271e-03 1.221235662e+01 -2.021270000e-01 4.514340000e-02 9.783180000e-01 1.928900000e+01
9.585962785e-01 -2.028571762e-01 1.998535357e-01 7.494612758e+01 2.076776572e-01 9.781923435e-01 -3.232105088e-03 1.221062117e+01 -1.948390000e-01 4.460340000e-02 9.798210000e-01 1.947830000e+01
9.565467557e-01 -1.877100760e-01 2.231192980e-01 7.501789642e+01 1.917001454e-01 9.814457248e-01 3.841383461e-03 1.220881946e+01 -2.197010000e-01 3.909750000e-02 9.747830000e-01 1.976800000e+01
9.512571002e-01 -2.011160420e-01 2.338008951e-01 7.511047097e+01 2.045249644e-01 9.788116955e-01 9.833840594e-03 1.220205813e+01 -2.308250000e-01 3.846360000e-02 9.722350000e-01 2.008660000e+01
9.523623598e-01 -1.884846365e-01 2.397483126e-01 7.520575887e+01 1.929407749e-01 9.811981872e-01 4.968253662e-03 1.221527797e+01 -2.361770000e-01 4.152560000e-02 9.708220000e-01 2.041010000e+01
9.476550273e-01 -1.784303638e-01 2.647870056e-01 7.530737543e+01 1.847771595e-01 9.827797552e-01 9.545239048e-04 1.222164068e+01 -2.603970000e-01 4.802200000e-02 9.643070000e-01 2.072560000e+01
9.408029194e-01 -1.935860088e-01 2.782331773e-01 7.538218565e+01 1.993836120e-01 9.798918120e-01 7.593016395e-03 1.222118061e+01 -2.741080000e-01 4.833160000e-02 9.604840000e-01 2.101500000e+01
9.377338104e-01 -1.862927366e-01 2.931726215e-01 7.550668438e+01 1.935783853e-01 9.810756219e-01 4.236998144e-03 1.223710074e+01 -2.884140000e-01 5.277870000e-02 9.560500000e-01 2.133650000e+01
9.256804432e-01 -1.897155148e-01 3.272973692e-01 7.560467393e+01 1.924298263e-01 9.810079637e-01 2.439286922e-02 1.221641316e+01 -3.257090000e-01 4.040180000e-02 9.446060000e-01 2.164760000e+01
9.065312269e-01 -1.933098706e-01 3.752759187e-01 7.575109120e+01 1.971338708e-01 9.799593701e-01 2.858643262e-02 1.224795544e+01 -3.732810000e-01 4.806510000e-02 9.264720000e-01 2.189490000e+01
8.604082677e-01 -2.012489844e-01 4.681840478e-01 7.588574574e+01 1.971081348e-01 9.786392568e-01 5.843117399e-02 1.224360368e+01 -4.699420000e-01 4.200820000e-02 8.816970000e-01 2.215640000e+01
7.951543427e-01 -1.833297500e-01 5.780312638e-01 7.596693784e+01 1.756597793e-01 9.819727994e-01 6.980295017e-02 1.226786866e+01 -5.804080000e-01 4.603270000e-02 8.130240000e-01 2.224920000e+01
7.139421191e-01 -1.945329280e-01 6.726391073e-01 7.610389488e+01 1.736145689e-01 9.798157117e-01 9.909535596e-02 1.228922731e+01 -6.783390000e-01 4.603160000e-02 7.333050000e-01 2.234080000e+01
6.932762496e-01 -1.927829142e-01 6.944087662e-01 7.635211936e+01 1.682810258e-01 9.802242133e-01 1.041250230e-01 1.232437163e+01 -7.007500000e-01 4.466840000e-02 7.120070000e-01 2.249790000e+01
7.374349504e-01 -2.072569986e-01 6.428329696e-01 7.658036592e+01 1.893744867e-01 9.770261551e-01 9.776128310e-02 1.235368463e+01 -6.483260000e-01 4.964360000e-02 7.597420000e-01 2.272150000e+01
8.318583498e-01 -2.011708765e-01 5.172444143e-01 7.665900932e+01 1.917212552e-01 9.787796547e-01 7.233923342e-02 1.235894130e+01 -5.208210000e-01 3.899080000e-02 8.527750000e-01 2.282880000e+01
8.914744861e-01 -2.066930059e-01 4.031766991e-01 7.669700286e+01 2.061364356e-01 9.774730274e-01 4.531905533e-02 1.236238575e+01 -4.034620000e-01 4.270870000e-02 9.139990000e-01 2.296980000e+01
9.382203659e-01 -1.870529117e-01 2.911258520e-01 7.669724279e+01 1.921814812e-01 9.812957702e-01 1.114935581e-02 1.235927857e+01 -2.877660000e-01 4.548840000e-02 9.566200000e-01 2.306510000e+01
9.675797127e-01 -1.880167286e-01 1.686410534e-01 7.665620853e+01 1.914159373e-01 9.815010947e-01 -3.981508807e-03 1.235093715e+01 -1.647720000e-01 3.613290000e-02 9.856700000e-01 2.311890000e+01
9.805387806e-01 -1.942243339e-01 2.865148381e-02 7.663475963e+01 1.949883865e-01 9.804383714e-01 -2.682205788e-02 1.234479559e+01 -2.288160000e-02 3.188680000e-02 9.992300000e-01 2.313320000e+01
9.769565005e-01 -1.848170833e-01 -1.067674563e-01 7.664260354e+01 1.782402584e-01 9.816178210e-01 -6.824767359e-02 1.235285041e+01 1.174180000e-01 4.764470000e-02 9.919390000e-01 2.312300000e+01
9.517660253e-01 -1.824439434e-01 -2.466880960e-01 7.663139415e+01 1.646443469e-01 9.821341434e-01 -9.113255795e-02 1.234999347e+01 2.589080000e-01 4.612110000e-02 9.648000000e-01 2.313080000e+01
9.026231973e-01 -1.792834380e-01 -3.913171737e-01 7.661769267e+01 1.488305461e-01 9.830472940e-01 -1.070898399e-01 1.234903452e+01 4.038820000e-01 3.842180000e-02 9.140040000e-01 2.316290000e+01
8.370972206e-01 -1.774388411e-01 -5.174789370e-01 7.655606188e+01 1.323840210e-01 9.835258120e-01 -1.230918628e-01 1.232926893e+01 5.307950000e-01 3.453390000e-02 8.467960000e-01 2.324320000e+01
7.677555754e-01 -1.756172964e-01 -6.162060426e-01 7.648389023e+01 1.027902430e-01 9.830081577e-01 -1.520844719e-01 1.231756938e+01 6.324440000e-01 5.342370000e-02 7.727610000e-01 2.332700000e+01
6.754976062e-01 -1.759472585e-01 -7.160632223e-01 7.637603495e+01 8.227904729e-02 9.830349607e-01 -1.639284399e-01 1.229399668e+01 7.327580000e-01 5.181620000e-02 6.785140000e-01 2.342410000e+01
5.681856440e-01 -1.737127779e-01 -8.043569274e-01 7.630220682e+01 6.824429226e-02 9.840446737e-01 -1.643124883e-01 1.226766811e+01 8.200660000e-01 3.846720000e-02 5.709750000e-01 2.343950000e+01
4.746069835e-01 -1.646216626e-01 -8.646658943e-01 7.624542588e+01 2.883285344e-02 9.847347298e-01 -1.716551582e-01 1.225570318e+01 8.797250000e-01 5.653800000e-02 4.721090000e-01 2.340240000e+01
3.447313470e-01 -1.718070595e-01 -9.228445777e-01 7.624084355e+01 2.032189877e-02 9.842440169e-01 -1.756463536e-01 1.226448542e+01 9.384810000e-01 4.179690000e-02 3.427910000e-01 2.340640000e+01
2.429680888e-01 -1.599536593e-01 -9.567556646e-01 7.622984117e+01 -1.525445353e-02 9.855592784e-01 -1.686430150e-01 1.225094115e+01 9.699140000e-01 5.556960000e-02 2.370190000e-01 2.339440000e+01
1.102268361e-01 -1.688388879e-01 -9.794610654e-01 7.624512075e+01 -3.436030540e-02 9.842298436e-01 -1.735276853e-01 1.225855867e+01 9.933120000e-01 5.278190000e-02 1.026870000e-01 2.340300000e+01
4.495679246e-03 -1.587081378e-01 -9.873154833e-01 7.623643716e+01 -5.515764117e-02 9.857828967e-01 -1.587129999e-01 1.224646537e+01 9.984680000e-01 5.517150000e-02 -4.322200000e-03 2.335920000e+01
-1.315728296e-01 -1.709228628e-01 -9.764602283e-01 7.623527865e+01 -7.024882262e-02 9.841546358e-01 -1.628040641e-01 1.226455246e+01 9.888140000e-01 4.717450000e-02 -1.414950000e-01 2.336570000e+01
-2.428051563e-01 -1.610907661e-01 -9.566065268e-01 7.623142446e+01 -8.614911897e-02 9.858005590e-01 -1.441405944e-01 1.225685301e+01 9.662420000e-01 4.741270000e-02 -2.532350000e-01 2.332320000e+01
-3.756579122e-01 -1.786371207e-01 -9.093785725e-01 7.620798127e+01 -1.129288371e-01 9.827584279e-01 -1.464014106e-01 1.227112402e+01 9.198520000e-01 4.769820000e-02 -3.893550000e-01 2.330740000e+01
-5.112694613e-01 -1.724997509e-01 -8.419304995e-01 7.612628329e+01 -1.376043724e-01 9.834414777e-01 -1.179317603e-01 1.225680693e+01 8.483330000e-01 5.555850000e-02 -5.265410000e-01 2.325800000e+01
-6.114375525e-01 -1.639915168e-01 -7.741128330e-01 7.604341016e+01 -1.397420051e-01 9.852910078e-01 -9.835247130e-02 1.223796931e+01 7.788560000e-01 4.803970000e-02 -6.253600000e-01 2.317260000e+01
-6.894714137e-01 -1.610736819e-01 -7.061760898e-01 7.589639691e+01 -1.528277606e-01 9.853615908e-01 -7.554125038e-02 1.221700854e+01 7.080070000e-01 5.583980000e-02 -7.039950000e-01 2.304810000e+01
-6.905298803e-01 -1.721058178e-01 -7.025295793e-01 7.573492913e+01 -1.584739708e-01 9.836793200e-01 -8.521464978e-02 1.219399184e+01 7.057300000e-01 5.248940000e-02 -7.065340000e-01 2.290560000e+01
-7.740158884e-01 -1.679058360e-01 -6.104973538e-01 7.565548101e+01 -1.656313067e-01 9.843160922e-01 -6.072314144e-02 1.219794360e+01 6.111190000e-01 5.411680000e-02 -7.896870000e-01 2.281700000e+01
-8.464685994e-01 -1.826839085e-01 -5.001181915e-01 7.556982005e+01 -1.845085517e-01 9.817384091e-01 -4.632363920e-02 1.219231503e+01 4.994480000e-01 5.306460000e-02 -8.647170000e-01 2.270260000e+01
-9.042314524e-01 -1.782048214e-01 -3.880830592e-01 7.551968352e+01 -1.851740530e-01 9.825078055e-01 -1.970590263e-02 1.218334560e+01 3.848060000e-01 5.404420000e-02 -9.214140000e-01 2.254500000e+01
-9.295870752e-01 -1.783607323e-01 -3.225752117e-01 7.535098197e+01 -1.861684548e-01 9.824947203e-01 -6.753648368e-03 1.216715832e+01 3.181330000e-01 5.377530000e-02 -9.465200000e-01 2.220900000e+01
-9.684449725e-01 -1.734287703e-01 -1.789886276e-01 7.534498834e+01 -1.772724502e-01 9.841456732e-01 5.582652623e-03 1.217379040e+01 1.751830000e-01 3.713620000e-02 -9.838350000e-01 2.205920000e+01
-9.777322846e-01 -2.012474490e-01 -5.949289083e-02 7.532774883e+01 -2.038973569e-01 9.780738391e-01 4.239403897e-02 1.216645975e+01 4.965680000e-02 5.358040000e-02 -9.973280000e-01 2.191980000e+01
-9.814338122e-01 -1.858658475e-01 -4.733512523e-02 7.533485351e+01 -1.880494804e-01 9.810434140e-01 4.680884497e-02 1.220527699e+01 3.773770000e-02 5.484120000e-02 -9.977820000e-01 2.158220000e+01
-9.811865260e-01 -1.860357181e-01 -5.161594960e-02 7.531365963e+01 -1.882399564e-01 9.812364166e-01 4.171689600e-02 1.218598026e+01 4.288660000e-02 5.064830000e-02 -9.977950000e-01 2.123880000e+01
-9.805103029e-01 -1.859612997e-01 -6.339296818e-02 7.527932682e+01 -1.895784703e-01 9.802217858e-01 5.679301906e-02 1.219301574e+01 5.157780000e-02 6.770410000e-02 -9.963710000e-01 2.075890000e+01
-9.793350827e-01 -1.903154430e-01 -6.843288084e-02 7.524751368e+01 -1.935233881e-01 9.801206422e-01 4.372207267e-02 1.221784331e+01 5.875150000e-02 5.606190000e-02 -9.966970000e-01 2.037130000e+01
-9.802249253e-01 -1.838719318e-01 -7.314009962e-02 7.521392212e+01 -1.874660354e-01 9.812078288e-01 4.569992593e-02 1.221824708e+01 6.336260000e-02 5.850750000e-02 -9.962740000e-01 2.000960000e+01
-9.799794399e-01 -1.816266463e-01 -8.156528309e-02 7.518863462e+01 -1.856270427e-01 9.816160702e-01 4.441905705e-02 1.221139793e+01 7.199810000e-02 5.867040000e-02 -9.956780000e-01 1.967970000e+01
-9.801232276e-01 -1.762182199e-01 -9.113477332e-02 7.516722456e+01 -1.807032280e-01 9.825752238e-01 4.349258205e-02 1.223409924e+01 8.188260000e-02 5.909640000e-02 -9.948880000e-01 1.938840000e+01
-9.796044157e-01 -1.775305442e-01 -9.411513417e-02 7.513092547e+01 -1.816167735e-01 9.826835057e-01 3.672536710e-02 1.221945178e+01 8.596550000e-02 5.306920000e-02 -9.948840000e-01 1.913780000e+01
-9.776446761e-01 -1.743559577e-01 -1.175194288e-01 7.507661502e+01 -1.794523426e-01 9.831724119e-01 3.419645445e-02 1.224195822e+01 1.095790000e-01 5.452110000e-02 -9.924820000e-01 1.882600000e+01
-9.715911101e-01 -1.881161421e-01 -1.436068216e-01 7.500107017e+01 -1.930036290e-01 9.809778822e-01 2.077083888e-02 1.224829338e+01 1.369680000e-01 4.789740000e-02 -9.894170000e-01 1.841380000e+01
-9.656567986e-01 -1.832894679e-01 -1.841492108e-01 7.491776420e+01 -1.908247684e-01 9.813330976e-01 2.391260191e-02 1.223391928e+01 1.763290000e-01 5.823170000e-02 -9.826070000e-01 1.796440000e+01
-9.600474083e-01 -1.862370763e-01 -2.088645671e-01 7.481581266e+01 -1.932853914e-01 9.810471763e-01 1.367293768e-02 1.225334639e+01 2.023590000e-01 5.349710000e-02 -9.778490000e-01 1.753230000e+01
-9.518677787e-01 -1.908249553e-01 -2.398633761e-01 7.468414070e+01 -1.984703279e-01 9.800754441e-01 7.898956272e-03 1.225306195e+01 2.335770000e-01 5.512450000e-02 -9.707750000e-01 1.708060000e+01
-9.589960627e-01 -1.684641460e-01 -2.279189880e-01 7.458820664e+01 -1.761913139e-01 9.842589031e-01 1.384022532e-02 1.225858791e+01 2.220000000e-01 5.343000000e-02 -9.735820000e-01 1.674020000e+01
-9.626717276e-01 -1.681461907e-01 -2.121081254e-01 7.452101610e+01 -1.793795774e-01 9.831667943e-01 3.473748432e-02 1.226583861e+01 2.026960000e-01 7.148870000e-02 -9.766290000e-01 1.639810000e+01
-9.609304036e-01 -1.883432682e-01 -2.028296645e-01 7.442781227e+01 -1.966003632e-01 9.802546929e-01 2.117369212e-02 1.224719822e+01 1.948370000e-01 6.022280000e-02 -9.789850000e-01 1.604170000e+01
-9.730293813e-01 -1.855384997e-01 -1.370733501e-01 7.435481186e+01 -1.917328995e-01 9.808808906e-01 3.334485158e-02 1.223777465e+01 1.282650000e-01 5.872700000e-02 -9.900000000e-01 1.573580000e+01
-9.839650797e-01 -1.780978676e-01 -9.721817379e-03 7.438113574e+01 -1.783628040e-01 9.824098907e-01 5.529649763e-02 1.225580111e+01 -2.973810000e-04 5.614380000e-02 -9.984230000e-01 1.558720000e+01
-9.802730472e-01 -1.932671612e-01 4.139190689e-02 7.438570850e+01 -1.908630608e-01 9.800290788e-01 5.580189577e-02 1.227762247e+01 -5.134990000e-02 4.680090000e-02 -9.975840000e-01 1.530480000e+01
-9.811127273e-01 -1.920050362e-01 2.349789367e-02 7.440709358e+01 -1.904773585e-01 9.801146598e-01 5.562657424e-02 1.229273442e+01 -3.371120000e-02 5.010010000e-02 -9.981750000e-01 1.500910000e+01
-9.830913470e-01 -1.811991102e-01 -2.641802507e-02 7.437820261e+01 -1.823397959e-01 9.819485876e-01 5.028303837e-02 1.229275631e+01 1.682990000e-02 5.424990000e-02 -9.983860000e-01 1.468250000e+01
-9.778794615e-01 -1.956488025e-01 -7.398208979e-02 7.433514557e+01 -1.985023241e-01 9.795327587e-01 3.334414293e-02 1.229295515e+01 6.594410000e-02 4.729220000e-02 -9.967020000e-01 1.436780000e+01
-9.711750665e-01 -1.842914506e-01 -1.511837854e-01 7.430992973e+01 -1.901623316e-01 9.814289569e-01 2.521253481e-02 1.231542827e+01 1.437300000e-01 5.323520000e-02 -9.881840000e-01 1.408170000e+01
-9.517049609e-01 -1.823960167e-01 -2.469594706e-01 7.427728238e+01 -1.871733337e-01 9.823177215e-01 -4.199140928e-03 1.231274423e+01 2.433580000e-01 4.222780000e-02 -9.690170000e-01 1.400750000e+01
-9.149169593e-01 -1.782654459e-01 -3.621450518e-01 7.420219175e+01 -1.834907773e-01 9.828133128e-01 -2.022113387e-02 1.230097293e+01 3.595260000e-01 4.794960000e-02 -9.319020000e-01 1.391840000e+01
-9.135827113e-01 -1.856289415e-01 -3.618129001e-01 7.407463754e+01 -1.937804222e-01 9.809458017e-01 -1.397785142e-02 1.229304215e+01 3.575140000e-01 5.734230000e-02 -9.321460000e-01 1.373930000e+01
-9.610853523e-01 -1.816554724e-01 -2.081258544e-01 7.403828983e+01 -1.889492445e-01 9.818634762e-01 1.554521666e-02 1.227518586e+01 2.015280000e-01 5.426550000e-02 -9.779780000e-01 1.357800000e+01
-9.799759118e-01 -1.851484834e-01 -7.326000453e-02 7.403448901e+01 -1.880237272e-01 9.815595740e-01 3.445842762e-02 1.227847340e+01 6.552910000e-02 4.754310000e-02 -9.967170000e-01 1.342000000e+01
-9.808368651e-01 -1.881473782e-01 -5.060050215e-02 7.395617346e+01 -1.902367146e-01 9.809148556e-01 4.021118451e-02 1.229363636e+01 4.206920000e-02 4.906670000e-02 -9.979090000e-01 1.292990000e+01
-9.823578420e-01 -1.812678994e-01 -4.598200002e-02 7.389440834e+01 -1.834135049e-01 9.818761795e-01 4.774380371e-02 1.228546741e+01 3.649420000e-02 5.533530000e-02 -9.978010000e-01 1.245160000e+01
-9.840939071e-01 -1.736752852e-01 -3.737270450e-02 7.382606399e+01 -1.753408332e-01 9.833762934e-01 4.718840146e-02 1.229301863e+01 2.855600000e-02 5.299080000e-02 -9.981870000e-01 1.193320000e+01
-9.831987658e-01 -1.796281900e-01 -3.245855919e-02 7.379790915e+01 -1.812437004e-01 9.818053723e-01 5.664552852e-02 1.230348828e+01 2.169280000e-02 6.157670000e-02 -9.978670000e-01 1.156130000e+01
-9.845673368e-01 -1.742815043e-01 -1.588660639e-02 7.374369427e+01 -1.748670793e-01 9.833264309e-01 4.989678850e-02 1.231111997e+01 6.925640000e-03 5.190480000e-02 -9.986280000e-01 1.106260000e+01
-9.827992399e-01 -1.846580487e-01 -2.523753976e-03 7.370751871e+01 -1.845142290e-01 9.812808581e-01 5.515873190e-02 1.232969090e+01 -7.708990000e-03 5.467560000e-02 -9.984740000e-01 1.061560000e+01
-9.834292719e-01 -1.807478758e-01 1.406031467e-02 7.366459810e+01 -1.795591743e-01 9.817885342e-01 6.205152639e-02 1.235875658e+01 -2.501990000e-02 5.849860000e-02 -9.979740000e-01 1.003200000e+01
-9.835280796e-01 -1.756239827e-01 -4.275933186e-02 7.363545305e+01 -1.777708689e-01 9.826425734e-01 5.302260858e-02 1.234565189e+01 3.270510000e-02 5.975060000e-02 -9.976770000e-01 9.735910000e+00
-9.829519936e-01 -1.801478392e-01 -3.678171120e-02 7.361135688e+01 -1.816507063e-01 9.824364857e-01 4.268606045e-02 1.237445576e+01 2.844590000e-02 4.863970000e-02 -9.984110000e-01 9.333930000e+00
-9.813195294e-01 -1.690031356e-01 -9.192188290e-02 7.355915023e+01 -1.725835806e-01 9.844600082e-01 3.244819429e-02 1.238217108e+01 8.500960000e-02 4.770630000e-02 -9.952370000e-01 8.984110000e+00
-9.790411440e-01 -1.693034158e-01 -1.132012420e-01 7.350599850e+01 -1.734832102e-01 9.844364895e-01 2.808099059e-02 1.239155998e+01 1.066850000e-01 4.713100000e-02 -9.931750000e-01 8.596270000e+00
-9.675272843e-01 -1.664229007e-01 -1.902503494e-01 7.342987871e+01 -1.725183532e-01 9.848795284e-01 1.581941719e-02 1.239199539e+01 1.847410000e-01 4.812740000e-02 -9.816080000e-01 8.270580000e+00
-9.336863159e-01 -1.725744979e-01 -3.137629947e-01 7.336744452e+01 -1.793624792e-01 9.837560870e-01 -7.338873056e-03 1.237432757e+01 3.099330000e-01 4.942510000e-02 -9.494730000e-01 8.185580000e+00
-8.979646066e-01 -1.706341786e-01 -4.056390810e-01 7.320046264e+01 -1.740418522e-01 9.843179144e-01 -2.878090852e-02 1.235812227e+01 4.041890000e-01 4.475390000e-02 -9.135800000e-01 7.891850000e+00
-9.193368306e-01 -1.661906074e-01 -3.566517191e-01 7.306396931e+01 -1.738837413e-01 9.847085353e-01 -1.063132551e-02 1.234344550e+01 3.529650000e-01 5.224220000e-02 -9.341770000e-01 7.595370000e+00
-9.341445012e-01 -1.611517145e-01 -3.184390926e-01 7.295240817e+01 -1.667814379e-01 9.859464300e-01 -9.700073104e-03 1.234663764e+01 3.155270000e-01 4.404850000e-02 -9.478940000e-01 7.312720000e+00
-9.690952371e-01 -1.636665505e-01 -1.845741832e-01 7.292581846e+01 -1.701796434e-01 9.852119810e-01 1.990553105e-02 1.234255266e+01 1.785870000e-01 5.070110000e-02 -9.826170000e-01 7.174000000e+00
-9.840046529e-01 -1.702822821e-01 -5.233461912e-02 7.293263333e+01 -1.726732845e-01 9.839437388e-01 4.515263008e-02 1.235145097e+01 4.380560000e-02 5.346720000e-02 -9.976080000e-01 7.018480000e+00
-9.858819537e-01 -1.649562477e-01 -2.874244226e-02 7.291085369e+01 -1.659866116e-01 9.853891354e-01 3.817265018e-02 1.237106952e+01 2.202570000e-02 4.240460000e-02 -9.988580000e-01 6.683140000e+00
-9.826843074e-01 -1.691255926e-01 -7.568383164e-02 7.286616321e+01 -1.717585431e-01 9.846910666e-01 2.970242217e-02 1.237352079e+01 6.950180000e-02 4.218750000e-02 -9.966890000e-01 6.360120000e+00
-9.821636965e-01 -1.714829785e-01 -7.712593286e-02 7.281162659e+01 -1.742186456e-01 9.842436492e-01 3.021324029e-02 1.239619708e+01 7.072960000e-02 4.311120000e-02 -9.965630000e-01 5.907450000e+00
-9.768705779e-01 -1.806855879e-01 -1.143508101e-01 7.274101320e+01 -1.842911520e-01 9.826317069e-01 2.169760631e-02 1.239342593e+01 1.084440000e-01 4.226960000e-02 -9.932030000e-01 5.491900000e+00
-9.769081639e-01 -1.754730841e-01 -1.219028027e-01 7.265591031e+01 -1.795387908e-01 9.834791584e-01 2.312316488e-02 1.238458392e+01 1.158310000e-01 4.447540000e-02 -9.922730000e-01 4.998850000e+00
-9.778452367e-01 -1.693164829e-01 -1.230904916e-01 7.259452731e+01 -1.735896674e-01 9.845063454e-01 2.478386628e-02 1.239077183e+01 1.169870000e-01 4.560200000e-02 -9.920860000e-01 4.674180000e+00
-9.749093004e-01 -1.775775377e-01 -1.342328145e-01 7.250366311e+01 -1.814842023e-01 9.832404377e-01 1.735077638e-02 1.240539232e+01 1.289020000e-01 4.127660000e-02 -9.907980000e-01 4.169790000e+00
-9.762047569e-01 -1.597400869e-01 -1.466541297e-01 7.242561290e+01 -1.649907786e-01 9.859957016e-01 2.428564988e-02 1.238034195e+01 1.407210000e-01 4.790430000e-02 -9.888900000e-01 3.743870000e+00
-9.716006723e-01 -1.819869628e-01 -1.512381355e-01 7.234167094e+01 -1.862468489e-01 9.823981243e-01 1.437438681e-02 1.238748268e+01 1.459600000e-01 4.213380000e-02 -9.883930000e-01 3.326570000e+00
-9.721206580e-01 -1.677698274e-01 -1.638149933e-01 7.225493492e+01 -1.736644971e-01 9.845536112e-01 2.224659723e-02 1.238373142e+01 1.575520000e-01 5.007520000e-02 -9.862400000e-01 2.943300000e+00
-9.699019466e-01 -1.603217854e-01 -1.832682844e-01 7.215550888e+01 -1.677248815e-01 9.855028781e-01 2.553067394e-02 1.238185186e+01 1.765190000e-01 5.550090000e-02 -9.827310000e-01 2.525620000e+00
-9.700391674e-01 -1.609941979e-01 -1.819477297e-01 7.207475424e+01 -1.682798342e-01 9.854163288e-01 2.523670077e-02 1.237226473e+01 1.752320000e-01 5.509870000e-02 -9.829840000e-01 2.131230000e+00
-9.679492512e-01 -1.642038090e-01 -1.900308097e-01 7.199520725e+01 -1.734574304e-01 9.842881205e-01 3.301658990e-02 1.236483920e+01 1.816240000e-01 6.492060000e-02 -9.812230000e-01 1.825750000e+00
-9.689945477e-01 -1.608264535e-01 -1.875741295e-01 7.192315601e+01 -1.703691530e-01 9.847291023e-01 3.580602610e-02 1.237430753e+01 1.789510000e-01 6.665270000e-02 -9.815980000e-01 1.550270000e+00
-9.691315460e-01 -1.638858166e-01 -1.841872222e-01 7.186095741e+01 -1.733614609e-01 9.841828501e-01 3.646532847e-02 1.235569346e+01 1.752980000e-01 6.727070000e-02 -9.822140000e-01 1.233460000e+00
-9.739881044e-01 -1.703827629e-01 -1.493873414e-01 7.180949944e+01 -1.791834572e-01 9.826688865e-01 4.747877156e-02 1.237589865e+01 1.387080000e-01 7.301150000e-02 -9.876380000e-01 9.408600000e-01
-9.854263516e-01 -1.661794430e-01 -3.631414603e-02 7.179628688e+01 -1.678405282e-01 9.846030565e-01 4.884082939e-02 1.239280658e+01 2.763870000e-02 5.422400000e-02 -9.981460000e-01 7.277470000e-01
-9.800151718e-01 -1.738193845e-01 9.673286477e-02 7.182854546e+01 -1.664718058e-01 9.828356143e-01 7.950773495e-02 1.240035433e+01 -1.088920000e-01 6.181550000e-02 -9.921300000e-01 5.190450000e-01
-9.866704164e-01 -1.608728335e-01 -2.453737680e-02 7.184882245e+01 -1.620907204e-01 9.849245184e-01 6.042098248e-02 1.240266267e+01 1.444730000e-02 6.359280000e-02 -9.978710000e-01 3.147100000e-01
-9.712436260e-01 -1.578530173e-01 -1.782339833e-01 7.179378956e+01 -1.673320985e-01 9.851146534e-01 3.937039040e-02 1.240468326e+01 1.693660000e-01 6.806250000e-02 -9.832000000e-01 2.212120000e-01
-9.390909900e-01 -1.733764259e-01 -2.967311674e-01 7.167692764e+01 -1.853147575e-01 9.826016590e-01 1.235967373e-02 1.239117253e+01 2.894250000e-01 6.659550000e-02 -9.548810000e-01 5.709580000e-02
-9.515889797e-01 -1.643841496e-01 -2.597255131e-01 7.159001795e+01 -1.739279203e-01 9.846584152e-01 1.403619043e-02 1.240639589e+01 2.534330000e-01 5.853020000e-02 -9.655810000e-01 -2.266490000e-01
-9.606455258e-01 -1.620677365e-01 -2.255978375e-01 7.152912112e+01 -1.720154764e-01 9.847767842e-01 2.502482870e-02 1.239354253e+01 2.181080000e-01 6.284630000e-02 -9.738990000e-01 -4.526650000e-01
-9.593099180e-01 -1.590976689e-01 -2.332655039e-01 7.142853097e+01 -1.688503624e-01 9.853891206e-01 2.232105255e-02 1.239132568e+01 2.263060000e-01 6.079980000e-02 -9.721570000e-01 -7.460410000e-01
-9.663022843e-01 -1.452113075e-01 -2.125423377e-01 7.137554107e+01 -1.545857671e-01 9.875803856e-01 2.808262900e-02 1.240170726e+01 2.058240000e-01 5.999230000e-02 -9.767480000e-01 -9.788340000e-01
-9.661031800e-01 -1.633091871e-01 -1.999347253e-01 7.128809786e+01 -1.733202055e-01 9.842951683e-01 3.351532346e-02 1.238162369e+01 1.913220000e-01 6.703200000e-02 -9.792360000e-01 -1.192530000e+00
-9.645641800e-01 -1.691491352e-01 -2.024979918e-01 7.125300864e+01 -1.766839057e-01 9.840725887e-01 1.959456220e-02 1.239823809e+01 1.959580000e-01 5.467830000e-02 -9.790870000e-01 -1.372710000e+00
-9.627942538e-01 -1.702745458e-01 -2.098406802e-01 7.124646843e+01 -1.799100166e-01 9.832963778e-01 2.757319109e-02 1.240374197e+01 2.016410000e-01 6.429980000e-02 -9.773470000e-01 -1.572630000e+00
-9.668250460e-01 -1.603756685e-01 -1.988174437e-01 7.116020859e+01 -1.671300760e-01 9.857780322e-01 1.755734512e-02 1.239238195e+01 1.931740000e-01 5.020330000e-02 -9.798790000e-01 -1.759780000e+00
-9.655968342e-01 -1.660814944e-01 -2.001007756e-01 7.107193725e+01 -1.731803097e-01 9.847190046e-01 1.838497744e-02 1.238948299e+01 1.939890000e-01 5.240600000e-02 -9.796030000e-01 -1.996810000e+00
-9.406440792e-01 -1.614344735e-01 -2.985418497e-01 7.102636399e+01 -1.732521629e-01 9.847870605e-01 1.336552213e-02 1.237754658e+01 2.918420000e-01 6.429520000e-02 -9.543030000e-01 -2.194420000e+00
-8.941770351e-01 -1.654275809e-01 -4.160308174e-01 7.096011489e+01 -1.702981963e-01 9.850584690e-01 -2.566913107e-02 1.237249729e+01 4.140610000e-01 4.789650000e-02 -9.089880000e-01 -2.294200000e+00
-8.360764630e-01 -1.767917935e-01 -5.193459239e-01 7.085298487e+01 -1.877296622e-01 9.817007415e-01 -3.196353515e-02 1.236939065e+01 5.154930000e-01 7.077270000e-02 -8.539660000e-01 -2.422240000e+00
-7.458443253e-01 -1.743808608e-01 -6.428899471e-01 7.077058571e+01 -1.758421259e-01 9.824335427e-01 -6.247844756e-02 1.237633669e+01 6.424920000e-01 6.644790000e-02 -7.634060000e-01 -2.525190000e+00
-6.559644518e-01 -1.783301469e-01 -7.334231217e-01 7.069114357e+01 -1.503144802e-01 9.830899583e-01 -1.045965251e-01 1.236462320e+01 7.396730000e-01 4.163250000e-02 -6.716770000e-01 -2.616080000e+00
-5.682099204e-01 -1.634407703e-01 -8.064887653e-01 7.060001101e+01 -1.280594270e-01 9.856996337e-01 -1.095348959e-01 1.235201459e+01 8.128580000e-01 4.103970000e-02 -5.810140000e-01 -2.668700000e+00
-4.573779750e-01 -1.639634803e-01 -8.740255714e-01 7.047489739e+01 -1.238098019e-01 9.850242983e-01 -1.199963826e-01 1.231343206e+01 8.806120000e-01 5.332920000e-02 -4.708280000e-01 -2.719720000e+00
-3.902725377e-01 -1.462584841e-01 -9.090087055e-01 7.022509085e+01 -9.720625473e-02 9.883293890e-01 -1.172868206e-01 1.225816444e+01 9.155540000e-01 4.258750000e-02 -3.999350000e-01 -2.748600000e+00
-2.648091731e-01 -1.535423516e-01 -9.519982608e-01 7.005957332e+01 -8.519211450e-02 9.871065142e-01 -1.355077203e-01 1.218976527e+01 9.605300000e-01 4.521910000e-02 -2.744750000e-01 -2.760580000e+00
-9.603915312e-02 -1.679888647e-01 -9.810991227e-01 6.985466857e+01 -6.342156128e-02 9.846860871e-01 -1.623945167e-01 1.220015480e+01 9.933550000e-01 4.662660000e-02 -1.052220000e-01 -2.760830000e+00
-2.382667426e-02 -1.613111208e-01 -9.866162901e-01 6.963575336e+01 -4.933609173e-02 9.858833544e-01 -1.599999656e-01 1.217838094e+01 9.984980000e-01 4.486350000e-02 -3.144880000e-02 -2.730400000e+00
-9.473707953e-03 -1.584826389e-01 -9.873164076e-01 6.943734496e+01 -4.482631869e-02 9.864351500e-01 -1.579111401e-01 1.211611126e+01 9.989500000e-01 4.276180000e-02 -1.644940000e-02 -2.721950000e+00
3.573033483e-02 -1.535184476e-01 -9.874991700e-01 6.913817359e+01 -2.549632798e-02 9.876684800e-01 -1.544673612e-01 1.208124555e+01 9.990360000e-01 3.069680000e-02 3.137560000e-02 -2.707600000e+00
9.696334215e-02 -1.652203070e-01 -9.814788748e-01 6.891860097e+01 -1.209920952e-02 9.858566095e-01 -1.671527042e-01 1.201580399e+01 9.952140000e-01 2.808280000e-02 9.359290000e-02 -2.673910000e+00
1.368808060e-01 -1.582779939e-01 -9.778610938e-01 6.860841619e+01 -2.966186661e-02 9.860551813e-01 -1.637563178e-01 1.196321076e+01 9.901430000e-01 5.142030000e-02 1.302770000e-01 -2.621770000e+00
1.417511958e-01 -1.605708037e-01 -9.767922991e-01 6.826552515e+01 -1.082786703e-02 9.864462119e-01 -1.637289410e-01 1.190408687e+01 9.898430000e-01 3.378530000e-02 1.380910000e-01 -2.561400000e+00
1.483587871e-01 -1.597778625e-01 -9.759405805e-01 6.797156883e+01 -9.249581817e-03 9.865943472e-01 -1.629281252e-01 1.185670077e+01 9.888900000e-01 3.319890000e-02 1.448920000e-01 -2.523340000e+00
1.575365104e-01 -1.430685532e-01 -9.770945425e-01 6.764634018e+01 -2.348990067e-02 9.886265452e-01 -1.485444287e-01 1.179341254e+01 9.872340000e-01 4.635310000e-02 1.523840000e-01 -2.450470000e+00
1.696779187e-01 -1.478276373e-01 -9.743492952e-01 6.735876602e+01 -1.802483291e-02 9.880546889e-01 -1.530459771e-01 1.174802507e+01 9.853350000e-01 4.353100000e-02 1.649870000e-01 -2.400430000e+00
1.824407976e-01 -1.545241160e-01 -9.709985473e-01 6.708635979e+01 -9.721167094e-03 9.872406015e-01 -1.589356223e-01 1.169186616e+01 9.831690000e-01 3.843560000e-02 1.786110000e-01 -2.333720000e+00
1.435054437e-01 -1.560464296e-01 -9.772700033e-01 6.676986834e+01 -1.108187075e-02 9.871755867e-01 -1.592554343e-01 1.164739578e+01 9.895880000e-01 3.368400000e-02 1.399350000e-01 -2.257240000e+00
2.460241709e-02 -1.600756117e-01 -9.867986120e-01 6.664298605e+01 -3.657360114e-02 9.862924107e-01 -1.609053612e-01 1.163048009e+01 9.990280000e-01 4.004940000e-02 1.841060000e-02 -2.245930000e+00
-4.226928429e-02 -1.590634111e-01 -9.863631013e-01 6.632070940e+01 -5.047557198e-02 9.863242626e-01 -1.568942663e-01 1.158194456e+01 9.978300000e-01 4.315540000e-02 -4.972000000e-02 -2.267150000e+00
-1.443656589e-02 -1.579834638e-01 -9.873365316e-01 6.593031704e+01 -4.846078654e-02 9.863889821e-01 -1.571234248e-01 1.150313555e+01 9.987210000e-01 4.557880000e-02 -2.189610000e-02 -2.245650000e+00
3.524315279e-02 -1.556471335e-01 -9.871840469e-01 6.564110575e+01 -3.718722296e-02 9.869091594e-01 -1.569314394e-01 1.144937409e+01 9.986870000e-01 4.224140000e-02 2.899370000e-02 -2.213680000e+00
1.702422495e-01 -1.606446666e-01 -9.722191618e-01 6.549494495e+01 -6.930316611e-03 9.864023740e-01 -1.642016777e-01 1.143946347e+01 9.853780000e-01 3.469180000e-02 1.668140000e-01 -2.152230000e+00
2.500731410e-01 -1.599203556e-01 -9.549286046e-01 6.527735593e+01 9.470927182e-03 9.866225630e-01 -1.627477928e-01 1.138706117e+01 9.681810000e-01 3.165480000e-02 2.482430000e-01 -2.040990000e+00
1.981199655e-01 -1.558180645e-01 -9.677132885e-01 6.500399932e+01 1.502825473e-04 9.872878630e-01 -1.589393403e-01 1.132622179e+01 9.801780000e-01 3.134360000e-02 1.956250000e-01 -1.958430000e+00
1.926151916e-01 -1.573036908e-01 -9.685842401e-01 6.452501368e+01 -3.535911498e-03 9.869492885e-01 -1.609897153e-01 1.124535688e+01 9.812680000e-01 3.443380000e-02 1.895450000e-01 -1.826450000e+00
1.430921636e-01 -1.526738308e-01 -9.778631387e-01 6.420820566e+01 -2.326678161e-02 9.872381279e-01 -1.575423883e-01 1.118038767e+01 9.894360000e-01 4.529480000e-02 1.377140000e-01 -1.745960000e+00
-7.842938488e-03 -1.560922826e-01 -9.877109805e-01 6.400674046e+01 -5.142937409e-02 9.864973719e-01 -1.554920984e-01 1.114245000e+01 9.986460000e-01 4.957790000e-02 -1.576470000e-02 -1.761040000e+00
-1.318125006e-01 -1.636210567e-01 -9.776778477e-01 6.381763040e+01 -6.569479456e-02 9.855568234e-01 -1.560826510e-01 1.112629923e+01 9.890950000e-01 4.365470000e-02 -1.406570000e-01 -1.836710000e+00
-5.714919116e-02 -1.634085764e-01 -9.849018814e-01 6.362128858e+01 -5.140416303e-02 9.856870417e-01 -1.605561907e-01 1.108784790e+01 9.970410000e-01 4.145240000e-02 -6.473110000e-02 -1.883840000e+00
5.357346288e-02 -1.619354783e-01 -9.853461971e-01 6.342629630e+01 -1.624836942e-02 9.864914942e-01 -1.630069782e-01 1.104771989e+01 9.984320000e-01 2.474310000e-02 5.021850000e-02 -1.861670000e+00
1.052871058e-01 -1.600662100e-01 -9.814753222e-01 6.309813383e+01 -1.439455676e-02 9.866119182e-01 -1.624481260e-01 1.099014547e+01 9.943380000e-01 3.123160000e-02 1.015730000e-01 -1.835460000e+00
2.452388757e-01 -1.548005732e-01 -9.570241731e-01 6.299851848e+01 1.111203474e-02 9.875537926e-01 -1.568913281e-01 1.097468391e+01 9.693990000e-01 2.784130000e-02 2.439060000e-01 -1.771700000e+00
3.511609648e-01 -1.605959940e-01 -9.224398310e-01 6.290936219e+01 2.920187868e-02 9.865799977e-01 -1.606460913e-01 1.096309374e+01 9.358590000e-01 2.947570000e-02 3.511390000e-01 -1.678960000e+00
3.523688764e-01 -1.588654101e-01 -9.222787711e-01 6.264526929e+01 2.381277403e-02 9.866897867e-01 -1.608623664e-01 1.092873268e+01 9.355580000e-01 3.472090000e-02 3.514620000e-01 -1.547120000e+00
2.121252435e-01 -1.633633452e-01 -9.634913392e-01 6.252411299e+01 -5.393986231e-03 9.857177166e-01 -1.683194862e-01 1.089996521e+01 9.772280000e-01 4.090180000e-02 2.082140000e-01 -1.541550000e+00
5.345438705e-02 -1.545923935e-01 -9.865312184e-01 6.241888447e+01 -2.430360206e-02 9.874500742e-01 -1.560531589e-01 1.086573622e+01 9.982740000e-01 3.231790000e-02 4.902640000e-02 -1.570730000e+00
8.558958534e-03 -1.519348874e-01 -9.883533935e-01 6.218012592e+01 -4.589042249e-02 9.872886871e-01 -1.521685439e-01 1.081303996e+01 9.989100000e-01 4.665840000e-02 1.477810000e-03 -1.591570000e+00
3.622118455e-02 -1.493130443e-01 -9.881261254e-01 6.186232794e+01 -3.259675904e-02 9.880726984e-01 -1.504997323e-01 1.076426269e+01 9.988120000e-01 3.766100000e-02 3.092210000e-02 -1.592900000e+00
1.231534708e-01 -1.642351387e-01 -9.787031348e-01 6.162932975e+01 -1.243696952e-02 9.858775463e-01 -1.670041536e-01 1.073284966e+01 9.923100000e-01 3.273930000e-02 1.193710000e-01 -1.537370000e+00
2.451623887e-01 -1.546345338e-01 -9.570705509e-01 6.149523679e+01 1.239087042e-03 9.872471178e-01 -1.591927913e-01 1.070271690e+01 9.694810000e-01 3.784210000e-02 2.422270000e-01 -1.447490000e+00
2.575031788e-01 -1.754941975e-01 -9.502073778e-01 6.115118347e+01 4.954395946e-03 9.835963531e-01 -1.803180409e-01 1.065318492e+01 9.662650000e-01 4.172480000e-02 2.541490000e-01 -1.347670000e+00
2.228942488e-01 -1.562927526e-01 -9.622321826e-01 6.096007264e+01 7.930437369e-03 9.873223629e-01 -1.585309400e-01 1.059357940e+01 9.748100000e-01 2.770470000e-02 2.213080000e-01 -1.302530000e+00
1.943194750e-01 -1.595785722e-01 -9.678709256e-01 6.050527410e+01 -3.211386384e-03 9.865701697e-01 -1.633062514e-01 1.051238718e+01 9.809330000e-01 3.484180000e-02 1.911970000e-01 -1.192600000e+00
5.023397339e-02 -1.528892305e-01 -9.869653010e-01 6.039082588e+01 -1.998788675e-02 9.878620125e-01 -1.540451768e-01 1.048900802e+01 9.985370000e-01 2.746560000e-02 4.656830000e-02 -1.177150000e+00
-8.234770335e-02 -1.535678742e-01 -9.847005636e-01 6.025111855e+01 -5.032881742e-02 9.874372154e-01 -1.497855297e-01 1.045431925e+01 9.953320000e-01 3.722440000e-02 -8.904200000e-02 -1.205670000e+00
-7.453070604e-02 -1.574843027e-01 -9.847046906e-01 5.981993276e+01 -4.453906336e-02 9.869912737e-01 -1.544789677e-01 1.039104060e+01 9.962240000e-01 3.234440000e-02 -8.057540000e-02 -1.228540000e+00
-4.838254115e-03 -1.536251198e-01 -9.881169190e-01 5.955468921e+01 -3.933879032e-02 9.873937209e-01 -1.533198160e-01 1.035056660e+01 9.992140000e-01 3.812950000e-02 -1.082070000e-02 -1.238890000e+00
9.989567836e-02 -1.571567633e-01 -9.825078851e-01 5.940740733e+01 -1.792322005e-02 9.870035187e-01 -1.596979242e-01 1.032510314e+01 9.948360000e-01 3.356280000e-02 9.578060000e-02 -1.184800000e+00
1.289762618e-01 -1.589827462e-01 -9.788205597e-01 5.900985313e+01 -9.949841220e-03 9.868074361e-01 -1.615910512e-01 1.024125541e+01 9.915980000e-01 3.058060000e-02 1.256930000e-01 -1.102380000e+00
1.284351912e-01 -1.587183830e-01 -9.789341263e-01 5.863074088e+01 -1.466037010e-02 9.866985782e-01 -1.619004259e-01 1.016764664e+01 9.916100000e-01 3.514520000e-02 1.244000000e-01 -1.049660000e+00
1.335713093e-01 -1.580568310e-01 -9.783539622e-01 5.828034123e+01 -1.750051939e-02 9.866704555e-01 -1.617895241e-01 1.012154518e+01 9.908850000e-01 3.873210000e-02 1.290250000e-01 -9.639560000e-01
1.353935630e-01 -1.561523380e-01 -9.784089509e-01 5.794180680e+01 -2.456712964e-02 9.866696315e-01 -1.608703081e-01 1.005451600e+01 9.904870000e-01 4.581760000e-02 1.297520000e-01 -9.250490000e-01
1.501863677e-01 -1.550983056e-01 -9.764162553e-01 5.770935640e+01 -2.417232281e-02 9.867468260e-01 -1.604572880e-01 1.001001975e+01 9.883620000e-01 4.770080000e-02 1.444470000e-01 -8.805010000e-01
1.598703172e-01 -1.584960307e-01 -9.743302602e-01 5.732774209e+01 -2.159063701e-02 9.862282021e-01 -1.639739866e-01 9.940509484e+00 9.869020000e-01 4.725100000e-02 1.542470000e-01 -8.012820000e-01
2.051599151e-01 -1.576034981e-01 -9.659554203e-01 5.703730624e+01 -4.164223186e-04 9.869359376e-01 -1.611148810e-01 9.893937228e+00 9.787280000e-01 3.345660000e-02 2.024140000e-01 -7.368860000e-01
2.403588543e-01 -1.540314212e-01 -9.583845848e-01 5.663105997e+01 -5.523818107e-03 9.870965458e-01 -1.600311832e-01 9.816519586e+00 9.706680000e-01 4.375890000e-02 2.364070000e-01 -6.417570000e-01
2.509858356e-01 -1.592832331e-01 -9.547962114e-01 5.631540054e+01 1.086564716e-02 9.867697471e-01 -1.617612191e-01 9.761228553e+00 9.679300000e-01 3.022530000e-02 2.493960000e-01 -5.355990000e-01
2.515986068e-01 -1.583513308e-01 -9.547894287e-01 5.594561951e+01 1.219599150e-02 9.869649191e-01 -1.604738361e-01 9.706522125e+00 9.677550000e-01 2.873040000e-02 2.502500000e-01 -4.046200000e-01
2.320340268e-01 -1.611314459e-01 -9.592687274e-01 5.565688071e+01 5.399287868e-04 9.862058693e-01 -1.655253305e-01 9.652989486e+00 9.727070000e-01 3.788960000e-02 2.289200000e-01 -3.392670000e-01
2.363086791e-01 -1.568224956e-01 -9.589392270e-01 5.532144259e+01 8.052831765e-03 9.871722706e-01 -1.594551462e-01 9.577683853e+00 9.716450000e-01 2.995840000e-02 2.345400000e-01 -2.464920000e-01
2.152263783e-01 -1.595669145e-01 -9.634395255e-01 5.499263886e+01 7.763308400e-03 9.868091930e-01 -1.617030619e-01 9.526038208e+00 9.765330000e-01 2.732330000e-02 2.136260000e-01 -1.442840000e-01
1.111552166e-01 -1.590501132e-01 -9.809928227e-01 5.487274891e+01 9.355200644e-03 9.872342021e-01 -1.590017413e-01 9.498309411e+00 9.937590000e-01 8.496500000e-03 1.112240000e-01 -1.200860000e-01
1.403777692e-02 -1.569781242e-01 -9.875022397e-01 5.476631985e+01 -3.535655107e-02 9.869036792e-01 -1.573857734e-01 9.487434065e+00 9.992760000e-01 3.712410000e-02 8.303730000e-03 -1.214270000e-01
-2.170412857e-02 -1.609398631e-01 -9.867259217e-01 5.450786889e+01 -3.624101871e-02 9.864361419e-01 -1.600955560e-01 9.433290369e+00 9.991070000e-01 3.228520000e-02 -2.724240000e-02 -1.538100000e-01
-1.321971002e-02 -1.601420868e-01 -9.870054624e-01 5.413256717e+01 -5.566825038e-02 9.856789370e-01 -1.591812092e-01 9.376919955e+00 9.983620000e-01 5.284060000e-02 -2.194520000e-02 -1.126940000e-01
-1.062827811e-02 -1.643515959e-01 -9.863444590e-01 5.379477762e+01 -2.684715147e-02 9.860912767e-01 -1.640202465e-01 9.323117465e+00 9.995830000e-01 2.473730000e-02 -1.489280000e-02 -1.297620000e-01
-1.876849109e-03 -1.570290267e-01 -9.875925009e-01 5.349573497e+01 -4.421880117e-02 9.866408929e-01 -1.567937849e-01 9.267462729e+00 9.990200000e-01 4.337580000e-02 -8.795410000e-03 -1.134800000e-01
6.458978261e-03 -1.554942608e-01 -9.878161668e-01 5.318126664e+01 -4.656000657e-02 9.867177795e-01 -1.556260451e-01 9.198826447e+00 9.988950000e-01 4.699790000e-02 -8.666260000e-04 -5.721610000e-02
6.560014790e-03 -1.606270526e-01 -9.869932735e-01 5.283613377e+01 -3.448910076e-02 9.863907383e-01 -1.607582065e-01 9.173927903e+00 9.993840000e-01 3.509510000e-02 9.308530000e-04 -6.524470000e-02
1.238912595e-01 -1.687104630e-01 -9.778486955e-01 5.262803470e+01 -1.902310284e-02 9.848551588e-01 -1.723296997e-01 9.120138116e+00 9.921130000e-01 3.995190000e-02 1.188050000e-01 -2.483280000e-02
2.442494590e-01 -1.589092861e-01 -9.566030930e-01 5.252015366e+01 1.071121453e-02 9.868633376e-01 -1.612010767e-01 9.086804527e+00 9.696530000e-01 2.912690000e-02 2.427430000e-01 3.369940000e-02
3.069757175e-01 -1.645348655e-01 -9.373872928e-01 5.223721676e+01 1.252751277e-02 9.855561371e-01 -1.688871590e-01 9.032248696e+00 9.516350000e-01 4.010110000e-02 3.046030000e-01 1.774020000e-01
3.183603019e-01 -1.553853684e-01 -9.351480364e-01 5.178871463e+01 5.964758252e-03 9.867837710e-01 -1.619344556e-01 8.933063831e+00 9.479510000e-01 4.597560000e-02 3.150790000e-01 3.582670000e-01
3.221438649e-01 -1.646017655e-01 -9.322715649e-01 5.150374604e+01 1.525441175e-02 9.855435915e-01 -1.687362760e-01 8.904864530e+00 9.465680000e-01 4.013610000e-02 3.199970000e-01 4.754990000e-01
4.116618472e-01 -1.605899140e-01 -8.970761218e-01 5.126849336e+01 4.273697665e-02 9.866707582e-01 -1.570170990e-01 8.845273255e+00 9.103340000e-01 2.629960000e-02 4.130380000e-01 6.090700000e-01
5.456546154e-01 -1.677051499e-01 -8.210576540e-01 5.116659160e+01 6.722539625e-02 9.853728824e-01 -1.565909889e-01 8.828133003e+00 8.353090000e-01 3.024860000e-02 5.489480000e-01 7.182570000e-01
5.408481354e-01 -1.686723830e-01 -8.240346240e-01 5.089428937e+01 6.524826320e-02 9.851484435e-01 -1.588257638e-01 8.766271919e+00 8.385860000e-01 3.213380000e-02 5.438210000e-01 9.266070000e-01
4.138706663e-01 -1.693316790e-01 -8.944476970e-01 5.076018828e+01 4.327093563e-02 9.850960819e-01 -1.664707723e-01 8.748268867e+00 9.093070000e-01 3.019380000e-02 4.150300000e-01 1.007500000e+00
2.944871988e-01 -1.624953611e-01 -9.417390877e-01 5.064276659e+01 1.844357110e-02 9.862209577e-01 -1.644030834e-01 8.725911162e+00 9.554770000e-01 3.104560000e-02 2.934260000e-01 1.024450000e+00
1.714204421e-01 -1.610748452e-01 -9.719416233e-01 5.054186431e+01 -8.069761269e-03 9.862815941e-01 -1.648747019e-01 8.708135318e+00 9.851650000e-01 3.610620000e-02 1.677690000e-01 1.003370000e+00
1.013403578e-01 -1.592418227e-01 -9.820245111e-01 5.031445369e+01 -1.571811280e-02 9.867271539e-01 -1.616263728e-01 8.655901651e+00 9.947280000e-01 3.181490000e-02 9.749220000e-02 1.004320000e+00
7.456734027e-02 -1.625196265e-01 -9.838839867e-01 4.990662355e+01 -2.305429879e-02 9.860861979e-01 -1.646306534e-01 8.592460237e+00 9.969490000e-01 3.495880000e-02 6.978300000e-02 1.076200000e+00
-6.605013126e-02 -1.600999416e-01 -9.848888067e-01 4.978886921e+01 -3.562372226e-02 9.867929723e-01 -1.580205840e-01 8.569600689e+00 9.971800000e-01 2.464820000e-02 -7.088120000e-02 1.042770000e+00
-2.023219139e-01 -1.649656942e-01 -9.653244467e-01 4.968143291e+01 -6.753523090e-02 9.857140427e-01 -1.542952768e-01 8.546633015e+00 9.769880000e-01 3.397610000e-02 -2.105730000e-01 1.011020000e+00
-3.232089182e-01 -1.586241432e-01 -9.329387919e-01 4.943398281e+01 -8.419200415e-02 9.867624855e-01 -1.386078842e-01 8.508174716e+00 9.425750000e-01 3.374670000e-02 -3.322860000e-01 8.724300000e-01
-3.753796391e-01 -1.464885950e-01 -9.152213224e-01 4.912364913e+01 -8.802055793e-02 9.886027090e-01 -1.221320396e-01 8.441005277e+00 9.226820000e-01 3.471240000e-02 -3.839960000e-01 7.920990000e-01
-4.854384295e-01 -1.596722480e-01 -8.595657725e-01 4.899287047e+01 -1.160631908e-01 9.862487762e-01 -1.176580021e-01 8.442251889e+00 8.665330000e-01 4.264830000e-02 -4.972950000e-01 7.056810000e-01
-6.064173411e-01 -1.594148139e-01 -7.790028435e-01 4.889128652e+01 -1.294746690e-01 9.864187206e-01 -1.010702973e-01 8.431399039e+00 7.845350000e-01 3.957040000e-02 -6.188210000e-01 6.084000000e-01
-7.178779240e-01 -1.662086173e-01 -6.760363808e-01 4.878614745e+01 -1.517450814e-01 9.850908083e-01 -8.105471611e-02 8.409323745e+00 6.794290000e-01 4.439780000e-02 -7.323960000e-01 4.917950000e-01
-8.079595857e-01 -1.547925290e-01 -5.685417218e-01 4.867700900e+01 -1.501752346e-01 9.871094982e-01 -5.533722398e-02 8.401163930e+00 5.697790000e-01 4.067070000e-02 -8.207910000e-01 3.283380000e-01
-7.954733046e-01 -1.569087051e-01 -5.853217410e-01 4.866945807e+01 -1.453310901e-01 9.871044552e-01 -6.710559329e-02 8.407382598e+00 5.883030000e-01 3.168470000e-02 -8.080190000e-01 1.549730000e-01
-7.069431023e-01 -1.590278607e-01 -6.891599151e-01 4.863196657e+01 -1.433289154e-01 9.863889130e-01 -8.058767417e-02 8.403959059e+00 6.925950000e-01 4.180570000e-02 -7.201140000e-01 1.580370000e-01
-5.948344234e-01 -1.551803282e-01 -7.887275135e-01 4.863342963e+01 -1.172779700e-01 9.874442249e-01 -1.058298886e-01 8.412136564e+00 7.952470000e-01 2.954910000e-02 -6.055650000e-01 1.356720000e-01
-4.766224701e-01 -1.495649144e-01 -8.662924225e-01 4.860484274e+01 -9.614448104e-02 9.883782757e-01 -1.177458920e-01 8.402919211e+00 8.738350000e-01 2.716880000e-02 -4.854630000e-01 1.478180000e-01
-5.786728606e-01 -1.607416915e-01 -7.995625283e-01 4.857277848e+01 -1.242268944e-01 9.863168591e-01 -1.083789383e-01 8.394005207e+00 8.060430000e-01 3.661120000e-02 -5.907240000e-01 8.558340000e-02
-7.036780282e-01 -1.560678589e-01 -6.931669556e-01 4.854258013e+01 -1.378291373e-01 9.870301196e-01 -8.231251898e-02 8.379074000e+00 6.970230000e-01 3.761710000e-02 -7.160610000e-01 1.905980000e-02
-6.569028671e-01 -1.556345912e-01 -7.377378304e-01 4.846203832e+01 -1.270000122e-01 9.873230497e-01 -9.520334733e-02 8.382193456e+00 7.432030000e-01 3.115330000e-02 -6.683410000e-01 -1.975710000e-03
-5.477706110e-01 -1.472398969e-01 -8.235706627e-01 4.840006815e+01 -1.147204185e-01 9.883120166e-01 -1.003904632e-01 8.374045841e+00 8.287260000e-01 3.948940000e-02 -5.582590000e-01 6.341400000e-03
-4.202871340e-01 -1.474729448e-01 -8.953271106e-01 4.835464015e+01 -9.838848906e-02 9.882940203e-01 -1.165998796e-01 8.356827252e+00 9.020410000e-01 3.908440000e-02 -4.298770000e-01 3.896050000e-02
-4.143668705e-01 -1.473573511e-01 -8.981007056e-01 4.833411988e+01 -9.390231594e-02 9.884609613e-01 -1.188584328e-01 8.349838015e+00 9.052530000e-01 3.508270000e-02 -4.234230000e-01 5.329770000e-02
-4.064276616e-01 -1.577536627e-01 -8.999607774e-01 4.835601298e+01 -1.041645998e-01 9.865600465e-01 -1.258921379e-01 8.358537612e+00 9.077260000e-01 4.257810000e-02 -4.173980000e-01 4.018480000e-02
-4.701243639e-01 -1.564113561e-01 -8.686299539e-01 4.826804905e+01 -1.102575667e-01 9.868701556e-01 -1.180282488e-01 8.354187483e+00 8.756860000e-01 4.028510000e-02 -4.811970000e-01 -6.895780000e-03
-5.318872327e-01 -1.599033740e-01 -8.315808502e-01 4.827064600e+01 -1.162196132e-01 9.865017504e-01 -1.153576484e-01 8.357233528e+00 8.388020000e-01 3.528870000e-02 -5.432920000e-01 1.078270000e-02
-5.380686218e-01 -1.569467357e-01 -8.281610846e-01 4.825818914e+01 -1.168246847e-01 9.869152142e-01 -1.111300939e-01 8.333321125e+00 8.347660000e-01 3.695400000e-02 -5.493630000e-01 -1.977810000e-02
-6.384449891e-01 -1.615332413e-01 -7.525254699e-01 4.826186570e+01 -1.347828870e-01 9.860850863e-01 -9.731750898e-02 8.337298477e+00 7.577740000e-01 3.929570000e-02 -6.513330000e-01 -9.423030000e-03
-7.248937076e-01 -1.654638476e-01 -6.686935669e-01 4.825375499e+01 -1.506736442e-01 9.853027966e-01 -8.046989853e-02 8.334670164e+00 6.721810000e-01 4.242240000e-02 -7.391710000e-01 -5.070050000e-02
-7.995465238e-01 -1.593456874e-01 -5.790796209e-01 4.808916022e+01 -1.493602145e-01 9.866265253e-01 -6.526576639e-02 8.332218050e+00 5.817350000e-01 3.430850000e-02 -8.126540000e-01 -2.474420000e-01
-8.653212054e-01 -1.718850042e-01 -4.708238708e-01 4.801135424e+01 -1.708329441e-01 9.842551520e-01 -4.535374751e-02 8.320363553e+00 4.712070000e-01 4.118670000e-02 -8.810610000e-01 -3.577720000e-01
-8.699712501e-01 -1.705860252e-01 -4.626567280e-01 4.781037775e+01 -1.676322551e-01 9.846873766e-01 -4.785176906e-02 8.295323212e+00 4.637350000e-01 3.592650000e-02 -8.852450000e-01 -7.186280000e-01
-8.763023140e-01 -1.594165038e-01 -4.546201591e-01 4.751939561e+01 -1.571151788e-01 9.866386743e-01 -4.312569448e-02 8.268925050e+00 4.554210000e-01 3.363660000e-02 -8.896410000e-01 -1.171980000e+00
-8.759777158e-01 -1.706344957e-01 -4.511621145e-01 4.728939624e+01 -1.677060001e-01 9.847249253e-01 -4.681551077e-02 8.236312351e+00 4.522590000e-01 3.465320000e-02 -8.912130000e-01 -1.567600000e+00
-8.809200428e-01 -1.586104140e-01 -4.458944955e-01 4.712878393e+01 -1.550009651e-01 9.868967567e-01 -4.482803866e-02 8.229295551e+00 4.471620000e-01 2.962420000e-02 -8.939620000e-01 -1.829440000e+00
-8.212751987e-01 -1.621747257e-01 -5.469978931e-01 4.698774033e+01 -1.491531096e-01 9.864372639e-01 -6.851861814e-02 8.220334981e+00 5.506910000e-01 2.531380000e-02 -8.343250000e-01 -2.040860000e+00
-7.401002519e-01 -1.659717792e-01 -6.516941200e-01 4.692194088e+01 -1.431459705e-01 9.857386140e-01 -8.848073621e-02 8.203602598e+00 6.570850000e-01 2.780280000e-02 -7.533030000e-01 -2.132680000e+00
-6.531933068e-01 -1.597578015e-01 -7.401454273e-01 4.679163551e+01 -1.278919318e-01 9.867224487e-01 -1.001132306e-01 8.180927494e+00 7.463120000e-01 2.926530000e-02 -6.649530000e-01 -2.226030000e+00
-5.700840687e-01 -1.572729154e-01 -8.063929091e-01 4.665937671e+01 -1.101462459e-01 9.872768864e-01 -1.146827339e-01 8.159913869e+00 8.141700000e-01 2.344230000e-02 -5.801540000e-01 -2.264430000e+00
-4.682875572e-01 -1.705173098e-01 -8.669662435e-01 4.652821484e+01 -1.026910184e-01 9.850557232e-01 -1.382753793e-01 8.149651844e+00 8.775890000e-01 2.427700000e-02 -4.788000000e-01 -2.295560000e+00
-3.290171306e-01 -1.608984746e-01 -9.305159491e-01 4.635746272e+01 -7.244383469e-02 9.867743399e-01 -1.450112527e-01 8.117345193e+00 9.415410000e-01 1.969900000e-02 -3.363220000e-01 -2.332410000e+00
-2.131015512e-01 -1.551101174e-01 -9.646390056e-01 4.622861015e+01 -6.173175547e-02 9.874824932e-01 -1.451458678e-01 8.083745814e+00 9.750780000e-01 2.861800000e-02 -2.200100000e-01 -2.369990000e+00
-2.888114182e-01 -1.576134965e-01 -9.443230356e-01 4.602731845e+01 -5.812088366e-02 9.874223767e-01 -1.470315509e-01 8.056660712e+00 9.556200000e-01 1.242050000e-02 -2.943400000e-01 -2.383700000e+00
-4.109319400e-01 -1.602418786e-01 -8.974726034e-01 4.593692982e+01 -8.512283924e-02 9.868748006e-01 -1.372287329e-01 8.039531813e+00 9.076830000e-01 2.000370000e-02 -4.191790000e-01 -2.448290000e+00
-5.483365948e-01 -1.618139928e-01 -8.204529986e-01 4.580017449e+01 -1.087030596e-01 9.865683674e-01 -1.219262635e-01 8.019595739e+00 8.291630000e-01 2.232910000e-02 -5.585610000e-01 -2.509670000e+00
-6.436424988e-01 -1.713739741e-01 -7.458917428e-01 4.570071909e+01 -1.361341472e-01 9.847015617e-01 -1.087694708e-01 8.013661637e+00 7.531210000e-01 3.153270000e-02 -6.571260000e-01 -2.611310000e+00
-7.585221346e-01 -1.651530620e-01 -6.303717320e-01 4.560705154e+01 -1.443864382e-01 9.859015263e-01 -8.456021418e-02 7.997571360e+00 6.354500000e-01 2.687630000e-02 -7.716740000e-01 -2.742610000e+00
-8.363364872e-01 -1.708941364e-01 -5.208992604e-01 4.558443313e+01 -1.626443199e-01 9.847395089e-01 -6.193259156e-02 7.996101666e+00 5.235340000e-01 3.292490000e-02 -8.513680000e-01 -2.775060000e+00
-8.982946902e-01 -1.786280021e-01 -4.014460298e-01 4.560238342e+01 -1.735888193e-01 9.835869678e-01 -4.922785682e-02 8.004826300e+00 4.036510000e-01 2.546540000e-02 -9.145590000e-01 -2.784860000e+00
-9.495119556e-01 -1.645926767e-01 -2.670901540e-01 4.560134325e+01 -1.665944680e-01 9.859064873e-01 -1.531220985e-02 7.994385795e+00 2.658460000e-01 2.995660000e-02 -9.635500000e-01 -2.773610000e+00
-9.749552387e-01 -1.724415828e-01 -1.404476844e-01 4.560585199e+01 -1.756576132e-01 9.843931515e-01 1.073893699e-02 8.010976012e+00 1.364040000e-01 3.514070000e-02 -9.900300000e-01 -2.777920000e+00
-9.846753247e-01 -1.739477382e-01 -1.248879970e-02 4.561463374e+01 -1.741930698e-01 9.844566929e-01 2.240330270e-02 8.012437187e+00 8.397680000e-03 2.423540000e-02 -9.996710000e-01 -2.773130000e+00
-9.756768623e-01 -1.817689020e-01 1.225311137e-01 4.562205091e+01 -1.762013478e-01 9.828200349e-01 5.492834074e-02 7.997927065e+00 -1.304100000e-01 3.200220000e-02 -9.909440000e-01 -2.781440000e+00
-9.510411983e-01 -1.747695117e-01 2.549030844e-01 4.561390497e+01 -1.591805361e-01 9.839438635e-01 8.072092016e-02 8.014010238e+00 -2.649180000e-01 3.619340000e-02 -9.635910000e-01 -2.767590000e+00
-9.132326953e-01 -1.709855879e-01 3.698246191e-01 4.562602698e+01 -1.467158686e-01 9.847951858e-01 9.301761090e-02 7.999088534e+00 -3.801060000e-01 3.068760000e-02 -9.244340000e-01 -2.757340000e+00
-8.457828806e-01 -1.820688094e-01 5.015004181e-01 4.565002819e+01 -1.422187021e-01 9.828975755e-01 1.169867888e-01 8.009300054e+00 -5.142230000e-01 2.762270000e-02 -8.572120000e-01 -2.738170000e+00
-7.724278493e-01 -1.792629612e-01 6.092781657e-01 4.566333810e+01 -1.187278642e-01 9.831845451e-01 1.387539826e-01 8.005910538e+00 -6.239060000e-01 3.483910000e-02 -7.807220000e-01 -2.739800000e+00
-6.829543157e-01 -1.804023231e-01 7.078334329e-01 4.566283453e+01 -1.011659609e-01 9.830447106e-01 1.529338957e-01 8.008030752e+00 -7.234220000e-01 3.283820000e-02 -6.896250000e-01 -2.728760000e+00
-5.924785548e-01 -1.846499754e-01 7.841384681e-01 4.567590484e+01 -8.178069889e-02 9.821345010e-01 1.694823068e-01 8.010586737e+00 -8.014250000e-01 3.628720000e-02 -5.969940000e-01 -2.676250000e+00
-4.873855309e-01 -1.970335400e-01 8.506665816e-01 4.569896454e+01 -7.329338365e-02 9.800024447e-01 1.849974691e-01 8.016765494e+00 -8.701060000e-01 2.781680000e-02 -4.920800000e-01 -2.654000000e+00
-3.831001396e-01 -1.850635321e-01 9.049782042e-01 4.569980435e+01 -4.150210875e-02 9.821837561e-01 1.832828637e-01 8.009440767e+00 -9.227740000e-01 3.265720000e-02 -3.839560000e-01 -2.647310000e+00
-2.640954046e-01 -1.984186927e-01 9.438664920e-01 4.570907279e+01 -3.050863112e-02 9.798387612e-01 1.974445930e-01 7.999668545e+00 -9.640140000e-01 2.334810000e-02 -2.648250000e-01 -2.649190000e+00
-1.593382867e-01 -1.917397448e-01 9.684245409e-01 4.571691627e+01 -1.139130577e-03 9.809927669e-01 1.940405556e-01 8.007016252e+00 -9.872230000e-01 2.981490000e-02 -1.565290000e-01 -2.617590000e+00
-2.765484495e-02 -1.904664205e-01 9.813042582e-01 4.571460510e+01 4.152338976e-02 9.806132910e-01 1.915026455e-01 7.994859668e+00 -9.987550000e-01 4.604300000e-02 -1.920990000e-02 -2.611980000e+00
7.587449320e-02 -1.985718218e-01 9.771448596e-01 4.569613345e+01 8.014851436e-02 9.780130057e-01 1.925249192e-01 7.996191827e+00 -9.938910000e-01 6.370900000e-02 9.012150000e-02 -2.628070000e+00
1.844348067e-01 -1.996285747e-01 9.623578617e-01 4.568811983e+01 6.847883114e-02 9.793858771e-01 1.900369734e-01 7.976547635e+00 -9.804560000e-01 3.085170000e-02 1.943040000e-01 -2.632460000e+00
2.796898955e-01 -1.945859879e-01 9.401645516e-01 4.569194477e+01 9.500312753e-02 9.800495703e-01 1.745783520e-01 7.987293324e+00 -9.553790000e-01 4.049080000e-02 2.925960000e-01 -2.583290000e+00
3.904247172e-01 -1.838823038e-01 9.020842461e-01 4.569592145e+01 1.029181997e-01 9.824255015e-01 1.557159612e-01 8.003363434e+00 -9.148640000e-01 3.204550000e-02 4.024890000e-01 -2.543810000e+00
4.901324797e-01 -1.681618095e-01 8.552727475e-01 4.570310384e+01 1.146835439e-01 9.851251081e-01 1.279710451e-01 8.018909743e+00 -8.640700000e-01 3.536290000e-02 5.021270000e-01 -2.527200000e+00
5.406709223e-01 -1.790077552e-01 8.219684697e-01 4.580091884e+01 1.204224814e-01 9.835036621e-01 1.349760693e-01 8.025014551e+00 -8.325700000e-01 2.600580000e-02 5.533080000e-01 -2.493860000e+00
5.454854173e-01 -1.845138558e-01 8.175571613e-01 4.606403960e+01 1.244310853e-01 9.824841529e-01 1.387139289e-01 8.049166989e+00 -8.288320000e-01 2.606310000e-02 5.588910000e-01 -2.327690000e+00
5.583291423e-01 -1.826337464e-01 8.092675757e-01 4.634978988e+01 1.242766565e-01 9.828727759e-01 1.360720934e-01 8.095305114e+00 -8.202590000e-01 2.460010000e-02 5.714640000e-01 -2.177240000e+00
6.050114779e-01 -1.865549297e-01 7.740537259e-01 4.657302031e+01 1.364543477e-01 9.820746554e-01 1.300356489e-01 8.120116903e+00 -7.844370000e-01 2.694990000e-02 6.196230000e-01 -2.030740000e+00
6.814141389e-01 -1.759808510e-01 7.104261391e-01 4.675124729e+01 1.382129358e-01 9.841382235e-01 1.112138810e-01 8.155971491e+00 -7.187290000e-01 2.240730000e-02 6.949290000e-01 -1.891890000e+00
7.429318925e-01 -1.707565968e-01 6.472200505e-01 4.682688723e+01 1.390525242e-01 9.851913793e-01 1.003080942e-01 8.152518446e+00 -6.547650000e-01 1.547550000e-02 7.556740000e-01 -1.756010000e+00
7.239870202e-01 -1.737621383e-01 6.675705350e-01 4.701775040e+01 1.419577195e-01 9.845699571e-01 1.023198869e-01 8.184039236e+00 -6.750490000e-01 2.068850000e-02 7.374830000e-01 -1.561750000e+00
6.984040822e-01 -1.659819105e-01 6.961899665e-01 4.721139263e+01 1.199505301e-01 9.861230176e-01 1.147739649e-01 8.199572055e+00 -7.055800000e-01 3.349720000e-03 7.086220000e-01 -1.335940000e+00
6.958787663e-01 -1.848017494e-01 6.939755322e-01 4.736639224e+01 1.538964713e-01 9.822492723e-01 1.072490654e-01 8.232557251e+00 -7.014760000e-01 3.216800000e-02 7.119660000e-01 -1.201840000e+00
7.633520007e-01 -1.761766773e-01 6.214949346e-01 4.748852863e+01 1.458227758e-01 9.842537995e-01 9.990177148e-02 8.245202084e+00 -6.293090000e-01 1.436790000e-02 7.770220000e-01 -1.039020000e+00
7.401958974e-01 -1.979565479e-01 6.425909907e-01 4.766681672e+01 1.671581032e-01 9.798519704e-01 1.093051450e-01 8.279206844e+00 -6.512820000e-01 2.650710000e-02 7.583730000e-01 -8.256740000e-01
7.163898858e-01 -1.756885983e-01 6.752183480e-01 4.784625580e+01 1.392622582e-01 9.843090800e-01 1.083588906e-01 8.312930886e+00 -6.836610000e-01 1.640520000e-02 7.296160000e-01 -6.245620000e-01
7.861353571e-01 -1.847314677e-01 5.898015238e-01 4.798627069e+01 1.583544203e-01 9.826350127e-01 9.670334217e-02 8.325573283e+00 -5.974240000e-01 1.737580000e-02 8.017370000e-01 -5.168580000e-01
8.523722632e-01 -1.771445497e-01 4.920178433e-01 4.801485511e+01 1.581846866e-01 9.841403768e-01 8.028719875e-02 8.319184789e+00 -4.984370000e-01 9.395080000e-03 8.668750000e-01 -3.991510000e-01
8.845319472e-01 -1.808876697e-01 4.299802592e-01 4.798535153e+01 1.693819781e-01 9.833877843e-01 6.525646466e-02 8.307180579e+00 -4.346420000e-01 1.510950000e-02 9.004770000e-01 -2.947290000e-01
8.756986741e-01 -1.890221323e-01 4.443211515e-01 4.807515403e+01 1.774013135e-01 9.817843395e-01 6.803315855e-02 8.325589700e+00 -4.490880000e-01 1.924660000e-02 8.932800000e-01 -1.407820000e-01
8.663801235e-01 -1.837202607e-01 4.643625612e-01 4.819243419e+01 1.714765707e-01 9.827768205e-01 6.889448477e-02 8.326928031e+00 -4.690220000e-01 1.993850000e-02 8.829610000e-01 -9.512710000e-03
8.498123884e-01 -1.859190083e-01 4.932062827e-01 4.829163056e+01 1.697271261e-01 9.824085306e-01 7.788267134e-02 8.341784565e+00 -4.990100000e-01 1.752480000e-02 8.664190000e-01 2.126330000e-01
8.994430273e-01 -1.751941467e-01 4.003864168e-01 4.838154087e+01 1.654087153e-01 9.844480922e-01 5.917735553e-02 8.353754705e+00 -4.045270000e-01 1.300070000e-02 9.144340000e-01 3.595450000e-01
9.452609492e-01 -1.808419892e-01 2.716226579e-01 4.840442043e+01 1.785294797e-01 9.833670098e-01 3.341844784e-02 8.359069486e+00 -2.731480000e-01 1.690350000e-02 9.618230000e-01 5.238080000e-01
9.747759624e-01 -1.762887507e-01 1.368717142e-01 4.844922942e+01 1.771452918e-01 9.841661443e-01 5.994443448e-03 8.360756142e+00 -1.357610000e-01 1.840290000e-02 9.905710000e-01 6.443350000e-01
9.837738380e-01 -1.781762538e-01 -2.101489262e-02 4.845561724e+01 1.778112784e-01 9.838976774e-01 -1.812858502e-02 8.344251193e+00 2.390660000e-02 1.409780000e-02 9.996150000e-01 8.219580000e-01
9.741536191e-01 -1.744972936e-01 -1.434396309e-01 4.842641755e+01 1.689654491e-01 9.843542860e-01 -4.997737465e-02 8.352834923e+00 1.499160000e-01 2.444930000e-02 9.883960000e-01 9.495650000e-01
9.471644541e-01 -1.721759686e-01 -2.706178744e-01 4.839299001e+01 1.611910596e-01 9.849430336e-01 -6.248299562e-02 8.330070943e+00 2.773020000e-01 1.556050000e-02 9.606570000e-01 1.076710000e+00
9.269682402e-01 -1.664769536e-01 -3.361772393e-01 4.831153199e+01 1.482094441e-01 9.857566569e-01 -7.948303779e-02 8.303414688e+00 3.446210000e-01 2.385360000e-02 9.384390000e-01 1.296910000e+00
9.093836141e-01 -1.729117279e-01 -3.783147310e-01 4.822313122e+01 1.501865367e-01 9.846414210e-01 -8.902295586e-02 8.290063353e+00 3.878980000e-01 2.413830000e-02 9.213860000e-01 1.536230000e+00
8.831040890e-01 -1.699040677e-01 -4.373325575e-01 4.814487208e+01 1.397521715e-01 9.850732525e-01 -1.005006139e-01 8.258670355e+00 4.478800000e-01 2.763440000e-02 8.936670000e-01 1.703220000e+00
8.426080562e-01 -1.662945068e-01 -5.122097020e-01 4.798943425e+01 1.278751505e-01 9.857088723e-01 -1.096611391e-01 8.216693857e+00 5.231250000e-01 2.690250000e-02 8.518310000e-01 1.889780000e+00
8.476841826e-01 -1.587607483e-01 -5.061884688e-01 4.786391461e+01 1.261172169e-01 9.871228399e-01 -9.839993929e-02 8.198719503e+00 5.152920000e-01 1.957300000e-02 8.567910000e-01 2.168220000e+00
8.483501091e-01 -1.653197933e-01 -5.029629628e-01 4.771025223e+01 1.341255681e-01 9.861171968e-01 -9.789833630e-02 8.157753084e+00 5.121650000e-01 1.559190000e-02 8.587460000e-01 2.408930000e+00
8.492640891e-01 -1.736547573e-01 -4.985929579e-01 4.759830606e+01 1.357029896e-01 9.844306904e-01 -1.117210002e-01 8.139507396e+00 5.102310000e-01 2.722010000e-02 8.596070000e-01 2.667900000e+00
8.663070838e-01 -1.569481161e-01 -4.742146326e-01 4.743184550e+01 1.206680236e-01 9.869938029e-01 -1.062203162e-01 8.078448572e+00 4.847180000e-01 3.479690000e-02 8.739780000e-01 2.962330000e+00
8.515948385e-01 -1.619428935e-01 -4.985576191e-01 4.726703883e+01 1.289528979e-01 9.865762950e-01 -1.001952781e-01 8.027776138e+00 5.080910000e-01 2.103530000e-02 8.610460000e-01 3.294790000e+00
7.487362097e-01 -1.709373650e-01 -6.404492829e-01 4.715468848e+01 1.108635147e-01 9.848616385e-01 -1.332537885e-01 8.030835828e+00 6.535320000e-01 2.876950000e-02 7.563520000e-01 3.413730000e+00
6.426373041e-01 -1.702796741e-01 -7.470088627e-01 4.707498865e+01 8.536726233e-02 9.848329667e-01 -1.510514907e-01 8.020934104e+00 7.614000000e-01 3.330120000e-02 6.474260000e-01 3.443450000e+00
5.171032421e-01 -1.689982739e-01 -8.390731413e-01 4.699916341e+01 6.052078136e-02 9.850798693e-01 -1.611076747e-01 8.005805907e+00 8.537800000e-01 3.252790000e-02 5.196160000e-01 3.436090000e+00
4.854501779e-01 -1.643079701e-01 -8.586857889e-01 4.695117529e+01 4.711088335e-02 9.856702245e-01 -1.619724788e-01 7.990253413e+00 8.729940000e-01 3.817610000e-02 4.862350000e-01 3.421820000e+00
5.712787222e-01 -1.656967227e-01 -8.038565546e-01 4.680553533e+01 7.192810574e-02 9.857484445e-01 -1.520723632e-01 7.953246133e+00 8.175980000e-01 2.905580000e-02 5.750550000e-01 3.559460000e+00
6.970965202e-01 -1.771262620e-01 -6.947534265e-01 4.671443008e+01 1.032517418e-01 9.837035999e-01 -1.471936155e-01 7.929793308e+00 7.095030000e-01 3.087370000e-02 7.040250000e-01 3.667400000e+00
7.884528976e-01 -1.666627303e-01 -5.920854929e-01 4.668356502e+01 1.141235082e-01 9.855160994e-01 -1.254342465e-01 7.923100303e+00 6.044150000e-01 3.132810000e-02 7.960530000e-01 3.789480000e+00
8.194167014e-01 -1.715208889e-01 -5.469337390e-01 4.654525836e+01 1.144837562e-01 9.839271572e-01 -1.370440121e-01 7.887085564e+00 5.616490000e-01 4.968110000e-02 8.258830000e-01 4.020180000e+00
8.253230323e-01 -1.707279020e-01 -5.382325300e-01 4.641567568e+01 1.308633673e-01 9.850762731e-01 -1.118020183e-01 7.871401891e+00 5.492880000e-01 2.183790000e-02 8.353480000e-01 4.233040000e+00
8.253184428e-01 -1.705985966e-01 -5.382796942e-01 4.632964278e+01 1.303417232e-01 9.850825439e-01 -1.123581008e-01 7.854185479e+00 5.494180000e-01 2.257090000e-02 8.352430000e-01 4.362940000e+00
8.146520096e-01 -1.718573784e-01 -5.539013614e-01 4.622602441e+01 1.298882939e-01 9.848903716e-01 -1.145452850e-01 7.823549019e+00 5.652180000e-01 2.136920000e-02 8.246650000e-01 4.542030000e+00
7.386803814e-01 -1.610536036e-01 -6.545324110e-01 4.611877079e+01 1.050021970e-01 9.866755104e-01 -1.242789996e-01 7.780123217e+00 6.658270000e-01 2.307510000e-02 7.457490000e-01 4.662520000e+00
7.187264444e-01 -1.711470344e-01 -6.739006904e-01 4.592057613e+01 1.041295010e-01 9.847954541e-01 -1.390479375e-01 7.757539079e+00 6.874520000e-01 2.976440000e-02 7.256200000e-01 4.890010000e+00
7.086157825e-01 -1.620570982e-01 -6.867323424e-01 4.579257940e+01 9.327081244e-02 9.862408709e-01 -1.364928882e-01 7.715081956e+00 6.994030000e-01 3.266890000e-02 7.139810000e-01 5.052090000e+00
6.310121395e-01 -1.619933677e-01 -7.586705670e-01 4.571196537e+01 7.649279802e-02 9.861812510e-01 -1.469503880e-01 7.699535249e+00 7.719920000e-01 3.469470000e-02 6.346840000e-01 5.122000000e+00
5.778579856e-01 -1.729873409e-01 -7.975934458e-01 4.551634614e+01 7.266874538e-02 9.843023954e-01 -1.608334111e-01 7.670206568e+00 8.128960000e-01 3.497880000e-02 5.813580000e-01 5.244000000e+00
5.812309825e-01 -1.634393192e-01 -7.971557309e-01 4.536395998e+01 6.841933702e-02 9.859685173e-01 -1.522644902e-01 7.620977530e+00 8.108570000e-01 3.396000000e-02 5.842580000e-01 5.375700000e+00
5.829251427e-01 -1.627115230e-01 -7.960672935e-01 4.519340704e+01 6.175620952e-02 9.857821461e-01 -1.562668004e-01 7.602183572e+00 8.101760000e-01 4.192970000e-02 5.846860000e-01 5.522210000e+00
5.888619942e-01 -1.549409656e-01 -7.932428313e-01 4.500055659e+01 5.829997797e-02 9.870388923e-01 -1.495155981e-01 7.546997127e+00 8.061280000e-01 4.179800000e-02 5.902630000e-01 5.670330000e+00
5.803868570e-01 -1.584811283e-01 -7.987703773e-01 4.483123298e+01 6.821846859e-02 9.868939342e-01 -1.462385146e-01 7.519560158e+00 8.114780000e-01 3.038400000e-02 5.835920000e-01 5.793190000e+00
5.827942212e-01 -1.542465048e-01 -7.978464758e-01 4.467450905e+01 6.213696757e-02 9.874043253e-01 -1.455049040e-01 7.485915577e+00 8.102410000e-01 3.522370000e-02 5.850380000e-01 5.952420000e+00
5.878722953e-01 -1.571376855e-01 -7.935456405e-01 4.444468020e+01 6.903619080e-02 9.871193594e-01 -1.443259272e-01 7.440741728e+00 8.060030000e-01 3.006180000e-02 5.911480000e-01 6.101210000e+00
5.903597729e-01 -1.605461603e-01 -7.910114044e-01 4.424280669e+01 6.366969562e-02 9.862275028e-01 -1.526486952e-01 7.422007914e+00 8.046250000e-01 3.975420000e-02 5.924510000e-01 6.263630000e+00
5.871745412e-01 -1.645999665e-01 -7.925481993e-01 4.403347800e+01 6.260798280e-02 9.854095087e-01 -1.582696100e-01 7.364790825e+00 8.070360000e-01 4.331200000e-02 5.889120000e-01 6.465600000e+00
6.170903237e-01 -1.700264510e-01 -7.683039643e-01 4.387851921e+01 8.336765809e-02 9.850083724e-01 -1.510237184e-01 7.340750507e+00 7.824640000e-01 2.914360000e-02 6.220130000e-01 6.566520000e+00
7.005058216e-01 -1.573584351e-01 -6.960812804e-01 4.381425382e+01 9.076507719e-02 9.871111928e-01 -1.318074873e-01 7.302580533e+00 7.078510000e-01 2.915200000e-02 7.057600000e-01 6.693630000e+00
7.112561790e-01 -1.563736289e-01 -6.853194434e-01 4.361434096e+01 8.400282511e-02 9.868634008e-01 -1.379971171e-01 7.252308553e+00 6.978960000e-01 4.058250000e-02 7.150490000e-01 6.900350000e+00
7.020866285e-01 -1.661599314e-01 -6.924345018e-01 4.347844891e+01 9.279569479e-02 9.854522658e-01 -1.423846544e-01 7.242636316e+00 7.060190000e-01 3.571140000e-02 7.072920000e-01 7.052650000e+00
7.183242911e-01 -1.578680865e-01 -6.775603321e-01 4.332839150e+01 8.823752870e-02 9.867225529e-01 -1.363552451e-01 7.192657736e+00 6.900900000e-01 3.816110000e-02 7.227170000e-01 7.218620000e+00
7.098784807e-01 -1.641576787e-01 -6.849268401e-01 4.316909457e+01 1.004353338e-01 9.861148181e-01 -1.322498646e-01 7.155798806e+00 6.971260000e-01 2.509050000e-02 7.165090000e-01 7.405240000e+00
6.218852104e-01 -1.625239755e-01 -7.660580198e-01 4.306199704e+01 7.847399592e-02 9.862360790e-01 -1.455312231e-01 7.159565224e+00 7.791670000e-01 3.038810000e-02 6.260800000e-01 7.503620000e+00
5.262960508e-01 -1.558873544e-01 -8.358896403e-01 4.292833228e+01 5.259409779e-02 9.871365986e-01 -1.509794643e-01 7.133523514e+00 8.486730000e-01 3.549700000e-02 5.277250000e-01 7.546460000e+00
4.083400394e-01 -1.542837111e-01 -8.996970346e-01 4.284876192e+01 2.390900322e-02 9.870828831e-01 -1.584175213e-01 7.106378202e+00 9.125170000e-01 4.317740000e-02 4.067550000e-01 7.599970000e+00
3.088351626e-01 -1.559170006e-01 -9.382484023e-01 4.270682358e+01 1.513432866e-02 9.871525832e-01 -1.590621178e-01 7.083114112e+00 9.509950000e-01 3.492420000e-02 3.072280000e-01 7.624120000e+00
3.178336583e-01 -1.667175293e-01 -9.333739493e-01 4.245483079e+01 1.267132434e-02 9.850790276e-01 -1.716379229e-01 7.038246261e+00 9.480620000e-01 4.272520000e-02 3.152040000e-01 7.720790000e+00
3.479856668e-01 -1.610476884e-01 -9.235640982e-01 4.210539272e+01 1.967642945e-02 9.861723296e-01 -1.645514207e-01 6.969761164e+00 9.372930000e-01 3.908910000e-02 3.463420000e-01 7.836590000e+00
3.702793572e-01 -1.586215452e-01 -9.152774436e-01 4.182680771e+01 1.918253034e-02 9.864083223e-01 -1.631885418e-01 6.923666462e+00 9.287230000e-01 4.286800000e-02 3.682890000e-01 7.940850000e+00
4.032410624e-01 -1.609737745e-01 -9.008245154e-01 4.144271137e+01 1.788818926e-02 9.856050857e-01 -1.681163313e-01 6.841070297e+00 9.149190000e-01 5.167730000e-02 4.003160000e-01 8.100590000e+00
4.545063318e-01 -1.547226947e-01 -8.772028901e-01 4.105605026e+01 4.037525954e-02 9.873648767e-01 -1.532335168e-01 6.760172899e+00 8.898280000e-01 3.422830000e-02 4.550100000e-01 8.277810000e+00
4.286093771e-01 -1.572379213e-01 -8.897023520e-01 4.074636971e+01 2.734348519e-02 9.865465368e-01 -1.611806364e-01 6.711136110e+00 9.030760000e-01 4.475600000e-02 4.271420000e-01 8.437900000e+00
2.854710474e-01 -1.541550326e-01 -9.459086726e-01 4.061317829e+01 6.472766338e-03 9.872668361e-01 -1.589418125e-01 6.676795363e+00 9.583660000e-01 3.925060000e-02 2.828340000e-01 8.451480000e+00
1.229555740e-01 -1.519577365e-01 -9.807095651e-01 4.051964761e+01 -1.580358264e-02 9.877823890e-01 -1.550351294e-01 6.670394912e+00 9.922860000e-01 3.456110000e-02 1.190520000e-01 8.420930000e+00
-3.874303721e-02 -1.582015652e-01 -9.866465533e-01 4.044055766e+01 -4.046759523e-02 9.868266306e-01 -1.566412600e-01 6.656205343e+00 9.984290000e-01 3.385850000e-02 -4.463470000e-02 8.367470000e+00
-2.003854682e-01 -1.556009272e-01 -9.672815253e-01 4.033679014e+01 -7.396309636e-02 9.868925001e-01 -1.434330817e-01 6.645081307e+00 9.769210000e-01 4.280120000e-02 -2.092680000e-01 8.264170000e+00
-3.183775995e-01 -1.560440951e-01 -9.350331783e-01 4.032283803e+01 -9.989453899e-02 9.863900885e-01 -1.306008945e-01 6.637362708e+00 9.426860000e-01 5.182430000e-02 -3.296320000e-01 8.187310000e+00
-3.110549297e-01 -1.458423039e-01 -9.391355010e-01 4.005021082e+01 -8.443261805e-02 9.884885803e-01 -1.255415065e-01 6.591279073e+00 9.466340000e-01 4.024340000e-02 -3.197880000e-01 8.013490000e+00
-1.649896561e-01 -1.542496910e-01 -9.741589892e-01 3.984253377e+01 -7.728740192e-02 9.866796557e-01 -1.431423864e-01 6.554406280e+00 9.832620000e-01 5.167320000e-02 -1.747140000e-01 8.056290000e+00
-1.249727963e-01 -1.603622186e-01 -9.791150224e-01 3.956594085e+01 -6.842566166e-02 9.858950926e-01 -1.527389110e-01 6.511349365e+00 9.897980000e-01 4.790840000e-02 -1.341830000e-01 8.059040000e+00
-1.553557909e-01 -1.494269845e-01 -9.764917360e-01 3.907982831e+01 -6.740128525e-02 9.877928653e-01 -1.404331705e-01 6.425200220e+00 9.855560000e-01 4.399970000e-02 -1.635310000e-01 8.048030000e+00
-9.304290337e-02 -1.509234094e-01 -9.841571251e-01 3.876610562e+01 -5.780002480e-02 9.875961841e-01 -1.459864291e-01 6.374046135e+00 9.939830000e-01 4.330130000e-02 -1.006130000e-01 8.051690000e+00
-1.219480923e-01 -1.513148436e-01 -9.809348979e-01 3.840371088e+01 -6.104418174e-02 9.875829315e-01 -1.447516320e-01 6.312858236e+00 9.906580000e-01 4.222820000e-02 -1.296700000e-01 8.017760000e+00
-1.159220623e-01 -1.442998684e-01 -9.827207082e-01 3.803253918e+01 -6.707319141e-02 9.882695989e-01 -1.372026939e-01 6.250175501e+00 9.909910000e-01 5.000940000e-02 -1.242410000e-01 7.997130000e+00
-8.902537819e-02 -1.553687004e-01 -9.838371305e-01 3.762299304e+01 -5.641377746e-02 9.869598727e-01 -1.507572161e-01 6.176784303e+00 9.944300000e-01 4.208070000e-02 -9.662940000e-02 8.005340000e+00
6.033749974e-02 -1.550501459e-01 -9.860626934e-01 3.747329499e+01 -2.959436412e-02 9.871496212e-01 -1.570321376e-01 6.164757488e+00 9.977390000e-01 3.865680000e-02 5.497350000e-02 8.063230000e+00
1.408493878e-01 -1.597295400e-01 -9.770605212e-01 3.729033351e+01 -1.588535091e-02 9.864072879e-01 -1.635475032e-01 6.113189633e+00 9.899040000e-01 3.855650000e-02 1.363970000e-01 8.109740000e+00
1.269312463e-01 -1.662346044e-01 -9.778830209e-01 3.686604321e+01 -1.912746202e-02 9.852628633e-01 -1.699721419e-01 6.062503452e+00 9.917270000e-01 4.027920000e-02 1.218810000e-01 8.204830000e+00
1.093310986e-01 -1.583706897e-01 -9.813085573e-01 3.652302312e+01 -3.049845953e-02 9.862268386e-01 -1.625624822e-01 5.978721692e+00 9.935370000e-01 4.770150000e-02 1.029950000e-01 8.261880000e+00
7.460079406e-02 -1.604920954e-01 -9.842136849e-01 3.604564757e+01 -3.711812418e-02 9.858331870e-01 -1.635696078e-01 5.907130926e+00 9.965220000e-01 4.873460000e-02 6.758680000e-02 8.363950000e+00
4.839326909e-02 -1.623848178e-01 -9.855399233e-01 3.567110159e+01 -2.432712602e-02 9.862114290e-01 -1.636901655e-01 5.855389054e+00 9.985320000e-01 3.189690000e-02 4.377570000e-02 8.405050000e+00
2.318747192e-02 -1.449770975e-01 -9.891635430e-01 3.532472748e+01 -3.721524245e-02 9.886187125e-01 -1.457696055e-01 5.759681157e+00 9.990380000e-01 4.019200000e-02 1.752820000e-02 8.412540000e+00
2.695644958e-02 -1.568144652e-01 -9.872605184e-01 3.500062220e+01 -4.154656637e-02 9.865895955e-01 -1.578424858e-01 5.724712305e+00 9.987730000e-01 4.527210000e-02 2.007980000e-02 8.461010000e+00
7.554214066e-02 -1.529342361e-01 -9.853445220e-01 3.472292969e+01 -3.486673339e-02 9.871586667e-01 -1.558889157e-01 5.651748550e+00 9.965330000e-01 4.613190000e-02 6.923980000e-02 8.525170000e+00
2.224371155e-01 -1.590619123e-01 -9.618844953e-01 3.460938026e+01 -3.534272461e-03 9.864628547e-01 -1.639438154e-01 5.650456022e+00 9.749410000e-01 3.986680000e-02 2.188640000e-01 8.552440000e+00
4.058121385e-01 -1.562188945e-01 -9.005065383e-01 3.453911612e+01 4.102851679e-02 9.874045825e-01 -1.528042809e-01 5.625345454e+00 9.130350000e-01 2.506340000e-02 4.071100000e-01 8.616830000e+00
5.481779380e-01 -1.600741213e-01 -8.209005945e-01 3.450506471e+01 5.337632566e-02 9.862087873e-01 -1.566655150e-01 5.613359013e+00 8.346570000e-01 4.206390000e-02 5.491620000e-01 8.793150000e+00
5.331868996e-01 -1.690136148e-01 -8.289430245e-01 3.442090762e+01 6.847158196e-02 9.852473781e-01 -1.568409711e-01 5.593606476e+00 8.432220000e-01 2.686650000e-02 5.368940000e-01 9.049260000e+00
5.202621205e-01 -1.657065408e-01 -8.377758602e-01 3.421468228e+01 4.756490769e-02 9.850945463e-01 -1.653071407e-01 5.560019852e+00 8.526810000e-01 4.615430000e-02 5.203890000e-01 9.198590000e+00
3.992095568e-01 -1.518252413e-01 -9.042020850e-01 3.410077645e+01 2.987068346e-02 9.878244658e-01 -1.526784212e-01 5.519334616e+00 9.163730000e-01 3.394160000e-02 3.988840000e-01 9.223590000e+00
2.287688825e-01 -1.536279021e-01 -9.612822873e-01 3.401641905e+01 1.268602921e-03 9.875155430e-01 -1.575184906e-01 5.505961438e+00 9.734800000e-01 3.481580000e-02 2.261080000e-01 9.226320000e+00
3.984435553e-02 -1.584553680e-01 -9.865623567e-01 3.393063114e+01 -4.288012290e-02 9.861653013e-01 -1.601235018e-01 5.505486340e+00 9.982850000e-01 4.868390000e-02 3.249850000e-02 9.154810000e+00
-1.133029513e-01 -1.607845682e-01 -9.804641779e-01 3.387636035e+01 -5.686142387e-02 9.862511668e-01 -1.551625443e-01 5.502858931e+00 9.919320000e-01 3.817020000e-02 -1.208880000e-01 9.085940000e+00
-2.602819054e-01 -1.695676703e-01 -9.505258402e-01 3.383379152e+01 -8.924104470e-02 9.844685979e-01 -1.511859042e-01 5.509567376e+00 9.614000000e-01 4.547500000e-02 -2.713720000e-01 8.967320000e+00
-2.986627250e-01 -1.509495107e-01 -9.423451567e-01 3.364837018e+01 -8.806659969e-02 9.875581294e-01 -1.302804799e-01 5.458960708e+00 9.502870000e-01 4.407920000e-02 -3.082410000e-01 8.848660000e+00
-2.766944988e-01 -1.517409490e-01 -9.489019908e-01 3.337295321e+01 -8.619415055e-02 9.873930366e-01 -1.327624321e-01 5.406925929e+00 9.570840000e-01 4.505510000e-02 -2.862850000e-01 8.777650000e+00
-1.620831647e-01 -1.658672644e-01 -9.727367929e-01 3.317331716e+01 -7.518204116e-02 9.849817902e-01 -1.554280456e-01 5.383823656e+00 9.839090000e-01 4.794010000e-02 -1.721190000e-01 8.723890000e+00
-2.188480091e-02 -1.621931547e-01 -9.865163888e-01 3.301129978e+01 -4.849900267e-02 9.857629497e-01 -1.609934977e-01 5.355439083e+00 9.985830000e-01 4.432180000e-02 -2.943940000e-02 8.756600000e+00
1.028321601e-01 -1.590662684e-01 -9.818974883e-01 3.285189170e+01 -2.360523189e-02 9.864622352e-01 -1.622779786e-01 5.347057256e+00 9.944190000e-01 3.986530000e-02 9.768530000e-02 8.865000000e+00
1.144411377e-01 -1.626366003e-01 -9.800268159e-01 3.262853467e+01 -2.586208279e-02 9.856857357e-01 -1.665958818e-01 5.279816868e+00 9.930930000e-01 4.441100000e-02 1.085970000e-01 8.944540000e+00
1.369716484e-01 -1.551001628e-01 -9.783571815e-01 3.223351568e+01 -2.143085822e-02 9.869707962e-01 -1.594660254e-01 5.216492645e+00 9.903430000e-01 4.280930000e-02 1.318630000e-01 8.975540000e+00
1.682961193e-01 -1.543728860e-01 -9.735732457e-01 3.188360533e+01 -2.631198898e-02 9.866055697e-01 -1.609876294e-01 5.142096142e+00 9.853850000e-01 5.271020000e-02 1.619800000e-01 9.027160000e+00
1.647646459e-01 -1.568315243e-01 -9.737850062e-01 3.155427898e+01 -1.547317794e-02 9.867457493e-01 -1.615369222e-01 5.080632069e+00 9.862120000e-01 4.168310000e-02 1.601540000e-01 9.125600000e+00
1.845493111e-01 -1.469073702e-01 -9.717814350e-01 3.122264607e+01 -1.431937125e-02 9.882583067e-01 -1.521176293e-01 5.014790577e+00 9.827190000e-01 4.198850000e-02 1.802780000e-01 9.205670000e+00
2.087552563e-01 -1.588024864e-01 -9.649885067e-01 3.091615079e+01 -1.673918346e-02 9.860038121e-01 -1.658819237e-01 4.975315605e+00 9.778250000e-01 5.078180000e-02 2.031750000e-01 9.238680000e+00
1.970044925e-01 -1.521418268e-01 -9.685262944e-01 3.060621159e+01 -7.069333045e-03 9.876400477e-01 -1.565823391e-01 4.898981395e+00 9.803770000e-01 3.769420000e-02 1.934930000e-01 9.345530000e+00
2.238914045e-01 -1.607169945e-01 -9.612710803e-01 3.033211826e+01 -1.083311226e-02 9.858385710e-01 -1.673475522e-01 4.856104256e+00 9.745540000e-01 4.788120000e-02 2.189800000e-01 9.391410000e+00
2.245187110e-01 -1.573226191e-01 -9.616863820e-01 3.006941561e+01 -9.412111527e-04 9.868465998e-01 -1.616581426e-01 4.820490489e+00 9.744690000e-01 3.720040000e-02 2.214170000e-01 9.487690000e+00
2.298634578e-01 -1.689838912e-01 -9.584398214e-01 2.987002117e+01 3.690741423e-04 9.848253586e-01 -1.735474415e-01 4.771544725e+00 9.732230000e-01 3.953840000e-02 2.264380000e-01 9.553610000e+00
2.314630292e-01 -1.727968680e-01 -9.573749275e-01 2.962464947e+01 3.581530279e-03 9.842436316e-01 -1.767806029e-01 4.735517323e+00 9.728370000e-01 3.748930000e-02 2.284350000e-01 9.605470000e+00
2.406846866e-01 -1.682449547e-01 -9.559108123e-01 2.935384858e+01 5.862723469e-03 9.850961110e-01 -1.719056557e-01 4.680854377e+00 9.705860000e-01 3.577080000e-02 2.380830000e-01 9.701090000e+00
2.536043250e-01 -1.625444299e-01 -9.535536067e-01 2.904506377e+01 -2.374252379e-03 9.856725838e-01 -1.686511935e-01 4.626940125e+00 9.673050000e-01 4.503470000e-02 2.495850000e-01 9.751370000e+00
2.648103150e-01 -1.665707025e-01 -9.498056026e-01 2.873492529e+01 -1.425004084e-03 9.848989085e-01 -1.731226674e-01 4.602427215e+00 9.643000000e-01 4.719820000e-02 2.605740000e-01 9.882840000e+00
2.485482321e-01 -1.553562771e-01 -9.560792647e-01 2.873155873e+01 -9.335700313e-03 9.866232681e-01 -1.627464111e-01 4.558632766e+00 9.685750000e-01 4.937610000e-02 2.437730000e-01 9.917960000e+00
1.996438001e-01 -1.467919213e-01 -9.688108612e-01 2.865137450e+01 -9.171420489e-03 9.883918950e-01 -1.516487511e-01 4.542194699e+00 9.798260000e-01 3.916110000e-02 1.959800000e-01 9.929640000e+00
1.180960027e-01 -1.578745842e-01 -9.803714991e-01 2.850895012e+01 -4.128247046e-02 9.856469200e-01 -1.636967309e-01 4.527318752e+00 9.921440000e-01 5.980410000e-02 1.098830000e-01 9.986340000e+00
6.949163383e-02 -1.487615777e-01 -9.864286512e-01 2.848138283e+01 -3.522238920e-02 9.878359955e-01 -1.514553013e-01 4.518034306e+00 9.969610000e-01 4.526920000e-02 6.340660000e-02 9.939880000e+00
3.427985824e-02 -1.528848631e-01 -9.876488949e-01 2.839959181e+01 -5.418524431e-02 9.864919761e-01 -1.545864314e-01 4.485907651e+00 9.979420000e-01 5.881530000e-02 2.553280000e-02 9.938560000e+00
-6.977627733e-02 -1.572956664e-01 -9.850836655e-01 2.822886478e+01 -7.461757219e-02 9.855464400e-01 -1.520843732e-01 4.486801352e+00 9.947680000e-01 6.289260000e-02 -8.050490000e-02 9.961240000e+00
-1.619888282e-01 -1.552547941e-01 -9.745028213e-01 2.820369554e+01 -8.507715494e-02 9.860660059e-01 -1.429548652e-01 4.466338202e+00 9.831180000e-01 5.975080000e-02 -1.729400000e-01 9.889720000e+00
-2.481881974e-01 -1.539953023e-01 -9.563932860e-01 2.804802469e+01 -8.956204812e-02 9.867027076e-01 -1.356339002e-01 4.460796944e+00 9.645630000e-01 5.199380000e-02 -2.586800000e-01 9.886830000e+00
-3.017510843e-01 -1.542267611e-01 -9.408299743e-01 2.796427338e+01 -9.799734500e-02 9.866192831e-01 -1.303023853e-01 4.433220587e+00 9.483370000e-01 5.288000000e-02 -3.128270000e-01 9.807900000e+00
-3.482213438e-01 -1.534908594e-01 -9.247609782e-01 2.789250019e+01 -1.126744776e-01 9.862047800e-01 -1.212614064e-01 4.425820998e+00 9.306160000e-01 6.197110000e-02 -3.607120000e-01 9.727520000e+00
-3.304092269e-01 -1.577058712e-01 -9.305692798e-01 2.775458603e+01 -1.153917107e-01 9.852951727e-01 -1.260092407e-01 4.400539478e+00 9.367570000e-01 6.574540000e-02 -3.437490000e-01 9.676260000e+00
-3.055762994e-01 -1.496451388e-01 -9.403344831e-01 2.745913973e+01 -9.803214565e-02 9.872689249e-01 -1.252572002e-01 4.363628939e+00 9.471080000e-01 5.390740000e-02 -3.163560000e-01 9.588760000e+00
-2.814507865e-01 -1.585231340e-01 -9.463906639e-01 2.718428701e+01 -1.038419631e-01 9.854991207e-01 -1.341919749e-01 4.318989304e+00 9.539400000e-01 6.050660000e-02 -2.938310000e-01 9.534680000e+00
-2.431718950e-01 -1.534590566e-01 -9.577673507e-01 2.686765207e+01 -8.969923633e-02 9.867325169e-01 -1.353258892e-01 4.274817700e+00 9.658270000e-01 5.300360000e-02 -2.537110000e-01 9.415760000e+00
-2.911803708e-01 -1.594167842e-01 -9.432921444e-01 2.669655120e+01 -1.081338157e-01 9.851841413e-01 -1.331171368e-01 4.238571687e+00 9.505370000e-01 6.324070000e-02 -3.041040000e-01 9.381280000e+00
-4.355425131e-01 -1.536366552e-01 -8.869602012e-01 2.658015390e+01 -1.226514637e-01 9.862668682e-01 -1.106100957e-01 4.214693078e+00 8.917730000e-01 6.061160000e-02 -4.484040000e-01 9.304400000e+00
-5.443685782e-01 -1.563424518e-01 -8.241475654e-01 2.646693932e+01 -1.412523277e-01 9.855335400e-01 -9.365720848e-02 4.199684027e+00 8.268680000e-01 6.542880000e-02 -5.585770000e-01 9.141310000e+00
-5.323000632e-01 -1.671489469e-01 -8.298899535e-01 2.611743683e+01 -1.449398235e-01 9.838328597e-01 -1.051887358e-01 4.147985123e+00 8.340560000e-01 6.429210000e-02 -5.479210000e-01 8.931350000e+00
-5.296285849e-01 -1.646662190e-01 -8.320930887e-01 2.574454253e+01 -1.440369383e-01 9.841880079e-01 -1.030854158e-01 4.098123570e+00 8.359110000e-01 6.525520000e-02 -5.449720000e-01 8.749750000e+00
-4.849636112e-01 -1.556742926e-01 -8.605666552e-01 2.548196693e+01 -1.335262356e-01 9.856720076e-01 -1.030580951e-01 4.063036947e+00 8.642810000e-01 6.492880000e-02 -4.988020000e-01 8.559100000e+00
-4.725918624e-01 -1.478437451e-01 -8.687916029e-01 2.510375569e+01 -1.304333694e-01 9.867049717e-01 -9.695802152e-02 3.988064466e+00 8.715760000e-01 6.749780000e-02 -4.855930000e-01 8.388890000e+00
-4.551241803e-01 -1.524388463e-01 -8.772820063e-01 2.481499446e+01 -1.217882871e-01 9.866341999e-01 -1.082578060e-01 3.963095284e+00 8.820600000e-01 5.757190000e-02 -4.676070000e-01 8.281520000e+00
-3.452949843e-01 -1.519082174e-01 -9.261181980e-01 2.466389914e+01 -1.084647505e-01 9.866601801e-01 -1.213984915e-01 3.913312500e+00 9.322050000e-01 5.853290000e-02 -3.571650000e-01 8.228450000e+00
-2.180572721e-01 -1.483160925e-01 -9.645995492e-01 2.449187104e+01 -8.653464693e-02 9.874296785e-01 -1.322643159e-01 3.875063963e+00 9.720920000e-01 5.463010000e-02 -2.281510000e-01 8.264620000e+00
-2.080582965e-01 -1.494210028e-01 -9.666354410e-01 2.406828122e+01 -9.062750744e-02 9.869563726e-01 -1.330553757e-01 3.824423881e+00 9.739090000e-01 5.992050000e-02 -2.188860000e-01 8.179860000e+00
-2.092168140e-01 -1.548606118e-01 -9.655293433e-01 2.373740665e+01 -9.288594977e-02 9.860634882e-01 -1.380269208e-01 3.767453571e+00 9.734480000e-01 6.080650000e-02 -2.206860000e-01 8.077830000e+00
-3.489321118e-01 -1.441078222e-01 -9.260019205e-01 2.359043839e+01 -1.108658438e-01 9.875151244e-01 -1.119047189e-01 3.730553310e+00 9.305670000e-01 6.361480000e-02 -3.605520000e-01 8.035700000e+00
-4.761494773e-01 -1.554751302e-01 -8.655111347e-01 2.346247483e+01 -1.299777003e-01 9.858781066e-01 -1.055918067e-01 3.736152708e+00 8.697060000e-01 6.221970000e-02 -4.896330000e-01 7.915180000e+00
-4.949617037e-01 -1.625432718e-01 -8.535769197e-01 2.327377694e+01 -1.421795576e-01 9.842576481e-01 -1.049832065e-01 3.716394026e+00 8.572040000e-01 6.939850000e-02 -5.102800000e-01 7.790000000e+00
-5.079254247e-01 -1.601150730e-01 -8.463894481e-01 2.298662853e+01 -1.327875805e-01 9.853817801e-01 -1.067220171e-01 3.663042143e+00 8.511050000e-01 5.818320000e-02 -5.217620000e-01 7.639580000e+00
-4.140367007e-01 -1.492216360e-01 -8.979455662e-01 2.274664008e+01 -1.128977993e-01 9.872725977e-01 -1.120097644e-01 3.639587065e+00 9.032320000e-01 5.499990000e-02 -4.256140000e-01 7.529230000e+00
-2.774418726e-01 -1.571582645e-01 -9.478010051e-01 2.259121895e+01 -9.270668610e-02 9.863053506e-01 -1.364055764e-01 3.614536574e+00 9.562590000e-01 5.002290000e-02 -2.882120000e-01 7.521340000e+00
-2.603843608e-01 -1.515856883e-01 -9.535309211e-01 2.226229201e+01 -8.599260367e-02 9.873141135e-01 -1.334739523e-01 3.554525221e+00 9.616680000e-01 4.724210000e-02 -2.701170000e-01 7.452060000e+00
-2.672197135e-01 -1.655447598e-01 -9.493093440e-01 2.191120665e+01 -1.011879460e-01 9.845074780e-01 -1.431994518e-01 3.496201409e+00 9.583080000e-01 5.779300000e-02 -2.798310000e-01 7.384710000e+00
-1.699152154e-01 -1.671106282e-01 -9.711862114e-01 2.166308649e+01 -8.332021537e-02 9.844241474e-01 -1.548111510e-01 3.478787447e+00 9.819300000e-01 5.461470000e-02 -1.811920000e-01 7.336890000e+00
-1.380535581e-01 -1.609319128e-01 -9.772621753e-01 2.129611329e+01 -6.357239095e-02 9.861160721e-01 -1.534091781e-01 3.412151539e+00 9.883820000e-01 4.094830000e-02 -1.463670000e-01 7.331760000e+00
-1.320988136e-01 -1.670788455e-01 -9.770540267e-01 2.091389179e+01 -9.029089524e-02 9.836226364e-01 -1.559946295e-01 3.327736258e+00 9.871160000e-01 6.761240000e-02 -1.450210000e-01 7.331900000e+00
-1.634789971e-01 -1.689710098e-01 -9.719689671e-01 2.061484388e+01 -8.669400630e-02 9.838726798e-01 -1.564589957e-01 3.266437539e+00 9.827300000e-01 5.868610000e-02 -1.754910000e-01 7.348960000e+00
-1.645579086e-01 -1.515534133e-01 -9.746547404e-01 2.037920469e+01 -8.911445304e-02 9.863692435e-01 -1.383289529e-01 3.202462154e+00 9.823340000e-01 6.409270000e-02 -1.758210000e-01 7.298920000e+00
-2.904995250e-01 -1.589354270e-01 -9.435831991e-01 2.024573280e+01 -1.076229509e-01 9.852788683e-01 -1.328248801e-01 3.172223789e+00 9.508030000e-01 6.296570000e-02 -3.033290000e-01 7.266430000e+00
-4.606282480e-01 -1.648955696e-01 -8.721418027e-01 2.011362501e+01 -1.254297359e-01 9.848240493e-01 -1.199537619e-01 3.175003514e+00 8.786860000e-01 5.413840000e-02 -4.743210000e-01 7.208730000e+00
-6.069850804e-01 -1.688412804e-01 -7.765702569e-01 2.004947200e+01 -1.527241814e-01 9.837396220e-01 -9.451104025e-02 3.179362134e+00 7.799000000e-01 6.123430000e-02 -6.229010000e-01 7.125770000e+00
-7.257407574e-01 -1.696597436e-01 -6.667205177e-01 2.003209241e+01 -1.635797230e-01 9.838767349e-01 -7.230601295e-02 3.185088860e+00 6.682380000e-01 5.658650000e-02 -7.417920000e-01 7.025070000e+00
-7.966972274e-01 -1.890599485e-01 -5.740463330e-01 2.003514499e+01 -2.011360969e-01 9.786124082e-01 -4.315285601e-02 3.192032908e+00 5.699280000e-01 8.108170000e-02 -8.176850000e-01 6.937030000e+00
-8.649245100e-01 -1.752564201e-01 -4.703095654e-01 2.010089530e+01 -1.854742735e-01 9.823322400e-01 -2.495971236e-02 3.199168749e+00 4.663740000e-01 6.564200000e-02 -8.821490000e-01 6.834420000e+00
-8.192804314e-01 -1.638207843e-01 -5.494936954e-01 2.013392595e+01 -1.809099480e-01 9.832214279e-01 -2.339657884e-02 3.199157905e+00 5.441070000e-01 8.024050000e-02 -8.351700000e-01 6.806550000e+00
-8.173170162e-01 -1.721026458e-01 -5.498843940e-01 2.012967395e+01 -1.903466971e-01 9.814172265e-01 -2.424303001e-02 3.194255302e+00 5.438390000e-01 8.485440000e-02 -8.348890000e-01 6.818120000e+00
-8.305289313e-01 -1.657204873e-01 -5.317494136e-01 2.012528264e+01 -1.703968683e-01 9.845350070e-01 -4.069192506e-02 3.208795820e+00 5.302700000e-01 5.681260000e-02 -8.459230000e-01 6.828360000e+00
-7.879468759e-01 -1.675171999e-01 -5.925178824e-01 2.013281091e+01 -1.811751045e-01 9.827582963e-01 -3.691429434e-02 3.192084406e+00 5.884850000e-01 7.826310000e-02 -8.047110000e-01 6.830220000e+00
-7.874152026e-01 -1.556005845e-01 -5.964613169e-01 2.008583008e+01 -1.675856264e-01 9.852077611e-01 -3.577706377e-02 3.182232558e+00 5.932060000e-01 7.178690000e-02 -8.018440000e-01 6.831780000e+00
-7.165439911e-01 -1.681983063e-01 -6.769588649e-01 2.005765254e+01 -1.678059771e-01 9.835573471e-01 -6.675745493e-02 3.190731376e+00 6.770560000e-01 6.576310000e-02 -7.329870000e-01 6.851370000e+00
-5.836479103e-01 -1.683518417e-01 -7.943625837e-01 2.009561691e+01 -1.448105661e-01 9.841688197e-01 -1.021803147e-01 3.203612746e+00 7.989900000e-01 5.539480000e-02 -5.987880000e-01 6.859800000e+00
-4.277693494e-01 -1.617446875e-01 -8.892983856e-01 2.009386760e+01 -1.250922942e-01 9.849853531e-01 -1.189763952e-01 3.198868137e+00 8.951900000e-01 6.035000000e-02 -4.415790000e-01 6.892940000e+00
-2.454371921e-01 -1.540439891e-01 -9.570954111e-01 2.010127393e+01 -8.714467338e-02 9.868028495e-01 -1.364780555e-01 3.173072030e+00 9.654880000e-01 4.990890000e-02 -2.556220000e-01 6.920780000e+00
-8.105884396e-02 -1.547408736e-01 -9.846242213e-01 2.007791881e+01 -7.551559330e-02 9.859886032e-01 -1.487386480e-01 3.170390522e+00 9.938440000e-01 6.229790000e-02 -9.160850000e-02 6.942080000e+00
8.825184661e-02 -1.613917534e-01 -9.829361825e-01 2.001482702e+01 -4.267449438e-02 9.852678671e-01 -1.656061065e-01 3.169418463e+00 9.951840000e-01 5.656140000e-02 8.006440000e-02 6.960690000e+00
1.973838538e-01 -1.722973575e-01 -9.650660178e-01 1.977033966e+01 -1.617039845e-02 9.837278314e-01 -1.789362155e-01 3.149187996e+00 9.801930000e-01 5.092460000e-02 1.913860000e-01 7.000970000e+00
1.051479783e-01 -1.613966998e-01 -9.812721020e-01 1.965521964e+01 -2.737781737e-02 9.858984540e-01 -1.650912461e-01 3.112068311e+00 9.940800000e-01 4.422410000e-02 9.924610000e-02 7.029300000e+00
-5.268281898e-02 -1.621780321e-01 -9.853537268e-01 1.954299022e+01 -6.369438710e-02 9.852610784e-01 -1.587570913e-01 3.090843047e+00 9.965780000e-01 5.439770000e-02 -6.223620000e-02 7.009730000e+00
-2.248131324e-01 -1.584088049e-01 -9.614390222e-01 1.944980018e+01 -8.878904792e-02 9.859224382e-01 -1.416810625e-01 3.072105635e+00 9.703480000e-01 5.351350000e-02 -2.357130000e-01 6.982430000e+00
-3.861946726e-01 -1.672193267e-01 -9.071336788e-01 1.936552045e+01 -1.206000262e-01 9.841430398e-01 -1.300718395e-01 3.063867561e+00 9.144990000e-01 5.916730000e-02 -4.002370000e-01 6.951740000e+00
-5.164160328e-01 -1.604670214e-01 -8.411689147e-01 1.929920778e+01 -1.287255237e-01 9.856711028e-01 -1.090052298e-01 3.055004319e+00 8.466070000e-01 5.198780000e-02 -5.296730000e-01 6.882390000e+00
-5.989749862e-01 -1.604886910e-01 -7.845203562e-01 1.924075229e+01 -1.483232749e-01 9.849932974e-01 -8.825551445e-02 3.024276634e+00 7.869110000e-01 6.349970000e-02 -6.137900000e-01 6.768170000e+00
-6.708810957e-01 -1.641183193e-01 -7.231758858e-01 1.919578733e+01 -1.540142574e-01 9.847750103e-01 -8.060879891e-02 3.037889462e+00 7.253950000e-01 5.730050000e-02 -6.859430000e-01 6.641160000e+00
-6.628962242e-01 -1.706694613e-01 -7.290002481e-01 1.914714180e+01 -1.565942627e-01 9.837422095e-01 -8.791385576e-02 3.041872047e+00 7.321520000e-01 5.587950000e-02 -6.788450000e-01 6.520200000e+00
-6.516624310e-01 -1.765641430e-01 -7.376728703e-01 1.900033702e+01 -1.636094594e-01 9.823563310e-01 -9.059673822e-02 3.046430919e+00 7.406540000e-01 6.165180000e-02 -6.690520000e-01 6.390010000e+00
-5.903063116e-01 -1.670880936e-01 -7.896955551e-01 1.885951512e+01 -1.402723597e-01 9.846889593e-01 -1.034907066e-01 3.018868211e+00 7.948970000e-01 4.968130000e-02 -6.047070000e-01 6.282550000e+00
-4.705961411e-01 -1.611354326e-01 -8.675104529e-01 1.871905130e+01 -1.278685823e-01 9.852588717e-01 -1.136420187e-01 2.988077764e+00 8.730340000e-01 5.744790000e-02 -4.842630000e-01 6.240000000e+00
-3.228518395e-01 -1.534988540e-01 -9.339188770e-01 1.862540945e+01 -1.038879782e-01 9.865450447e-01 -1.262349184e-01 2.966125697e+00 9.407310000e-01 5.626780000e-02 -3.344550000e-01 6.239110000e+00
-1.812708683e-01 -1.551528838e-01 -9.711173547e-01 1.854470592e+01 -7.817521373e-02 9.866249258e-01 -1.430381854e-01 2.934874907e+00 9.803210000e-01 4.998860000e-02 -1.909750000e-01 6.258420000e+00
-1.391984814e-02 -1.506919807e-01 -9.884825341e-01 1.846614697e+01 -5.051075057e-02 9.874220378e-01 -1.498190076e-01 2.915531760e+00 9.986270000e-01 4.784350000e-02 -2.135630000e-02 6.282070000e+00
1.374640139e-01 -1.541339818e-01 -9.784411573e-01 1.836794927e+01 -3.121279518e-02 9.866536908e-01 -1.598130080e-01 2.893653892e+00 9.900150000e-01 5.250840000e-02 1.308180000e-01 6.311920000e+00
1.872517315e-01 -1.553974522e-01 -9.699430017e-01 1.812514738e+01 -1.443649257e-02 9.868658876e-01 -1.608958159e-01 2.853761853e+00 9.822060000e-01 4.413060000e-02 1.825490000e-01 6.477310000e+00
1.387074587e-01 -1.542764196e-01 -9.782427621e-01 1.774834088e+01 -1.799741539e-02 9.872354298e-01 -1.582465622e-01 2.786666676e+00 9.901700000e-01 3.955580000e-02 1.341610000e-01 6.591100000e+00
1.199445760e-01 -1.441285493e-01 -9.822624588e-01 1.725957083e+01 -3.075213313e-02 9.883919425e-01 -1.487828833e-01 2.697187126e+00 9.923040000e-01 4.805240000e-02 1.141200000e-01 6.711430000e+00
1.244438150e-01 -1.606411279e-01 -9.791362351e-01 1.687908970e+01 -3.021531646e-02 9.857362346e-01 -1.655640921e-01 2.643854636e+00 9.917670000e-01 5.018830000e-02 1.178150000e-01 6.760290000e+00
7.166891083e-02 -1.515128732e-01 -9.858535443e-01 1.664410998e+01 -3.504401504e-02 9.874022453e-01 -1.542985476e-01 2.586605132e+00 9.968130000e-01 4.560670000e-02 6.545650000e-02 6.785320000e+00
-5.989488413e-02 -1.479116176e-01 -9.871847938e-01 1.652512189e+01 -4.808826159e-02 9.882397067e-01 -1.451520108e-01 2.568158827e+00 9.970460000e-01 3.877820000e-02 -6.630340000e-02 6.745150000e+00
-1.324734377e-01 -1.547811885e-01 -9.790263496e-01 1.629840915e+01 -7.919922778e-02 9.862273047e-01 -1.452027922e-01 2.531612748e+00 9.880170000e-01 5.830270000e-02 -1.429080000e-01 6.688070000e+00
-1.720232836e-02 -1.496964571e-01 -9.885821875e-01 1.609884782e+01 -5.269534633e-02 9.874899003e-01 -1.486141751e-01 2.503724304e+00 9.984620000e-01 4.953720000e-02 -2.487540000e-02 6.703660000e+00
1.239923919e-01 -1.467923734e-01 -9.813652924e-01 1.595752667e+01 -4.203263571e-02 9.873322729e-01 -1.529956446e-01 2.476120889e+00 9.913930000e-01 6.021970000e-02 1.162510000e-01 6.758630000e+00
1.723184554e-01 -1.502013613e-01 -9.735224149e-01 1.566192205e+01 -1.647122078e-02 9.877281757e-01 -1.553087859e-01 2.436772766e+00 9.849040000e-01 4.279770000e-02 1.677300000e-01 6.835040000e+00
2.060356101e-01 -1.492230322e-01 -9.671001376e-01 1.517212178e+01 1.550893024e-03 9.883531682e-01 -1.521719663e-01 2.333232034e+00 9.785430000e-01 2.985290000e-02 2.038670000e-01 6.965760000e+00
2.243213882e-01 -1.518666686e-01 -9.626094079e-01 1.468820456e+01 2.898693876e-04 9.877933219e-01 -1.557722714e-01 2.284198863e+00 9.745150000e-01 3.466400000e-02 2.216270000e-01 7.088730000e+00
2.281168957e-01 -1.604706909e-01 -9.603180553e-01 1.423784124e+01 2.671066911e-03 9.864240890e-01 -1.641982701e-01 2.185316929e+00 9.736300000e-01 3.489130000e-02 2.254490000e-01 7.215130000e+00
9.108979717e-02 -1.490925756e-01 -9.846185899e-01 1.404827291e+01 -2.872850165e-02 9.879242650e-01 -1.522508415e-01 2.136880925e+00 9.954280000e-01 4.215510000e-02 8.570660000e-02 7.228780000e+00
1.788115676e-02 -1.533773932e-01 -9.880057453e-01 1.375637361e+01 -4.865393850e-02 9.868592796e-01 -1.540801370e-01 2.104148495e+00 9.986560000e-01 5.082550000e-02 1.018380000e-02 7.243800000e+00
3.185932597e-02 -1.515746020e-01 -9.879326033e-01 1.324220864e+01 -3.889221106e-02 9.874975020e-01 -1.527622051e-01 1.999343207e+00 9.987350000e-01 4.328970000e-02 2.556590000e-02 7.259950000e+00
2.991680537e-02 -1.567295796e-01 -9.871883322e-01 1.283519088e+01 -4.511828879e-02 9.864117769e-01 -1.579736276e-01 1.930190277e+00 9.985340000e-01 4.926630000e-02 2.243890000e-02 7.299190000e+00
3.631899462e-02 -1.590407445e-01 -9.866036386e-01 1.244617132e+01 -4.064861693e-02 9.862032487e-01 -1.604723914e-01 1.853091723e+00 9.985130000e-01 4.593230000e-02 2.935310000e-02 7.297850000e+00
8.953334214e-02 -1.500259560e-01 -9.846200878e-01 1.205517510e+01 -3.294145555e-02 9.876036347e-01 -1.534759599e-01 1.778528181e+00 9.954390000e-01 4.617600000e-02 8.348140000e-02 7.371820000e+00
1.168136426e-01 -1.548895507e-01 -9.810012383e-01 1.158112472e+01 -3.022850300e-02 9.867512664e-01 -1.593970654e-01 1.702733160e+00 9.926940000e-01 4.827400000e-02 1.105840000e-01 7.431490000e+00
2.765457652e-01 -1.567361943e-01 -9.481328697e-01 1.138349025e+01 -9.076903433e-03 9.861401388e-01 -1.656666245e-01 1.668399025e+00 9.609580000e-01 5.442050000e-02 2.712900000e-01 7.517950000e+00
3.821715862e-01 -1.634347734e-01 -9.095240091e-01 1.119746912e+01 1.437676783e-02 9.851681827e-01 -1.709866655e-01 1.631241205e+00 9.239800000e-01 5.227020000e-02 3.788530000e-01 7.626080000e+00
3.341781147e-01 -1.530794662e-01 -9.299954448e-01 1.093762925e+01 9.045365390e-03 9.871976038e-01 -1.592447843e-01 1.574079860e+00 9.424660000e-01 4.480400000e-02 3.312850000e-01 7.743990000e+00
1.710697527e-01 -1.526561603e-01 -9.733604461e-01 1.078943548e+01 -1.317430742e-02 9.874810366e-01 -1.571860840e-01 1.543665363e+00 9.851710000e-01 3.971310000e-02 1.669170000e-01 7.752970000e+00
4.313884436e-02 -1.453907692e-01 -9.884338679e-01 1.055878163e+01 -3.951163950e-02 9.883315997e-01 -1.471004460e-01 1.490798980e+00 9.982870000e-01 4.540040000e-02 3.689080000e-02 7.760020000e+00
5.279089022e-02 -1.462709715e-01 -9.878349033e-01 1.007548637e+01 -4.556397832e-02 9.878316711e-01 -1.487053435e-01 1.426030852e+00 9.975660000e-01 5.286000000e-02 4.548380000e-02 7.812860000e+00
4.397876455e-02 -1.453130415e-01 -9.884077728e-01 9.532530572e+00 -5.073297761e-02 9.877638882e-01 -1.474756500e-01 1.303357948e+00 9.977430000e-01 5.663060000e-02 3.606840000e-02 7.879070000e+00
6.720019114e-02 -1.536672521e-01 -9.858346492e-01 9.074645943e+00 -5.907887574e-02 9.857221318e-01 -1.576767483e-01 1.232500737e+00 9.959890000e-01 6.883790000e-02 5.716220000e-02 7.937660000e+00
1.019303589e-01 -1.461783322e-01 -9.839925606e-01 8.684390122e+00 -2.703085444e-02 9.883731114e-01 -1.496289307e-01 1.160046170e+00 9.944240000e-01 4.184990000e-02 9.679390000e-02 7.980760000e+00
1.054648405e-01 -1.534582290e-01 -9.825107424e-01 8.203882277e+00 -2.553644997e-02 9.872770595e-01 -1.569437835e-01 1.079657357e+00 9.940950000e-01 4.164190000e-02 1.002040000e-01 8.057060000e+00
1.098591031e-01 -1.554972920e-01 -9.817087774e-01 7.740540565e+00 -2.661925412e-02 9.868718882e-01 -1.592941735e-01 9.920599940e-01 9.935910000e-01 4.363230000e-02 1.042780000e-01 8.152740000e+00
1.233885800e-01 -1.548090199e-01 -9.802087322e-01 7.296809301e+00 -3.156657545e-02 9.866445430e-01 -1.597990731e-01 9.091137530e-01 9.918560000e-01 5.065930000e-02 1.168540000e-01 8.224450000e+00
1.231951758e-01 -1.524811818e-01 -9.805978799e-01 6.806847748e+00 -2.892145319e-02 9.871534119e-01 -1.571341172e-01 8.184243635e-01 9.919610000e-01 4.771850000e-02 1.172020000e-01 8.311350000e+00
1.514878083e-01 -1.444373963e-01 -9.778493328e-01 6.418273673e+00 -1.755714268e-02 9.887166876e-01 -1.487626603e-01 7.531068294e-01 9.883030000e-01 3.970400000e-02 1.472420000e-01 8.400580000e+00
2.514852792e-01 -1.452868099e-01 -9.568944096e-01 6.111990113e+00 -9.189481692e-04 9.886332445e-01 -1.503471470e-01 6.965201652e-01 9.678610000e-01 3.868940000e-02 2.484930000e-01 8.491560000e+00
3.872876000e-01 -1.441506444e-01 -9.106202319e-01 5.951602851e+00 9.369998661e-03 9.882655720e-01 -1.524568956e-01 6.652675617e-01 9.219110000e-01 5.051210000e-02 3.840940000e-01 8.591350000e+00
3.739420776e-01 -1.447193321e-01 -9.160918206e-01 5.613792167e+00 1.345008241e-02 9.884927550e-01 -1.506668497e-01 5.993281606e-01 9.273550000e-01 4.401920000e-02 3.715860000e-01 8.800510000e+00
3.372982235e-01 -1.513772664e-01 -9.291470937e-01 5.315764993e+00 1.608275123e-02 9.877689954e-01 -1.550897201e-01 5.509499240e-01 9.412610000e-01 3.736820000e-02 3.356070000e-01 8.928840000e+00
1.955714208e-01 -1.508305183e-01 -9.690207140e-01 5.214777342e+00 -7.056606553e-03 9.878598923e-01 -1.551869576e-01 5.263177412e-01 9.806640000e-01 3.718810000e-02 1.921330000e-01 8.946880000e+00
1.429878318e-02 -1.406857495e-01 -9.899510421e-01 5.076316048e+00 -4.461899082e-02 9.889765714e-01 -1.411916503e-01 4.971423766e-01 9.989020000e-01 4.618950000e-02 7.863900000e-03 8.946670000e+00
-1.734271827e-01 -1.470002966e-01 -9.738138904e-01 4.970545139e+00 -7.481288915e-02 9.879067178e-01 -1.358041908e-01 4.829890460e-01 9.820010000e-01 4.930180000e-02 -1.823270000e-01 8.871130000e+00
-3.045995141e-01 -1.437221188e-01 -9.415746652e-01 4.911569525e+00 -9.745019935e-02 9.880649161e-01 -1.192932417e-01 4.805600962e-01 9.474820000e-01 5.542000000e-02 -3.149700000e-01 8.779860000e+00
-3.787946889e-01 -1.571590595e-01 -9.120396199e-01 4.829332415e+00 -1.057881959e-01 9.863698816e-01 -1.260307206e-01 4.974449901e-01 9.194150000e-01 4.874330000e-02 -3.902570000e-01 8.629950000e+00
-2.769957517e-01 -1.554812009e-01 -9.482086335e-01 4.794055482e+00 -1.088317398e-01 9.855479621e-01 -1.298114211e-01 4.815762908e-01 9.546880000e-01 6.723800000e-02 -2.899140000e-01 8.658420000e+00
-1.360078702e-01 -1.457456557e-01 -9.799289207e-01 4.777646131e+00 -7.417699155e-02 9.878417447e-01 -1.366272600e-01 4.659236134e-01 9.879270000e-01 5.410570000e-02 -1.451650000e-01 8.669790000e+00
2.791424889e-02 -1.423032180e-01 -9.894294177e-01 4.768421296e+00 -4.711164443e-02 9.885283386e-01 -1.435026464e-01 4.521675335e-01 9.985000000e-01 5.061940000e-02 2.088990000e-02 8.690960000e+00
2.434789654e-01 -1.425447955e-01 -9.593748278e-01 4.757520407e+00 -6.539474913e-03 9.888778026e-01 -1.485881035e-01 4.450111992e-01 9.698840000e-01 4.245180000e-02 2.398380000e-01 8.703840000e+00
4.081104120e-01 -1.497360354e-01 -9.005694672e-01 4.734694935e+00 2.379068894e-02 9.878670854e-01 -1.534696725e-01 4.442160703e-01 9.126220000e-01 4.120740000e-02 4.067220000e-01 8.728190000e+00
5.305376263e-01 -1.490982078e-01 -8.344460147e-01 4.664634191e+00 4.786233339e-02 9.881083058e-01 -1.461237944e-01 4.351449654e-01 8.463090000e-01 3.758560000e-02 5.313650000e-01 8.794590000e+00
5.338233162e-01 -1.508115236e-01 -8.320384877e-01 4.360398280e+00 5.134238949e-02 9.879322885e-01 -1.461276126e-01 3.804242369e-01 8.440360000e-01 3.528750000e-02 5.351250000e-01 9.026620000e+00
5.164011289e-01 -1.542741035e-01 -8.423357456e-01 4.127619354e+00 5.765263306e-02 9.876700870e-01 -1.455477599e-01 3.187798506e-01 8.544040000e-01 2.659810000e-02 5.189290000e-01 9.212150000e+00
4.537863592e-01 -1.527159967e-01 -8.779264628e-01 4.070417243e+00 4.082121911e-02 9.877341325e-01 -1.507170328e-01 3.303703333e-01 8.901750000e-01 3.255530000e-02 4.544540000e-01 9.223520000e+00
3.138456205e-01 -1.616524835e-01 -9.356119588e-01 4.072756380e+00 5.614627233e-03 9.856984424e-01 -1.684230378e-01 3.364361646e-01 9.494570000e-01 4.760570000e-02 3.102650000e-01 9.194040000e+00
1.566176837e-01 -1.576701621e-01 -9.749930641e-01 4.072201179e+00 -1.003501818e-02 9.868698921e-01 -1.612030096e-01 3.316048422e-01 9.876080000e-01 3.503130000e-02 1.529790000e-01 9.192980000e+00
7.554263291e-02 -1.446727267e-01 -9.865920047e-01 3.859594252e+00 -2.885172873e-02 9.886872559e-01 -1.471892863e-01 2.781910206e-01 9.967250000e-01 3.958390000e-02 7.051400000e-02 9.210040000e+00
9.941036452e-02 -1.434182594e-01 -9.846564993e-01 3.474907584e+00 -3.560807761e-02 9.884121646e-01 -1.475601200e-01 2.020177279e-01 9.944090000e-01 4.973080000e-02 9.315160000e-02 9.246880000e+00
1.287560507e-01 -1.515914175e-01 -9.800216297e-01 3.179740186e+00 -2.722751057e-02 9.873345100e-01 -1.562997577e-01 1.695376090e-01 9.913030000e-01 4.680810000e-02 1.229970000e-01 9.287800000e+00
3.379738083e-02 -1.464082001e-01 -9.886465003e-01 3.017128563e+00 -5.398377768e-02 9.875000426e-01 -1.480838976e-01 1.311991731e-01 9.979700000e-01 5.837570000e-02 2.547130000e-02 9.290280000e+00
-2.385837092e-02 -1.543733932e-01 -9.877240144e-01 2.807832918e+00 -4.221206922e-02 9.872802207e-01 -1.532842340e-01 1.118844083e-01 9.988240000e-01 3.803680000e-02 -3.007130000e-02 9.272780000e+00
-9.715951174e-02 -1.492871711e-01 -9.840092678e-01 2.582302595e+00 -5.558019261e-02 9.879571908e-01 -1.443984351e-01 4.962663376e-02 9.937160000e-01 4.066170000e-02 -1.042870000e-01 9.280710000e+00
-2.052026438e-01 -1.482559619e-01 -9.674251040e-01 2.488662082e+00 -6.904765584e-02 9.881907292e-01 -1.367921891e-01 7.155196321e-02 9.762810000e-01 3.872840000e-02 -2.130160000e-01 9.255130000e+00
-3.290437383e-01 -1.528039234e-01 -9.318694428e-01 2.357149084e+00 -9.454106502e-02 9.871933626e-01 -1.284932669e-01 1.433259540e-02 9.395700000e-01 4.582000000e-02 -3.392760000e-01 9.219430000e+00
-4.417166390e-01 -1.523861470e-01 -8.841181441e-01 2.248348231e+00 -1.115050167e-01 9.871527881e-01 -1.144359083e-01 6.213727499e-03 8.901980000e-01 4.803540000e-02 -4.530340000e-01 9.139670000e+00
-5.157183443e-01 -1.593707274e-01 -8.418055199e-01 2.102973656e+00 -1.197190342e-01 9.863118639e-01 -1.133849553e-01 -1.028987659e-02 8.483530000e-01 4.230550000e-02 -5.277380000e-01 9.026090000e+00
-6.096705415e-01 -1.602268140e-01 -7.762919848e-01 1.992806307e+00 -1.348448842e-01 9.860466702e-01 -9.761791275e-02 -6.554181819e-02 7.811010000e-01 4.516420000e-02 -6.227690000e-01 8.940050000e+00
-7.036769868e-01 -1.715630123e-01 -6.894962863e-01 1.883434250e+00 -1.540206276e-01 9.841686317e-01 -8.769607107e-02 -3.662306705e-02 6.936260000e-01 4.448690000e-02 -7.189610000e-01 8.809430000e+00
-7.712160260e-01 -1.727757238e-01 -6.126787240e-01 1.823755235e+00 -1.637065608e-01 9.839224083e-01 -7.139919408e-02 -4.617908353e-02 6.151640000e-01 4.523530000e-02 -7.871010000e-01 8.703650000e+00
-8.408929688e-01 -1.720593091e-01 -5.131220509e-01 1.749378354e+00 -1.693546117e-01 9.841576352e-01 -5.247145754e-02 -4.244538126e-02 5.140210000e-01 4.277670000e-02 -8.567100000e-01 8.581020000e+00
-8.723905888e-01 -1.720028587e-01 -4.575476915e-01 1.666212493e+00 -1.730277000e-01 9.841030404e-01 -4.004110393e-02 -4.715241954e-02 4.571610000e-01 4.423690000e-02 -8.882830000e-01 8.354890000e+00
-9.223413214e-01 -1.769898549e-01 -3.434551837e-01 1.617607779e+00 -1.845461672e-01 9.827644503e-01 -1.084465966e-02 -8.492919068e-02 3.394550000e-01 5.338090000e-02 -9.391060000e-01 8.209200000e+00
-9.322370707e-01 -1.816035628e-01 -3.129751415e-01 1.540226934e+00 -1.863986115e-01 9.823627610e-01 -1.480250009e-02 -7.221905249e-02 3.101440000e-01 4.453870000e-02 -9.496460000e-01 8.030430000e+00
-9.519224735e-01 -1.826930326e-01 -2.458991037e-01 1.527788634e+00 -1.880869668e-01 9.821512378e-01 -1.577298813e-03 -6.458954921e-02 2.417980000e-01 4.474890000e-02 -9.692940000e-01 7.803420000e+00
-9.441612317e-01 -1.824539471e-01 -2.743545102e-01 1.436557489e+00 -1.881431144e-01 9.821256501e-01 -5.668660732e-03 -5.775733293e-02 2.704850000e-01 4.626580000e-02 -9.616120000e-01 7.431310000e+00
-9.386990166e-01 -1.801740430e-01 -2.939067236e-01 1.256618039e+00 -1.860395835e-01 9.825085135e-01 -8.122993165e-03 -7.901562330e-02 2.902300000e-01 4.705320000e-02 -9.558000000e-01 6.846880000e+00
-9.441180744e-01 -1.830611360e-01 -2.740974755e-01 1.144219035e+00 -1.885672635e-01 9.820392873e-01 -6.360863281e-03 -8.221818312e-02 2.703390000e-01 4.568050000e-02 -9.616810000e-01 6.394910000e+00
-9.752611041e-01 -1.756448729e-01 -1.342163889e-01 1.126397397e+00 -1.804949852e-01 9.832638220e-01 2.476991594e-02 -6.855461809e-02 1.276200000e-01 4.838250000e-02 -9.906420000e-01 6.153790000e+00
-9.830076114e-01 -1.820469935e-01 2.355985992e-02 1.148459573e+00 -1.803719967e-01 9.817542552e-01 6.020310204e-02 -5.394229528e-02 -3.408980000e-02 5.493060000e-02 -9.979080000e-01 6.049340000e+00
-9.672435950e-01 -1.879093308e-01 1.706735993e-01 1.237962015e+00 -1.757627330e-01 9.808567982e-01 8.382564468e-02 -5.146114033e-02 -1.831580000e-01 5.108180000e-02 -9.817550000e-01 5.961900000e+00
-9.542491652e-01 -1.856628546e-01 2.343859303e-01 1.375383101e+00 -1.693781837e-01 9.816167113e-01 8.797656117e-02 8.263107264e-05 -2.464110000e-01 4.425170000e-02 -9.681550000e-01 5.793310000e+00
-9.764326768e-01 -1.890890972e-01 1.040409004e-01 1.413724144e+00 -1.824556993e-01 9.807162671e-01 7.003998835e-02 2.646231985e-03 -1.152780000e-01 4.940650000e-02 -9.921040000e-01 5.636100000e+00
-9.810414284e-01 -1.856659534e-01 5.555339709e-02 1.468730689e+00 -1.824995248e-01 9.815213245e-01 5.752412990e-02 3.411664888e-02 -6.520710000e-02 4.629500000e-02 -9.967970000e-01 5.282750000e+00
-9.785711538e-01 -1.944350260e-01 -6.777540028e-02 1.436428761e+00 -1.970905586e-01 9.797629726e-01 3.492176794e-02 2.900405692e-02 5.961380000e-02 4.753140000e-02 -9.970890000e-01 5.126690000e+00
-9.661458963e-01 -1.905860149e-01 -1.738936733e-01 1.363482869e+00 -1.974559163e-01 9.800437753e-01 2.293723322e-02 2.246389434e-02 1.660520000e-01 5.649710000e-02 -9.844970000e-01 4.775720000e+00
-9.304115447e-01 -1.839956834e-01 -3.169860587e-01 1.282374908e+00 -1.900298297e-01 9.817043500e-01 -1.206169367e-02 1.742028895e-02 3.134050000e-01 4.901450000e-02 -9.483540000e-01 4.596160000e+00
-8.864071249e-01 -1.787062478e-01 -4.270196917e-01 1.154264193e+00 -1.860526459e-01 9.822253822e-01 -2.484978305e-02 -1.652880531e-03 4.238700000e-01 5.742110000e-02 -9.039010000e-01 4.448800000e+00
-8.779950089e-01 -1.850952599e-01 -4.414353426e-01 1.020039812e+00 -1.862535822e-01 9.816398688e-01 -4.115461265e-02 -9.415251788e-03 4.409480000e-01 4.608540000e-02 -8.963490000e-01 4.129920000e+00
-9.097351624e-01 -1.769553065e-01 -3.755902696e-01 8.858212561e-01 -1.843867216e-01 9.827168409e-01 -1.638461584e-02 -2.106756305e-02 3.719990000e-01 5.434830000e-02 -9.266410000e-01 3.882190000e+00
-9.506103615e-01 -1.780730944e-01 -2.542245071e-01 8.663621549e-01 -1.847921693e-01 9.827740073e-01 2.594414184e-03 -3.093000039e-02 2.493840000e-01 4.944500000e-02 -9.671420000e-01 3.768260000e+00
-9.706312773e-01 -1.879236491e-01 -1.501991236e-01 8.128719171e-01 -1.921604670e-01 9.812628277e-01 1.407854914e-02 -8.942222278e-03 1.447390000e-01 4.252740000e-02 -9.885560000e-01 3.493420000e+00
-9.722183893e-01 -1.911454983e-01 -1.351077295e-01 7.564043901e-01 -1.962061715e-01 9.802419656e-01 2.506433404e-02 -2.807442802e-02 1.276470000e-01 5.087700000e-02 -9.905140000e-01 3.186330000e+00
-9.759326590e-01 -1.795642966e-01 -1.237394741e-01 6.812083505e-01 -1.846644976e-01 9.823134320e-01 3.096577718e-02 -6.125575569e-03 1.159910000e-01 5.307080000e-02 -9.918310000e-01 2.827410000e+00
-9.784601442e-01 -1.852287412e-01 -9.114170934e-02 6.321661534e-01 -1.885113407e-01 9.816501751e-01 2.875758131e-02 -9.629950957e-03 8.414250000e-02 4.531940000e-02 -9.954230000e-01 2.502610000e+00
-9.803401006e-01 -1.796786186e-01 -8.153564773e-02 5.667996512e-01 -1.836026582e-01 9.820406151e-01 4.343593408e-02 -1.615495842e-02 7.226680000e-02 5.755210000e-02 -9.957230000e-01 2.172510000e+00
-9.809877602e-01 -1.859375444e-01 -5.558815587e-02 5.266618655e-01 -1.884514745e-01 9.810958403e-01 4.400090184e-02 1.520384268e-02 4.635590000e-02 5.364000000e-02 -9.974840000e-01 1.866350000e+00
-9.754584882e-01 -1.964072612e-01 -9.952428036e-02 4.580987900e-01 -2.016827010e-01 9.783723929e-01 4.595544064e-02 -1.773337476e-02 8.834590000e-02 6.490000000e-02 -9.939730000e-01 1.540560000e+00
-9.481567130e-01 -1.901084179e-01 -2.546716771e-01 3.947201584e-01 -1.981016748e-01 9.801642291e-01 5.866145755e-03 -9.310309837e-03 2.485050000e-01 5.601300000e-02 -9.670100000e-01 1.412910000e+00
-9.118629298e-01 -1.773819528e-01 -3.701916181e-01 3.153344431e-01 -1.882032760e-01 9.821046621e-01 -7.002610791e-03 -2.178261629e-02 3.648100000e-01 6.328590000e-02 -9.289290000e-01 1.253540000e+00
-9.479844167e-01 -1.885380136e-01 -2.564741429e-01 2.334869625e-01 -1.945550731e-01 9.808895959e-01 -1.948943329e-03 -2.816732150e-02 2.519400000e-01 4.805080000e-02 -9.665490000e-01 1.094320000e+00
-9.793109498e-01 -1.865039623e-01 -7.853025375e-02 2.388205319e-01 -1.903411813e-01 9.807072068e-01 4.453347979e-02 -2.471193572e-02 6.870950000e-02 5.855960000e-02 -9.959170000e-01 9.723650000e-01
-9.822209235e-01 -1.816556481e-01 4.735969728e-02 2.824764760e-01 -1.782831036e-01 9.816452773e-01 6.773496461e-02 -5.708092890e-03 -5.879490000e-02 5.808730000e-02 -9.965790000e-01 9.292210000e-01
-9.688210872e-01 -1.905906178e-01 1.583032869e-01 3.000962284e-01 -1.792014344e-01 9.802643247e-01 8.347803533e-02 -1.114769537e-03 -1.710890000e-01 5.250710000e-02 -9.838550000e-01 9.352070000e-01
-9.677676997e-01 -1.919198313e-01 1.630734892e-01 2.841876929e-01 -1.775176219e-01 9.791399458e-01 9.885497969e-02 -1.611997225e-02 -1.786440000e-01 6.672020000e-02 -9.816490000e-01 9.327190000e-01
-9.676425669e-01 -1.933445775e-01 1.621286148e-01 2.773394190e-01 -1.800591255e-01 9.792382977e-01 9.312028340e-02 -2.413952098e-03 -1.767670000e-01 6.091440000e-02 -9.823660000e-01 9.224990000e-01
-9.671961619e-01 -1.919783743e-01 1.663586873e-01 2.704071012e-01 -1.780775189e-01 9.794265578e-01 9.493169742e-02 -1.694886805e-02 -1.811600000e-01 6.219290000e-02 -9.814850000e-01 9.353670000e-01
-9.544722369e-01 -1.761370916e-01 2.407465727e-01 3.083121417e-01 -1.548284176e-01 9.823584885e-01 1.048832083e-01 -1.207261971e-02 -2.549730000e-01 6.283370000e-02 -9.649040000e-01 8.236750000e-01
-9.716098860e-01 -1.909993414e-01 1.396157239e-01 3.470336288e-01 -1.822762824e-01 9.805395117e-01 7.292071945e-02 2.272686210e-02 -1.508270000e-01 4.540190000e-02 -9.875170000e-01 6.279240000e-01
-9.811295726e-01 -1.883407792e-01 4.372637127e-02 2.885405615e-01 -1.855725576e-01 9.807641196e-01 6.053711029e-02 1.634426760e-02 -5.428680000e-02 5.128040000e-02 -9.972080000e-01 4.973580000e-01
-9.777174586e-01 -2.067150613e-01 3.655889037e-02 2.398157919e-01 -2.035186961e-01 9.760941824e-01 7.629563253e-02 -6.689145804e-04 -5.145630000e-02 6.715520000e-02 -9.964150000e-01 3.719300000e-01
-9.817395971e-01 -1.867699553e-01 3.612279053e-02 2.743831253e-01 -1.839112050e-01 9.803936259e-01 7.074127713e-02 1.345659151e-02 -4.862700000e-02 6.280610000e-02 -9.968400000e-01 3.360230000e-01
-9.809772412e-01 -1.895584028e-01 4.184820924e-02 3.080572453e-01 -1.868352891e-01 9.804636641e-01 6.150750314e-02 2.103679897e-02 -5.269000000e-02 5.251880000e-02 -9.972290000e-01 3.103530000e-01
-9.855254993e-01 -1.638857469e-01 4.336051162e-02 3.033337746e-01 -1.604041919e-01 9.842505343e-01 7.430831161e-02 5.144801237e-02 -5.485570000e-02 6.627750000e-02 -9.962920000e-01 2.151430000e-01
-9.825931253e-01 -1.796022504e-01 4.747607137e-02 2.452004712e-01 -1.770013440e-01 9.827130696e-01 5.428119455e-02 3.177026162e-02 -5.640440000e-02 4.493300000e-02 -9.973960000e-01 7.171860000e-02
-9.755878417e-01 -2.173812401e-01 -3.120791646e-02 2.706484169e-01 -2.187611915e-01 9.744366914e-01 5.115341472e-02 1.813994889e-02 1.929030000e-02 5.673170000e-02 -9.982030000e-01 1.613330000e-02
-9.729738388e-01 -1.871449774e-01 -1.352755858e-01 3.077592294e-01 -1.927412255e-01 9.808089550e-01 2.941171573e-02 2.208103851e-02 1.271750000e-01 5.468990000e-02 -9.903710000e-01 8.743970000e-03
-9.481444411e-01 -1.947933468e-01 -2.511515988e-01 3.194246278e-01 -2.051686642e-01 9.786029562e-01 1.554537812e-02 2.854220155e-02 2.427490000e-01 6.626770000e-02 -9.678230000e-01 2.978700000e-02
-9.203578441e-01 -1.874259779e-01 -3.432383670e-01 2.907738892e-01 -1.981362766e-01 9.801669888e-01 -3.939624386e-03 2.521343233e-02 3.371690000e-01 6.438210000e-02 -9.392400000e-01 -3.360890000e-03
-8.895648737e-01 -1.770458127e-01 -4.211038252e-01 2.200521736e-01 -1.769891985e-01 9.834170734e-01 -3.957758297e-02 1.610245440e-02 4.211280000e-01 3.932400000e-02 -9.061490000e-01 -1.176060000e-01
-8.339486617e-01 -1.984719379e-01 -5.149164220e-01 1.515201294e-01 -1.960354942e-01 9.787736503e-01 -5.976824220e-02 2.035032018e-02 5.158490000e-01 5.109830000e-02 -8.551540000e-01 -1.442890000e-01
-7.725118462e-01 -2.080062498e-01 -5.999650577e-01 1.434330921e-01 -2.020762611e-01 9.762377926e-01 -7.826616306e-02 8.735608359e-03 6.019880000e-01 6.077720000e-02 -7.961890000e-01 -1.262090000e-01
-6.972303674e-01 -1.781383461e-01 -6.943603879e-01 1.556962434e-01 -1.593281219e-01 9.829132059e-01 -9.217967344e-02 1.450227477e-02 6.989170000e-01 4.636070000e-02 -7.136990000e-01 -1.487530000e-01
-6.185490968e-01 -1.779638597e-01 -7.653271862e-01 1.451845318e-01 -1.328203594e-01 9.836784011e-01 -1.213902617e-01 2.293146199e-02 7.744390000e-01 2.656520000e-02 -6.320900000e-01 -1.388910000e-01
-5.295497423e-01 -1.839057531e-01 -8.281038225e-01 1.152314104e-01 -1.408416976e-01 9.817282519e-01 -1.279583018e-01 4.344589244e-03 8.365050000e-01 4.887130000e-02 -5.457760000e-01 -1.081990000e-01
-4.397519294e-01 -1.659491296e-01 -8.826540110e-01 1.418565733e-01 -1.089139346e-01 9.853812425e-01 -1.310003169e-01 -2.410987411e-02 8.914910000e-01 3.852570000e-02 -4.513980000e-01 -8.773010000e-02
-3.315526037e-01 -1.690407820e-01 -9.281689184e-01 1.571384915e-01 -8.684405968e-02 9.851081654e-01 -1.483890088e-01 8.687072834e-03 9.394310000e-01 3.140720000e-02 -3.412960000e-01 -7.302190000e-02
-2.125506346e-01 -1.693602608e-01 -9.623612807e-01 1.227389268e-01 -8.028373482e-02 9.845627428e-01 -1.555354714e-01 -5.900714965e-03 9.738460000e-01 4.420280000e-02 -2.228670000e-01 -5.518170000e-02
-1.063509640e-01 -1.790447348e-01 -9.780759078e-01 1.071411723e-01 -5.015565010e-02 9.833681040e-01 -1.745599176e-01 -3.043568651e-03 9.930630000e-01 3.049140000e-02 -1.135620000e-01 -2.823320000e-02
-8.427692181e-03 -1.879049097e-01 -9.821506483e-01 1.277883912e-01 -4.328738791e-02 9.813341775e-01 -1.873770223e-01 1.259035423e-02 9.990270000e-01 4.093560000e-02 -1.640430000e-02 -1.501230000e-02
1.015278354e-01 -1.737332502e-01 -9.795457206e-01 6.257518135e-02 -1.403585026e-02 9.842851875e-01 -1.760287273e-01 -2.329812370e-02 9.947340000e-01 3.162060000e-02 9.749380000e-02 1.873590000e-02
2.033894040e-01 -1.846234583e-01 -9.615334562e-01 2.243773174e-02 -1.030254808e-02 9.816029384e-01 -1.906561531e-01 -1.567538867e-02 9.790440000e-01 4.868370000e-02 1.977460000e-01 4.737580000e-02
3.175696348e-01 -1.714683184e-01 -9.326033149e-01 3.592617957e-02 1.616091680e-02 9.843507811e-01 -1.754794833e-01 -1.002367556e-02 9.480970000e-01 4.065520000e-02 3.153710000e-01 7.651830000e-02
4.255956736e-01 -1.745213606e-01 -8.879253478e-01 5.472046798e-02 5.425560620e-02 9.843821749e-01 -1.674746198e-01 -1.734821119e-02 9.032860000e-01 2.310150000e-02 4.284170000e-01 1.000430000e-01
5.294550147e-01 -1.617795072e-01 -8.327692094e-01 5.728017279e-02 4.940919710e-02 9.858621869e-01 -1.601072073e-01 -2.849745668e-02 8.468980000e-01 4.362310000e-02 5.299630000e-01 8.321910000e-02
6.342336435e-01 -1.713632646e-01 -7.539105998e-01 6.802097205e-02 7.849963608e-02 9.843606730e-01 -1.577057754e-01 -8.701318813e-03 7.691460000e-01 4.084070000e-02 6.377670000e-01 4.044570000e-02
7.289451539e-01 -1.593371496e-01 -6.657711064e-01 5.988190202e-02 9.538843658e-02 9.866893536e-01 -1.317020604e-01 -1.087883260e-02 6.778940000e-01 3.249670000e-02 7.344410000e-01 2.702140000e-02
8.025400176e-01 -1.690926847e-01 -5.721333911e-01 6.668005530e-02 1.168096141e-01 9.849674546e-01 -1.272542943e-01 -7.037058994e-03 5.850510000e-01 3.529600000e-02 8.102280000e-01 8.122450000e-02
8.652466605e-01 -1.758503040e-01 -4.694935308e-01 1.150973598e-01 1.388111722e-01 9.838850843e-01 -1.126972446e-01 -3.383795295e-03 4.817460000e-01 3.234000000e-02 8.757140000e-01 1.099950000e-01
9.256908178e-01 -1.644268701e-01 -3.406771831e-01 1.094045857e-01 1.417875723e-01 9.857512892e-01 -9.050371812e-02 -1.018665664e-03 3.507040000e-01 3.547460000e-02 9.358140000e-01 8.717320000e-02
9.614077193e-01 -1.680390010e-01 -2.178481113e-01 1.082108341e-01 1.571337195e-01 9.853304477e-01 -6.658016104e-02 2.964220961e-03 2.258410000e-01 2.977940000e-02 9.737090000e-01 6.836080000e-02
9.783775951e-01 -1.719606714e-01 -1.149222430e-01 1.494453050e-01 1.663529232e-01 9.844292313e-01 -5.679639914e-02 -5.327400209e-03 1.229000000e-01 3.645060000e-02 9.917490000e-01 7.515460000e-02
9.839512431e-01 -1.779752599e-01 1.283487862e-02 1.598417821e-01 1.782612436e-01 9.836293066e-01 -2.639999328e-02 3.812974083e-03 -7.926220000e-03 2.826430000e-02 9.995690000e-01 1.053320000e-01
9.716897439e-01 -1.794426677e-01 1.536885622e-01 1.491013426e-01 1.818781607e-01 9.833195850e-01 -1.819121491e-03 4.192321576e-03 -1.507990000e-01 2.972020000e-02 9.881180000e-01 9.910530000e-02
9.420365645e-01 -1.858034335e-01 2.793639459e-01 1.634646213e-01 1.859522959e-01 9.822088154e-01 2.621651767e-02 -9.166602371e-03 -2.792650000e-01 2.725140000e-02 9.598270000e-01 7.251170000e-02
9.026102204e-01 -1.825573483e-01 3.898299657e-01 1.747519210e-01 1.779879521e-01 9.828533403e-01 4.815779949e-02 7.721818454e-03 -3.919370000e-01 2.591730000e-02 9.196270000e-01 1.034620000e-01
8.951478678e-01 -1.855753902e-01 4.053045517e-01 1.644597893e-01 1.813468983e-01 9.821877174e-01 4.919182179e-02 4.608392060e-03 -4.072140000e-01 2.946670000e-02 9.128570000e-01 9.239230000e-02
9.045529427e-01 -1.791006805e-01 3.869199062e-01 1.669283883e-01 1.769272505e-01 9.833460058e-01 4.155391157e-02 7.115190349e-03 -3.879180000e-01 3.086900000e-02 9.211770000e-01 8.769820000e-02
9.486785201e-01 -1.855550233e-01 2.560846377e-01 1.516383266e-01 1.874594111e-01 9.821219299e-01 1.717884996e-02 5.600502644e-03 -2.546940000e-01 3.170830000e-02 9.665020000e-01 9.074160000e-02
9.571126570e-01 -1.832648945e-01 2.243858581e-01 1.471325811e-01 1.852004690e-01 9.826203849e-01 1.257657630e-02 9.408889544e-04 -2.227910000e-01 2.951920000e-02 9.744190000e-01 9.589230000e-02
9.578423684e-01 -1.886269636e-01 2.166991313e-01 1.731796044e-01 1.911128371e-01 9.815213654e-01 9.623330332e-03 1.474264783e-02 -2.145100000e-01 3.219630000e-02 9.761910000e-01 8.327670000e-02
9.564625050e-01 -1.852140008e-01 2.255553016e-01 1.527482229e-01 1.872220605e-01 9.822360891e-01 1.264907580e-02 -4.042087214e-03 -2.238910000e-01 3.013060000e-02 9.741480000e-01 8.665170000e-02
9.577134101e-01 -1.855754215e-01 2.198784616e-01 1.666969970e-01 1.871834238e-01 9.822291256e-01 1.368783284e-02 -2.199832912e-04 -2.185110000e-01 2.804860000e-02 9.754310000e-01 8.117070000e-02
9.578020237e-01 -1.826498204e-01 2.219337223e-01 1.666489950e-01 1.849128776e-01 9.826967586e-01 1.072098514e-02 -5.500314775e-04 -2.200510000e-01 3.076980000e-02 9.750030000e-01 8.895160000e-02
